I	i	NOUN	O	O	O
-	-	PUNCT	O	O	O
-	-	PUNCT	O	O	O
-	-	PUNCT	O	O	O
Vous	vous	PRON	O	O	O
êtes	être	AUX	O	O	O
parfaitement	parfaitement	ADV	O	O	O
ridicule	ridicule	ADJ	O	O	O
,	,	PUNCT	O	O	O
monsieur	monsieur	NOUN	O	O	O
Pharamond	pharamond	PROPN	O	O	O
,	,	PUNCT	O	O	O
d	d	ADP	O	O	O
'	'	ADP	O	O	O
m	m	PRON	O	O	O
'	'	PRON	O	O	O
amener	amener	VERB	O	O	O
constamment	constamment	ADV	O	O	O
à	à	ADP	O	O	O
déjeuner	déjeuner	VERB	O	O	O
des	un	DET	O	O	O
gens	gens	NOUN	O	O	O
que	que	PRON	O	O	O
je	je	PRON	O	O	O
ne	ne	ADV	O	O	O
connais	connaître	VERB	O	O	O
pas	pas	ADV	O	O	O
.	.	PUNCT	O	O	O

-	-	PUNCT	O	O	O
-	-	PUNCT	O	O	O
-	-	PUNCT	O	O	O
Par	par	ADP	O	O	O
exemple	exemple	NOUN	O	O	O
!	!	PUNCT	O	O	O

Tu	tu	PRON	O	O	O
ne	ne	ADV	O	O	O
connais	connaître	VERB	O	O	O
pas	pas	ADV	O	O	O
Bo	bo	PROPN	O	O	O
-	-	PROPN	O	O	O
nivar	nivar	PROPN	O	O	O
?	?	PUNCT	O	O	O

un	un	DET	O	O	O
camarade	camarade	NOUN	O	O	O
dont	dont	PRON	O	O	O
je	je	PRON	O	O	O
t	t	PRON	O	O	O
'	'	PRON	O	O	O
ai	avoir	AUX	O	O	O
parlé	parler	VERB	O	O	O
cent	cent	NUM	O	O	O
fois	fois	NOUN	O	O	O
!	!	PUNCT	O	O	O

un	un	DET	O	O	O
ancien	ancien	ADJ	O	O	O
frère	frère	NOUN	O	O	O
d	d	ADP	O	O	O
'	'	ADP	O	O	O
armes	arme	NOUN	O	O	O
!	!	PUNCT	O	O	O

mon	mon	DET	O	O	O
alter	alter	NOUN	O	O	O
ego	ego	NOUN	O	O	O
!	!	PUNCT	O	O	O

...	...	PUNCT	O	O	O
-	-	PUNCT	O	O	O
-	-	PUNCT	O	O	O
-	-	PUNCT	O	O	O
Que	que	SCONJ	O	O	O
je	je	PRON	O	O	O
n	ne	ADV	O	O	O
'	'	ADV	O	O	O
ai	avoir	AUX	O	O	O
jamais	jamais	ADV	O	O	O
vu	voir	VERB	O	O	O
de	de	ADP	O	O	O
ma	mon	DET	O	O	O
vie	vie	NOUN	O	O	O
.	.	PUNCT	O	O	O

-	-	PUNCT	O	O	O
-	-	PUNCT	O	O	O
-	-	PUNCT	O	O	O
Tiens	tenir	VERB	O	O	O
!	!	PUNCT	O	O	O

Parbleu	parbleu	PROPN	O	O	O
!	!	PUNCT	O	O	O

Il	il	PRON	O	O	O
est	être	VERB	O	O	O
depuis	depuis	ADP	O	O	O
dix	dix	NUM	O	O	O
ans	an	NOUN	O	O	O
en	en	ADP	O	O	O
province	province	NOUN	O	O	O
-	-	PUNCT	O	O	O
-	-	PUNCT	O	O	O
-	-	PUNCT	O	O	O
sous	sou	NOUN	O	O	O
-	-	NOUN	O	O	O
préfet	préfet	NOUN	O	O	O
à	à	ADP	O	O	O
Soisy	soisy	PROPN	O	O	O
-	-	PUNCT	O	O	O
-	-	PUNCT	O	O	O
-	-	PUNCT	O	O	O
le	le	DET	O	O	O
seul	seul	ADJ	O	O	O
des	de	ADP	O	O	O
sous	sou	NOUN	O	O	O
-	-	NOUN	O	O	O
préfets	préfet	NOUN	O	O	O
du	de	ADP	O	O	O
4	4	NUM	O	O	O
Septembre	septembre	NOUN	O	O	O
qui	qui	PRON	O	O	O
ait	avoir	AUX	O	O	O
résisté	résister	VERB	O	O	O
à	à	ADP	O	O	O
tous	tout	ADJ	O	O	O
les	le	DET	O	O	O
orages	orage	NOUN	O	O	O
.	.	PUNCT	O	O	O

-	-	PUNCT	O	O	O
-	-	PUNCT	O	O	O
-	-	PUNCT	O	O	O
Une	un	DET	O	O	O
girouette	girouette	NOUN	O	O	O
!	!	PUNCT	O	O	O

-	-	PUNCT	O	O	O
-	-	PUNCT	O	O	O
-	-	PUNCT	O	O	O
Non	non	ADV	O	O	O
!	!	PUNCT	O	O	O

un	un	DET	O	O	O
garçon	garçon	NOUN	O	O	O
qui	qui	PRON	O	O	O
a	avoir	VERB	O	O	O
toutes	tout	ADJ	O	O	O
les	le	DET	O	O	O
convictions	conviction	NOUN	O	O	O
honnêtes	honnête	ADJ	O	O	O
.	.	PUNCT	O	O	O

-	-	PUNCT	O	O	O
-	-	PUNCT	O	O	O
-	-	PUNCT	O	O	O
C	c	PRON	O	O	O
'	'	PRON	O	O	O
est	être	AUX	O	O	O
d	d	ADP	O	O	O
'	'	ADP	O	O	O
autant	autant	ADV	O	O	O
plus	plus	ADV	O	O	O
stupide	stupide	ADJ	O	O	O
à	à	ADP	O	O	O
vous	vous	PRON	O	O	O
que	que	PRON	O	O	O
j	j	PRON	O	O	O
'	'	PUNCT	O	O	O
ai	avoir	VERB	O	O	O
à	à	ADP	O	O	O
sortir	sortir	VERB	O	O	O
à	à	ADP	O	O	O
une	un	DET	O	O	O
heure	heure	NOUN	O	O	O
.	.	PUNCT	O	O	O

-	-	PUNCT	O	O	O
-	-	PUNCT	O	O	O
-	-	PUNCT	O	O	O
Pardon	pardon	NOUN	O	O	O
!	!	PUNCT	O	O	O

Césarine	césarine	PROPN	O	O	O
;	;	PUNCT	O	O	O
mais	mais	CCONJ	O	O	O
il	il	PRON	O	O	O
me	me	PRON	O	O	O
semble	sembler	VERB	O	O	O
que	que	SCONJ	O	O	O
vous	vous	PRON	O	O	O
sortez	sortir	VERB	O	O	O
beaucoup	beaucoup	ADV	O	O	O
.	.	PUNCT	O	O	O

-	-	PUNCT	O	O	O
-	-	PUNCT	O	O	O
-	-	PUNCT	O	O	O
Est	être	AUX	O	O	O
-	-	PRON	O	O	O
ce	ce	PRON	O	O	O
que	que	SCONJ	O	O	O
,	,	PUNCT	O	O	O
par	par	ADP	O	O	O
hasard	hasard	NOUN	O	O	O
,	,	PUNCT	O	O	O
monsieur	monsieur	NOUN	O	O	O
Pharamond	pharamond	PROPN	O	O	O
,	,	PUNCT	O	O	O
vous	vous	PRON	O	O	O
seriez	être	VERB	O	O	O
jaloux	jaloux	ADJ	O	O	O
?	?	PUNCT	O	O	O

-	-	PUNCT	O	O	O
-	-	PUNCT	O	O	O
-	-	PUNCT	O	O	O
Par	par	ADP	O	O	O
exemple	exemple	NOUN	O	O	O
,	,	PUNCT	O	O	O
bobonne	bobonne	NOUN	O	O	O
!	!	PUNCT	O	O	O

je	je	PRON	O	O	O
te	te	PRON	O	O	O
connais	connaître	VERB	O	O	O
trop	trop	ADV	O	O	O
!	!	PUNCT	O	O	O

Seulement	seulement	ADV	O	O	O
,	,	PUNCT	O	O	O
depuis	depuis	ADP	O	O	O
un	un	DET	O	O	O
mois	mois	NOUN	O	O	O
,	,	PUNCT	O	O	O
tu	tu	PRON	O	O	O
me	me	PRON	O	O	O
quittes	quitter	VERB	O	O	O
bien	bien	ADV	O	O	O
souvent	souvent	ADV	O	O	O
à	à	ADP	O	O	O
une	un	DET	O	O	O
heure	heure	NOUN	O	O	O
.	.	PUNCT	O	O	O

-	-	PUNCT	O	O	O
-	-	PUNCT	O	O	O
-	-	PUNCT	O	O	O
Vous	vous	PRON	O	O	O
n	ne	ADV	O	O	O
'	'	ADV	O	O	O
avez	avoir	AUX	O	O	O
pas	pas	ADV	O	O	O
deviné	deviner	VERB	O	O	O
pourquoi	pourquoi	ADV	O	O	O
?	?	PUNCT	O	O	O

-	-	PUNCT	O	O	O
-	-	PUNCT	O	O	O
-	-	PUNCT	O	O	O
Eh	eh	INTJ	O	O	O
bien	bien	ADV	O	O	O
,	,	PUNCT	O	O	O
non	non	ADV	O	O	O
.	.	PUNCT	O	O	O

-	-	PUNCT	O	O	O
-	-	PUNCT	O	O	O
-	-	PUNCT	O	O	O
Monsieur	monsieur	NOUN	O	O	O
Pharamond	pharamond	PROPN	O	O	O
,	,	PUNCT	O	O	O
vous	vous	PRON	O	O	O
êtes	être	AUX	O	O	O
une	un	DET	O	O	O
bête	bête	NOUN	O	O	O
.	.	PUNCT	O	O	O

-	-	PUNCT	O	O	O
-	-	PUNCT	O	O	O
-	-	PUNCT	O	O	O
Allons	aller	VERB	O	O	O
!	!	PUNCT	O	O	O

les	le	DET	O	O	O
gros	gros	ADJ	O	O	O
mots	mot	NOUN	O	O	O
,	,	PUNCT	O	O	O
tout	tout	ADV	O	O	O
de	de	ADP	O	O	O
suite	suite	ADV	O	O	O
.	.	PUNCT	O	O	O

Le	le	DET	O	O	O
diable	diable	NOUN	O	O	O
emporte	emporter	VERB	O	O	O
ce	ce	DET	O	O	O
Bonivar	bonivar	PROPN	O	O	O
qui	qui	PRON	O	O	O
me	me	PRON	O	O	O
vaut	valoir	VERB	O	O	O
d	d	ADP	O	O	O
'	'	ADP	O	O	O
être	être	AUX	O	O	O
rabroué	rabrouer	VERB	O	O	O
comme	comme	ADP	O	O	O
ça	cela	PRON	O	O	O
,	,	PUNCT	O	O	O
et	et	CCONJ	O	O	O
qu	que	PRON	O	O	O
'	'	PUNCT	O	O	O
après	après	ADP	O	O	O
tout	tout	ADV	O	O	O
j	j	PRON	O	O	O
'	'	PUNCT	O	O	O
avais	avoir	AUX	O	O	O
parfaitement	parfaitement	ADV	O	O	O
oublié	oublier	VERB	O	O	O
!	!	PUNCT	O	O	O

-	-	PUNCT	O	O	O
-	-	PUNCT	O	O	O
-	-	PUNCT	O	O	O
Tenez	tenir	VERB	O	O	O
,	,	PUNCT	O	O	O
vous	vous	PRON	O	O	O
êtes	être	AUX	O	O	O
aussi	aussi	ADV	O	O	O
girouette	girouette	NOUN	O	O	O
que	que	SCONJ	O	O	O
lui	luire	PRON	O	O	O
.	.	PUNCT	O	O	O

Vous	vous	PRON	O	O	O
,	,	PUNCT	O	O	O
vous	vous	PRON	O	O	O
seriez	être	VERB	O	O	O
sous	sou	ADP	O	O	O
-	-	NOUN	O	O	O
préfet	préfet	NOUN	O	O	O
depuis	depuis	ADP	O	O	O
1830	1830	NUM	O	O	O
!	!	PUNCT	O	O	O

-	-	PUNCT	O	O	O
-	-	PUNCT	O	O	O
-	-	PUNCT	O	O	O
Je	je	PRON	O	O	O
n	ne	ADV	O	O	O
'	'	ADV	O	O	O
ai	avoir	VERB	O	O	O
pas	pas	ADV	O	O	O
l	l	DET	O	O	O
'	'	DET	O	O	O
âge	âge	NOUN	O	O	O
pour	pour	ADP	O	O	O
ça	cela	PRON	O	O	O
.	.	PUNCT	O	O	O

Voyons	voir	VERB	O	O	O
,	,	PUNCT	O	O	O
calme	calme	ADJ	O	O	O
-	-	PRON	O	O	O
toi	toi	PRON	O	O	O
.	.	PUNCT	O	O	O

Si	si	PRON	O	O	O
!	!	PUNCT	O	O	O

j	j	PRON	O	O	O
'	'	PRON	O	O	O
ai	avoir	AUX	O	O	O
deviné	deviner	VERB	O	O	O
.	.	PUNCT	O	O	O

(	(	PUNCT	O	O	O
A	à	ADP	O	O	O
part	part	NOUN	O	O	O
:)	:)	PUNCT	O	O	O
Sans	sans	ADP	O	O	O
doute	doute	NOUN	O	O	O
,	,	PUNCT	O	O	O
ma	mon	DET	O	O	O
fête	fête	NOUN	O	O	O
qui	qui	PRON	O	O	O
tombe	tombe	VERB	O	O	O
dans	dans	ADP	O	O	O
six	six	NUM	O	O	O
mois	mois	NOUN	O	O	O
...	...	PUNCT	O	O	O
une	un	DET	O	O	O
surprise	surprise	NOUN	O	O	O
(	(	PUNCT	O	O	O
Haut	haut	NOUN	O	O	O
:)	:)	PUNCT	O	O	O
Et	et	CCONJ	O	O	O
je	je	PRON	O	O	O
te	te	PRON	O	O	O
remercie	remercier	VERB	O	O	O
.	.	PUNCT	O	O	O

-	-	PUNCT	O	O	O
-	-	PUNCT	O	O	O
-	-	PUNCT	O	O	O
Bah	bah	PROPN	O	O	O
!	!	PUNCT	O	O	O

-	-	PUNCT	O	O	O
-	-	PUNCT	O	O	O
-	-	PUNCT	O	O	O
C	c	PRON	O	O	O
'	'	PRON	O	O	O
est	être	AUX	O	O	O
tout	tout	ADV	O	O	O
à	à	ADP	O	O	O
fait	fait	NOUN	O	O	O
gentil	gentil	ADJ	O	O	O
à	à	ADP	O	O	O
toi	toi	PRON	O	O	O
.	.	PUNCT	O	O	O

-	-	PUNCT	O	O	O
-	-	PUNCT	O	O	O
-	-	PUNCT	O	O	O
Vous	vous	PRON	O	O	O
trouvez	trouver	VERB	O	O	O
?	?	PUNCT	O	O	O

-	-	PUNCT	O	O	O
-	-	PUNCT	O	O	O
-	-	PUNCT	O	O	O
Et	et	CCONJ	O	O	O
,	,	PUNCT	O	O	O
comme	comme	SCONJ	O	O	O
je	je	PRON	O	O	O
te	te	PRON	O	O	O
connais	connaître	VERB	O	O	O
,	,	PUNCT	O	O	O
je	je	PRON	O	O	O
sais	savoir	VERB	O	O	O
que	que	SCONJ	O	O	O
c	c	PRON	O	O	O
'	'	PRON	O	O	O
est	être	AUX	O	O	O
un	un	DET	O	O	O
plaisir	plaisir	NOUN	O	O	O
pour	pour	ADP	O	O	O
toi	toi	PRON	O	O	O
-	-	PRON	O	O	O
même	même	PRON	O	O	O
.	.	PUNCT	O	O	O

-	-	PUNCT	O	O	O
-	-	PUNCT	O	O	O
-	-	PUNCT	O	O	O
Vous	vous	PRON	O	O	O
ne	ne	ADV	O	O	O
vous	vous	PRON	O	O	O
trompez	tromper	VERB	O	O	O
pas	pas	ADV	O	O	O
.	.	PUNCT	O	O	O

-	-	PUNCT	O	O	O
-	-	PUNCT	O	O	O
-	-	PUNCT	O	O	O
Non	non	ADV	O	O	O
!	!	PUNCT	O	O	O

c	c	PRON	O	O	O
'	'	PRON	O	O	O
est	être	AUX	O	O	O
moi	moi	PRON	O	O	O
,	,	PUNCT	O	O	O
peut	pouvoir	ADV	O	O	O
-	-	PRON	O	O	O
être	être	ADV	O	O	O
.	.	PUNCT	O	O	O

-	-	PUNCT	O	O	O
-	-	PUNCT	O	O	O
-	-	PUNCT	O	O	O
Vous	vous	PRON	O	O	O
voulez	vouloir	VERB	O	O	O
dire	dire	VERB	O	O	O
?	?	PUNCT	O	O	O

-	-	PUNCT	O	O	O
-	-	PUNCT	O	O	O
-	-	PUNCT	O	O	O
Que	que	SCONJ	O	O	O
je	je	PRON	O	O	O
ne	ne	ADV	O	O	O
suis	être	AUX	O	O	O
pas	pas	ADV	O	O	O
sûr	sûr	ADJ	O	O	O
cependant	cependant	ADV	O	O	O
d	d	ADP	O	O	O
'	'	ADP	O	O	O
avoir	avoir	AUX	O	O	O
deviné	deviner	VERB	O	O	O
.	.	PUNCT	O	O	O

-	-	PUNCT	O	O	O
-	-	PUNCT	O	O	O
-	-	PUNCT	O	O	O
Eh	eh	INTJ	O	O	O
bien	bien	ADV	O	O	O
!	!	PUNCT	O	O	O

tant	tant	ADV	O	O	O
mieux	mieux	ADV	O	O	O
.	.	PUNCT	O	O	O

Ainsi	ainsi	ADV	O	O	O
causaient	causer	VERB	O	O	O
,	,	PUNCT	O	O	O
sur	sur	ADP	O	O	O
l	l	DET	O	O	O
'	'	DET	O	O	O
oreiller	oreiller	NOUN	O	O	O
,	,	PUNCT	O	O	O
M.	m.	NOUN	O	O	O
et	et	CCONJ	O	O	O
Mme	mme	NOUN	O	O	O
Pharamond	pharamond	PROPN	O	O	O
,	,	PUNCT	O	O	O
il	il	PRON	O	O	O
y	y	PRON	O	O	O
a	avoir	VERB	O	O	O
juste	juste	ADV	O	O	O
trois	trois	NUM	O	O	O
jours	jour	NOUN	O	O	O
de	de	ADP	O	O	O
cela	celer	PRON	O	O	O
.	.	PUNCT	O	O	O

Car	car	CCONJ	O	O	O
moi	moi	PRON	O	O	O
,	,	PUNCT	O	O	O
je	je	PRON	O	O	O
ne	ne	ADV	O	O	O
raconte	raconter	VERB	O	O	O
que	que	ADV	O	O	O
des	un	DET	O	O	O
histoires	histoire	NOUN	O	O	O
actuelles	actuel	ADJ	O	O	O
.	.	PUNCT	O	O	O

Les	le	DET	O	O	O
plus	plus	ADV	O	O	O
vieilles	vieux	ADJ	O	O	O
sont	être	VERB	O	O	O
d	d	ADP	O	O	O
'	'	ADP	O	O	O
avant	avant	ADP	O	O	O
-	-	PRON	O	O	O
hier	hier	ADV	O	O	O
;	;	PUNCT	O	O	O
quelques	quelque	DET	O	O	O
-	-	PRON	O	O	O
unes	un	PRON	O	O	O
même	même	ADV	O	O	O
sont	être	VERB	O	O	O
d	d	ADP	O	O	O
'	'	ADP	O	O	O
après	après	ADP	O	O	O
-	-	PRON	O	O	O
demain	demain	ADV	O	O	O
.	.	PUNCT	O	O	O

II	ii	NOUN	O	O	O
Le	le	DET	O	O	O
déjeuner	déjeuner	NOUN	O	O	O
fut	être	AUX	O	O	O
froid	froid	ADJ	O	O	O
.	.	PUNCT	O	O	O

Je	je	PRON	O	O	O
ne	ne	ADV	O	O	O
parle	parler	VERB	O	O	O
pas	pas	ADV	O	O	O
des	de	ADP	O	O	O
plats	plat	NOUN	O	O	O
,	,	PUNCT	O	O	O
mais	mais	CCONJ	O	O	O
de	de	ADP	O	O	O
l	l	DET	O	O	O
'	'	DET	O	O	O
accueil	accueil	NOUN	O	O	O
que	que	PRON	O	O	O
fit	faire	VERB	O	O	O
Mme	mme	NOUN	O	O	O
Pharamond	pharamond	PROPN	O	O	O
à	à	ADP	O	O	O
Bonivar	bonivar	PROPN	O	O	O
.	.	PUNCT	O	O	O

Heureusement	heureusement	ADV	O	O	O
que	que	SCONJ	O	O	O
Bonivar	bonivar	PROPN	O	O	O
n	ne	ADV	O	O	O
'	'	ADV	O	O	O
était	être	AUX	O	O	O
pas	pas	ADV	O	O	O
susceptible	susceptible	ADJ	O	O	O
.	.	PUNCT	O	O	O

Il	il	PRON	O	O	O
fit	faire	VERB	O	O	O
semblant	semblant	NOUN	O	O	O
de	de	ADP	O	O	O
ne	ne	ADV	O	O	O
pas	pas	ADV	O	O	O
s	s	PRON	O	O	O
'	'	PRON	O	O	O
en	en	PRON	O	O	O
apercevoir	apercevoir	VERB	O	O	O
.	.	PUNCT	O	O	O

Il	il	PRON	O	O	O
fut	être	AUX	O	O	O
gracieux	gracieux	ADJ	O	O	O
au	au	ADP	O	O	O
possible	possible	NOUN	O	O	O
.	.	PUNCT	O	O	O

Il	il	PRON	O	O	O
eut	avoir	VERB	O	O	O
même	même	ADV	O	O	O
des	un	DET	O	O	O
mots	mot	NOUN	O	O	O
d	d	ADP	O	O	O
'	'	ADP	O	O	O
esprit	esprit	NOUN	O	O	O
,	,	PUNCT	O	O	O
mais	mais	CCONJ	O	O	O
ma	mon	DET	O	O	O
femme	femme	NOUN	O	O	O
l	l	PRON	O	O	O
'	'	PRON	O	O	O
a	avoir	AUX	O	O	O
empêché	empêcher	VERB	O	O	O
de	de	ADP	O	O	O
les	le	PRON	O	O	O
dire	dire	VERB	O	O	O
.	.	PUNCT	O	O	O

Quand	quand	SCONJ	O	O	O
Pharamond	pharamond	PROPN	O	O	O
lui	luire	PRON	O	O	O
présenta	présenter	VERB	O	O	O
sa	son	DET	O	O	O
petite	petit	ADJ	O	O	O
-	-	NOUN	O	O	O
fille	fille	NOUN	O	O	O
:	:	PUNCT	O	O	O
-	-	PUNCT	O	O	O
-	-	PUNCT	O	O	O
-	-	PUNCT	O	O	O
Voilà	voilà	VERB	O	O	O
,	,	PUNCT	O	O	O
dit	dire	VERB	O	O	O
-	-	PRON	O	O	O
il	il	PRON	O	O	O
,	,	PUNCT	O	O	O
en	en	ADP	O	O	O
regardant	regarder	VERB	O	O	O
Césarine	césarine	PROPN	O	O	O
,	,	PUNCT	O	O	O
une	un	DET	O	O	O
enfant	enfant	NOUN	O	O	O
dont	dont	PRON	O	O	O
j	j	PRON	O	O	O
'	'	PUNCT	O	O	O
eusse	avoir	VERB	O	O	O
aimé	aimer	VERB	O	O	O
à	à	ADP	O	O	O
être	être	AUX	O	O	O
le	le	DET	O	O	O
père	père	NOUN	O	O	O
.	.	PUNCT	O	O	O

-	-	PUNCT	O	O	O
-	-	PUNCT	O	O	O
-	-	PUNCT	O	O	O
Tu	tu	PRON	O	O	O
ne	ne	ADV	O	O	O
serais	être	AUX	O	O	O
pas	pas	ADV	O	O	O
le	le	DET	O	O	O
seul	seul	ADJ	O	O	O
,	,	PUNCT	O	O	O
répondit	répondre	VERB	O	O	O
Pharamond	pharamond	PROPN	O	O	O
.	.	PUNCT	O	O	O

Bref	bref	ADV	O	O	O
,	,	PUNCT	O	O	O
si	si	SCONJ	O	O	O
Césarine	césarine	PROPN	O	O	O
ne	ne	ADV	O	O	O
fit	faire	VERB	O	O	O
aucuns	aucun	DET	O	O	O
frais	frais	NOUN	O	O	O
,	,	PUNCT	O	O	O
Bo	bo	PROPN	O	O	O
-	-	PROPN	O	O	O
nivar	nivar	PROPN	O	O	O
en	en	PRON	O	O	O
fit	faire	VERB	O	O	O
énormément	énormément	ADV	O	O	O
.	.	PUNCT	O	O	O

Il	il	PRON	O	O	O
trouva	trouver	VERB	O	O	O
tout	tout	ADV	O	O	O
exquis	exquis	ADJ	O	O	O
et	et	CCONJ	O	O	O
redemanda	redemander	VERB	O	O	O
deux	deux	NUM	O	O	O
fois	fois	NOUN	O	O	O
d	d	ADP	O	O	O
'	'	ADP	O	O	O
un	un	DET	O	O	O
poulet	poulet	NOUN	O	O	O
en	en	ADP	O	O	O
daube	daube	NOUN	O	O	O
qui	qui	PRON	O	O	O
sentait	sentir	VERB	O	O	O
horriblement	horriblement	ADV	O	O	O
le	le	DET	O	O	O
brûlé	brûlé	NOUN	O	O	O
.	.	PUNCT	O	O	O

Pour	pour	ADP	O	O	O
tant	tant	ADV	O	O	O
de	de	ADP	O	O	O
dévouement	dévouement	NOUN	O	O	O
il	il	PRON	O	O	O
n	ne	ADV	O	O	O
'	'	ADV	O	O	O
obtint	obtenir	VERB	O	O	O
que	que	ADV	O	O	O
des	un	DET	O	O	O
sarcasmes	sarcasme	NOUN	O	O	O
.	.	PUNCT	O	O	O

-	-	PUNCT	O	O	O
-	-	PUNCT	O	O	O
-	-	PUNCT	O	O	O
Soisy	soisy	PROPN	O	O	O
n	ne	ADV	O	O	O
'	'	ADV	O	O	O
est	être	VERB	O	O	O
-	-	PRON	O	O	O
il	il	PRON	O	O	O
pas	pas	ADV	O	O	O
célèbre	célèbre	ADJ	O	O	O
par	par	ADP	O	O	O
ses	son	DET	O	O	O
cornichons	cornichon	NOUN	O	O	O
?	?	PUNCT	O	O	O

Voilà	voilà	VERB	O	O	O
tout	tout	ADJ	O	O	O
ce	ce	PRON	O	O	O
que	que	PRON	O	O	O
Mme	mme	NOUN	O	O	O
Pharamond	pharamond	PROPN	O	O	O
trouva	trouver	VERB	O	O	O
de	de	ADP	O	O	O
gracieux	gracieux	ADJ	O	O	O
à	à	ADP	O	O	O
lui	luire	PRON	O	O	O
demander	demander	VERB	O	O	O
sur	sur	ADP	O	O	O
sa	son	DET	O	O	O
résidence	résidence	NOUN	O	O	O
.	.	PUNCT	O	O	O

Il	il	PRON	O	O	O
répondit	répondre	VERB	O	O	O
que	que	SCONJ	O	O	O
oui	oui	ADV	O	O	O
,	,	PUNCT	O	O	O
bien	bien	ADV	O	O	O
qu	qu	SCONJ	O	O	O
'	'	SCONJ	O	O	O
il	il	PRON	O	O	O
n	ne	ADV	O	O	O
'	'	ADV	O	O	O
en	en	PRON	O	O	O
sût	savoir	VERB	O	O	O
absolument	absolument	ADV	O	O	O
rien	rien	PRON	O	O	O
.	.	PUNCT	O	O	O

Car	car	CCONJ	O	O	O
il	il	PRON	O	O	O
n	ne	ADV	O	O	O
'	'	ADV	O	O	O
est	être	VERB	O	O	O
rien	rien	PRON	O	O	O
de	de	ADP	O	O	O
tel	tel	ADJ	O	O	O
que	que	SCONJ	O	O	O
d	d	ADP	O	O	O
'	'	ADP	O	O	O
habiter	habiter	VERB	O	O	O
un	un	DET	O	O	O
pays	pays	NOUN	O	O	O
pour	pour	ADP	O	O	O
en	en	PRON	O	O	O
ignorer	ignorer	VERB	O	O	O
les	le	DET	O	O	O
spécialités	spécialité	NOUN	O	O	O
.	.	PUNCT	O	O	O

Il	il	PRON	O	O	O
y	y	PRON	O	O	O
a	avoir	VERB	O	O	O
un	un	DET	O	O	O
demi	demi	NOUN	O	O	O
-	-	NOUN	O	O	O
million	million	NOUN	O	O	O
de	de	ADP	O	O	O
Parisiens	parisien	NOUN	O	O	O
qui	qui	PRON	O	O	O
n	ne	ADV	O	O	O
'	'	ADV	O	O	O
ont	avoir	AUX	O	O	O
jamais	jamais	ADV	O	O	O
vu	voir	VERB	O	O	O
le	le	DET	O	O	O
musée	musée	NOUN	O	O	O
du	de	ADP	O	O	O
Louvre	louvre	PROPN	O	O	O
.	.	PUNCT	O	O	O

À	à	ADP	O	O	O
midi	midi	NOUN	O	O	O
trois	trois	NUM	O	O	O
quarts	quart	NOUN	O	O	O
,	,	PUNCT	O	O	O
Césarine	césarine	PROPN	O	O	O
se	se	PRON	O	O	O
leva	lever	VERB	O	O	O
après	après	ADP	O	O	O
avoir	avoir	AUX	O	O	O
vingt	vingt	NUM	O	O	O
fois	fois	NOUN	O	O	O
consulté	consulter	VERB	O	O	O
sa	son	DET	O	O	O
montre	montre	NOUN	O	O	O
,	,	PUNCT	O	O	O
s	s	PRON	O	O	O
'	'	PRON	O	O	O
excusa	excuser	VERB	O	O	O
vaguement	vaguement	ADV	O	O	O
et	et	CCONJ	O	O	O
disparut	disparaître	VERB	O	O	O
.	.	PUNCT	O	O	O

III	iii	NOUN	O	O	O
-	-	PUNCT	O	O	O
-	-	PUNCT	O	O	O
-	-	PUNCT	O	O	O
Tu	tu	PRON	O	O	O
as	avoir	VERB	O	O	O
une	un	DET	O	O	O
femme	femme	NOUN	O	O	O
ravissante	ravissant	ADJ	O	O	O
!	!	PUNCT	O	O	O

dit	dire	VERB	O	O	O
Bo	bo	PROPN	O	O	O
-	-	PROPN	O	O	O
nivar	nivar	PROPN	O	O	O
.	.	PUNCT	O	O	O

-	-	PUNCT	O	O	O
-	-	PUNCT	O	O	O
-	-	PUNCT	O	O	O
En	en	ADP	O	O	O
effet	effet	NOUN	O	O	O
,	,	PUNCT	O	O	O
ravissante	ravissant	ADJ	O	O	O
,	,	PUNCT	O	O	O
répondit	répondre	VERB	O	O	O
Pharamond	pharamond	PROPN	O	O	O
avec	avec	ADP	O	O	O
conviction	conviction	NOUN	O	O	O
.	.	PUNCT	O	O	O

-	-	PUNCT	O	O	O
-	-	PUNCT	O	O	O
-	-	PUNCT	O	O	O
Et	et	CCONJ	O	O	O
tes	ton	DET	O	O	O
deux	deux	NUM	O	O	O
enfants	enfant	NOUN	O	O	O
sont	être	AUX	O	O	O
adorables	adorable	ADJ	O	O	O
.	.	PUNCT	O	O	O

-	-	PUNCT	O	O	O
-	-	PUNCT	O	O	O
-	-	PUNCT	O	O	O
Ils	il	PRON	O	O	O
sont	être	AUX	O	O	O
de	de	ADP	O	O	O
moi	moi	PRON	O	O	O
,	,	PUNCT	O	O	O
et	et	CCONJ	O	O	O
c	c	PRON	O	O	O
'	'	PRON	O	O	O
est	être	AUX	O	O	O
l	l	DET	O	O	O
'	'	DET	O	O	O
essentiel	essentiel	NOUN	O	O	O
.	.	PUNCT	O	O	O

-	-	PUNCT	O	O	O
-	-	PUNCT	O	O	O
-	-	PUNCT	O	O	O
Ah	ah	INTJ	O	O	O
!	!	PUNCT	O	O	O

tu	tu	PRON	O	O	O
es	être	AUX	O	O	O
un	un	DET	O	O	O
gaillard	gaillard	NOUN	O	O	O
heureux	heureux	ADJ	O	O	O
.	.	PUNCT	O	O	O

Tu	tu	PRON	O	O	O
n	ne	ADV	O	O	O
'	'	ADV	O	O	O
as	avoir	AUX	O	O	O
pas	pas	ADV	O	O	O
changé	changer	VERB	O	O	O
depuis	depuis	ADP	O	O	O
le	le	DET	O	O	O
collège	collège	NOUN	O	O	O
.	.	PUNCT	O	O	O

-	-	PUNCT	O	O	O
-	-	PUNCT	O	O	O
-	-	PUNCT	O	O	O
Tu	tu	PRON	O	O	O
trouves	trouver	VERB	O	O	O
?	?	PUNCT	O	O	O

...	...	PUNCT	O	O	O
Je	je	PRON	O	O	O
t	t	PRON	O	O	O
'	'	PRON	O	O	O
assure	assurer	VERB	O	O	O
pourtant	pourtant	ADV	O	O	O
que	que	SCONJ	O	O	O
je	je	PRON	O	O	O
ne	ne	ADV	O	O	O
joue	joue	VERB	O	O	O
plus	plus	ADV	O	O	O
au	au	ADP	O	O	O
cheval	cheval	NOUN	O	O	O
fondu	fondre	VERB	O	O	O
.	.	PUNCT	O	O	O

-	-	PUNCT	O	O	O
-	-	PUNCT	O	O	O
-	-	PUNCT	O	O	O
Ce	ce	PRON	O	O	O
n	ne	ADV	O	O	O
'	'	ADV	O	O	O
est	être	AUX	O	O	O
pas	pas	ADV	O	O	O
cela	celer	PRON	O	O	O
que	que	PRON	O	O	O
je	je	PRON	O	O	O
veux	vouloir	VERB	O	O	O
dire	dire	VERB	O	O	O
.	.	PUNCT	O	O	O

Mais	mais	CCONJ	O	O	O
je	je	PRON	O	O	O
te	te	PRON	O	O	O
retrouve	retrouver	VERB	O	O	O
avec	avec	ADP	O	O	O
ton	ton	DET	O	O	O
caractère	caractère	NOUN	O	O	O
d	d	ADP	O	O	O
'	'	ADP	O	O	O
autrefois	autrefois	ADV	O	O	O
.	.	PUNCT	O	O	O

Toujours	toujours	ADV	O	O	O
rangé	ranger	VERB	O	O	O
et	et	CCONJ	O	O	O
soigneux	soigneux	ADJ	O	O	O
...	...	PUNCT	O	O	O
un	un	DET	O	O	O
ménage	ménage	NOUN	O	O	O
bien	bien	ADV	O	O	O
tenu	tenir	VERB	O	O	O
...	...	PUNCT	O	O	O
deux	deux	NUM	O	O	O
enfants	enfant	NOUN	O	O	O
tout	tout	ADV	O	O	O
juste	juste	ADV	O	O	O
.	.	PUNCT	O	O	O

-	-	PUNCT	O	O	O
-	-	PUNCT	O	O	O
-	-	PUNCT	O	O	O
Pardon	pardon	NOUN	O	O	O
!	!	PUNCT	O	O	O

mais	mais	CCONJ	O	O	O
je	je	PRON	O	O	O
n	ne	ADV	O	O	O
'	'	ADV	O	O	O
avais	avoir	VERB	O	O	O
ni	ni	CCONJ	O	O	O
ménage	ménage	NOUN	O	O	O
ni	ni	CCONJ	O	O	O
enfants	enfant	NOUN	O	O	O
au	au	ADP	O	O	O
collège	collège	NOUN	O	O	O
.	.	PUNCT	O	O	O

-	-	PUNCT	O	O	O
-	-	PUNCT	O	O	O
-	-	PUNCT	O	O	O
Tu	tu	PRON	O	O	O
ne	ne	ADV	O	O	O
me	me	PRON	O	O	O
comprends	comprendre	VERB	O	O	O
toujours	toujours	ADV	O	O	O
pas	pas	ADV	O	O	O
.	.	PUNCT	O	O	O

Enfin	enfin	ADV	O	O	O
,	,	PUNCT	O	O	O
tout	tout	PRON	O	O	O
te	te	PRON	O	O	O
réussit	réussir	VERB	O	O	O
à	à	ADP	O	O	O
ton	ton	DET	O	O	O
l	l	DET	O	O	O
'	'	DET	O	O	O
ordre	ordre	NOUN	O	O	O
,	,	PUNCT	O	O	O
parce	parce	SCONJ	O	O	O
que	que	SCONJ	O	O	O
tu	tu	PRON	O	O	O
sais	savoir	VERB	O	O	O
compter	compter	VERB	O	O	O
,	,	PUNCT	O	O	O
parce	parce	SCONJ	O	O	O
que	que	SCONJ	O	O	O
tu	tu	PRON	O	O	O
as	avoir	VERB	O	O	O
une	un	DET	O	O	O
nature	nature	NOUN	O	O	O
de	de	ADP	O	O	O
tempérament	tempérament	NOUN	O	O	O
de	de	ADP	O	O	O
poëte	poëte	NOUN	O	O	O
.	.	PUNCT	O	O	O

Sacré	sacrer	ADJ	O	O	O
Bo	bo	PROPN	O	O	O
-	-	PRON	O	O	O
nivar	nivar	PRON	O	O	O
,	,	PUNCT	O	O	O
tu	tu	PRON	O	O	O
fais	faire	VERB	O	O	O
toujours	toujours	ADV	O	O	O
des	un	DET	O	O	O
rêve	rêve	NOUN	O	O	O
.	.	PUNCT	O	O	O

-	-	PUNCT	O	O	O
-	-	PUNCT	O	O	O
-	-	PUNCT	O	O	O
Tu	tu	PRON	O	O	O
ne	ne	ADV	O	O	O
trompes	tromper	VERB	O	O	O
absolument	absolument	ADV	O	O	O
.	.	PUNCT	O	O	O

-	-	PUNCT	O	O	O
-	-	PUNCT	O	O	O
-	-	PUNCT	O	O	O
Non	non	ADV	O	O	O
!	!	PUNCT	O	O	O

plus	plus	ADV	O	O	O
depuis	depuis	ADP	O	O	O
mon	mon	DET	O	O	O
mariage	mariage	NOUN	O	O	O
.	.	PUNCT	O	O	O

-	-	PUNCT	O	O	O
-	-	PUNCT	O	O	O
-	-	PUNCT	O	O	O
Ah	ah	INTJ	O	O	O
!	!	PUNCT	O	O	O

tu	tu	PRON	O	O	O
t	t	PRON	O	O	O
'	'	PRON	O	O	O
es	être	AUX	O	O	O
marié	marier	VERB	O	O	O
.	.	PUNCT	O	O	O

-	-	PUNCT	O	O	O
-	-	PUNCT	O	O	O
-	-	PUNCT	O	O	O
Oui	oui	PROPN	O	O	O
!	!	PUNCT	O	O	O

Pauvre	pauvre	ADJ	O	O	O
ami	ami	NOUN	O	O	O
,	,	PUNCT	O	O	O
est	être	AUX	O	O	O
-	-	PRON	O	O	O
ce	ce	PRON	O	O	O
que	que	SCONJ	O	O	O
tu	tu	PRON	O	O	O
ne	ne	ADV	O	O	O
serais	être	AUX	O	O	O
pas	pas	ADV	O	O	O
le	le	DET	O	O	O
seul	seul	ADJ	O	O	O
au	au	ADP	O	O	O
monde	monde	NOUN	O	O	O
qui	qui	PRON	O	O	O
vers	vers	VERB	O	O	O
?	?	PUNCT	O	O	O

-	-	PUNCT	O	O	O
-	-	PUNCT	O	O	O
-	-	PUNCT	O	O	O
Non	non	ADV	O	O	O
!	!	PUNCT	O	O	O

plus	plus	ADV	O	O	O
depuis	depuis	ADP	O	O	O
douze	douze	NUM	O	O	O
ans	an	NOUN	O	O	O
.	.	PUNCT	O	O	O

-	-	PUNCT	O	O	O
-	-	PUNCT	O	O	O
-	-	PUNCT	O	O	O
C	c	PRON	O	O	O
'	'	PRON	O	O	O
est	être	AUX	O	O	O
vrai	vrai	ADJ	O	O	O
,	,	PUNCT	O	O	O
au	au	ADP	O	O	O
fait	fait	NOUN	O	O	O
.	.	PUNCT	O	O	O

-	-	PUNCT	O	O	O
-	-	PUNCT	O	O	O
-	-	PUNCT	O	O	O
Hélas	hélas	INTJ	O	O	O
!	!	PUNCT	O	O	O

-	-	PUNCT	O	O	O
-	-	PUNCT	O	O	O
-	-	PUNCT	O	O	O
Comme	comme	SCONJ	O	O	O
tu	tu	PRON	O	O	O
dis	dire	VERB	O	O	O
ça	cela	PRON	O	O	O
que	que	SCONJ	O	O	O
que	que	SCONJ	O	O	O
tu	tu	PRON	O	O	O
serais	être	VERB	O	O	O
?	?	PUNCT	O	O	O

...	...	PUNCT	O	O	O
Va	aller	VERB	O	O	O
!	!	PUNCT	O	O	O

je	je	PRON	O	O	O
seul	seul	ADJ	O	O	O
.	.	PUNCT	O	O	O

-	-	PUNCT	O	O	O
-	-	PUNCT	O	O	O
-	-	PUNCT	O	O	O
Tu	tu	PRON	O	O	O
te	te	PRON	O	O	O
trompes	tromper	VERB	O	O	O
absolument	absolument	ADV	O	O	O
.	.	PUNCT	O	O	O

-	-	PUNCT	O	O	O
-	-	PUNCT	O	O	O
-	-	PUNCT	O	O	O
Non	non	ADV	O	O	O
!	!	PUNCT	O	O	O

tu	tu	PRON	O	O	O
sais	savoir	VERB	O	O	O
;	;	PUNCT	O	O	O
moi	moi	PRON	O	O	O
,	,	PUNCT	O	O	O
dire	dire	VERB	O	O	O
.	.	PUNCT	O	O	O

Mais	mais	CCONJ	O	O	O
je	je	PRON	O	O	O
t	t	PRON	O	O	O
'	'	PRON	O	O	O
assure	assurer	VERB	O	O	O
que	que	SCONJ	O	O	O
gens	gens	NOUN	O	O	O
et	et	CCONJ	O	O	O
qui	qui	PRON	O	O	O
n	ne	ADV	O	O	O
'	'	ADV	O	O	O
étaient	être	AUX	O	O	O
pas	pas	ADV	O	O	O
d	d	DET	O	O	O
'	'	DET	O	O	O
autres	autre	ADJ	O	O	O
l	l	PRON	O	O	O
'	'	PRON	O	O	O
ont	avoir	AUX	O	O	O
été	être	AUX	O	O	O
.	.	PUNCT	O	O	O

Tiens	tenir	VERB	O	O	O
!	!	PUNCT	O	O	O

-	-	PUNCT	O	O	O
-	-	PUNCT	O	O	O
-	-	PUNCT	O	O	O
Je	je	PRON	O	O	O
te	te	PRON	O	O	O
dis	dire	VERB	O	O	O
que	que	SCONJ	O	O	O
tu	tu	PRON	O	O	O
n	ne	ADV	O	O	O
'	'	PRON	O	O	O
est	être	VERB	O	O	O
est	être	AUX	O	O	O
d	d	ADP	O	O	O
'	'	ADP	O	O	O
une	un	DET	O	O	O
fidélité	fidélité	NOUN	O	O	O
à	à	ADP	O	O	O
toutes	tout	PRON	O	O	O
ment	mentir	ADV	O	O	O
je	je	PRON	O	O	O
l	l	PRON	O	O	O
'	'	PRON	O	O	O
aime	aimer	VERB	O	O	O
trop	trop	ADV	O	O	O
!	!	PUNCT	O	O	O

toi	toi	PRON	O	O	O
,	,	PUNCT	O	O	O
c	c	PRON	O	O	O
'	'	PRON	O	O	O
est	être	VERB	O	O	O
de	de	ADP	O	O	O
te	te	PRON	O	O	O
le	le	PRON	O	O	O
montrer	montrer	VERB	O	O	O
;	;	PUNCT	O	O	O
peut	pouvoir	ADV	O	O	O
-	-	ADV	O	O	O
être	être	ADV	O	O	O
pourras	pouvoir	VERB	O	O	O
-	-	PRON	O	O	O
tu	tu	PRON	O	O	O
y	y	PRON	O	O	O
déchiffrer	déchiffrer	VERB	O	O	O
quelque	quelque	DET	O	O	O
chose	chose	NOUN	O	O	O
.	.	PUNCT	O	O	O

Mais	mais	CCONJ	O	O	O
,	,	PUNCT	O	O	O
pour	pour	ADP	O	O	O
cela	celer	PRON	O	O	O
,	,	PUNCT	O	O	O
viens	venir	VERB	O	O	O
avec	avec	ADP	O	O	O
moi	moi	PRON	O	O	O
,	,	PUNCT	O	O	O
parce	parce	SCONJ	O	O	O
que	que	SCONJ	O	O	O
je	je	PRON	O	O	O
ne	ne	ADV	O	O	O
veux	vouloir	VERB	O	O	O
pas	pas	ADV	O	O	O
le	le	PRON	O	O	O
déplacer	déplacer	VERB	O	O	O
.	.	PUNCT	O	O	O

Tu	tu	PRON	O	O	O
as	avoir	VERB	O	O	O
une	un	DET	O	O	O
jolie	joli	ADJ	O	O	O
veine	veine	NOUN	O	O	O
que	que	SCONJ	O	O	O
ma	mon	DET	O	O	O
femme	femme	NOUN	O	O	O
soit	être	AUX	O	O	O
sortie	sortir	VERB	O	O	O
,	,	PUNCT	O	O	O
et	et	CCONJ	O	O	O
que	que	SCONJ	O	O	O
nous	nous	PRON	O	O	O
puissions	pouvoir	VERB	O	O	O
entrer	entrer	VERB	O	O	O
dans	dans	ADP	O	O	O
la	le	DET	O	O	O
chambre	chambre	NOUN	O	O	O
.	.	PUNCT	O	O	O

Allons	aller	VERB	O	O	O
,	,	PUNCT	O	O	O
montons	monter	VERB	O	O	O
.	.	PUNCT	O	O	O

Et	et	CCONJ	O	O	O
M.	m.	NOUN	O	O	O
Pharamond	pharamond	PROPN	O	O	O
,	,	PUNCT	O	O	O
précédant	précéder	VERB	O	O	O
M.	m.	NOUN	O	O	O
Boni	boni	PROPN	O	O	O
-	-	PROPN	O	O	O
var	var	PROPN	O	O	O
,	,	PUNCT	O	O	O
prit	prendre	VERB	O	O	O
l	l	DET	O	O	O
'	'	DET	O	O	O
escalier	escalier	NOUN	O	O	O
en	en	ADP	O	O	O
sifflotant	siffloter	VERB	O	O	O
un	un	DET	O	O	O
air	air	NOUN	O	O	O
triomphant	triomphant	ADJ	O	O	O
,	,	PUNCT	O	O	O
fit	faire	AUX	O	O	O
entrer	entrer	VERB	O	O	O
son	son	DET	O	O	O
ami	ami	NOUN	O	O	O
dans	dans	ADP	O	O	O
le	le	DET	O	O	O
sanctuaire	sanctuaire	NOUN	O	O	O
conjugal	conjugal	ADJ	O	O	O
en	en	ADP	O	O	O
marchant	marcher	VERB	O	O	O
lui	luire	PRON	O	O	O
-	-	PRON	O	O	O
même	même	PRON	O	O	O
sur	sur	ADP	O	O	O
la	le	DET	O	O	O
pointe	pointe	NOUN	O	O	O
des	de	ADP	O	O	O
pieds	pied	NOUN	O	O	O
,	,	PUNCT	O	O	O
s	s	PRON	O	O	O
'	'	PRON	O	O	O
approcha	approcher	VERB	O	O	O
du	de	ADP	O	O	O
chiffonnier	chiffonnier	NOUN	O	O	O
,	,	PUNCT	O	O	O
fit	faire	AUX	O	O	O
jouer	jouer	VERB	O	O	O
un	un	DET	O	O	O
ressort	ressort	NOUN	O	O	O
,	,	PUNCT	O	O	O
tira	tirer	VERB	O	O	O
doucement	doucement	ADV	O	O	O
.	.	PUNCT	O	O	O

Un	un	DET	O	O	O
tiroir	tiroir	NOUN	O	O	O
vint	venir	VERB	O	O	O
à	à	ADP	O	O	O
lui	luire	PRON	O	O	O
.	.	PUNCT	O	O	O

Il	il	PRON	O	O	O
le	le	PRON	O	O	O
fouilla	fouiller	VERB	O	O	O
du	de	ADP	O	O	O
regard	regard	NOUN	O	O	O
,	,	PUNCT	O	O	O
puis	pouvoir	CCONJ	O	O	O
y	y	PRON	O	O	O
mit	mettre	VERB	O	O	O
convulsivement	convulsivement	ADV	O	O	O
les	le	DET	O	O	O
doigts	doigt	NOUN	O	O	O
et	et	CCONJ	O	O	O
faillit	faillir	VERB	O	O	O
se	se	PRON	O	O	O
trouver	trouver	VERB	O	O	O
mal	mal	ADV	O	O	O
.	.	PUNCT	O	O	O

-	-	PUNCT	O	O	O
-	-	PUNCT	O	O	O
-	-	PUNCT	O	O	O
Pharamond	pharamond	PROPN	O	O	O
,	,	PUNCT	O	O	O
qu	que	PRON	O	O	O
'	'	PRON	O	O	O
as	avoir	AUX	O	O	O
-	-	PRON	O	O	O
tu	tu	PRON	O	O	O
?	?	PUNCT	O	O	O

fit	faire	VERB	O	O	O
Bonivar	bonivar	PROPN	O	O	O
effrayé	effrayer	VERB	O	O	O
.	.	PUNCT	O	O	O

-	-	PUNCT	O	O	O
-	-	PUNCT	O	O	O
-	-	PUNCT	O	O	O
Rien	rien	PROPN	O	O	O
!	!	PUNCT	O	O	O

rien	rien	PRON	O	O	O
!	!	PUNCT	O	O	O

dit	dire	VERB	O	O	O
Pharamond	pharamond	PROPN	O	O	O
,	,	PUNCT	O	O	O
en	en	ADP	O	O	O
cherchant	chercher	VERB	O	O	O
à	à	ADP	O	O	O
reprendre	reprendre	VERB	O	O	O
haleine	haleine	NOUN	O	O	O
.	.	PUNCT	O	O	O

-	-	PUNCT	O	O	O
-	-	PUNCT	O	O	O
-	-	PUNCT	O	O	O
Mais	mais	CCONJ	O	O	O
encore	encore	ADV	O	O	O
?	?	PUNCT	O	O	O

...	...	PUNCT	O	O	O
-	-	PUNCT	O	O	O
-	-	PUNCT	O	O	O
-	-	PUNCT	O	O	O
Rien	rien	PRON	O	O	O
,	,	PUNCT	O	O	O
mon	mon	DET	O	O	O
ami	ami	NOUN	O	O	O
...	...	PUNCT	O	O	O
Seulement	seulement	ADV	O	O	O
...	...	PUNCT	O	O	O
-	-	PUNCT	O	O	O
-	-	PUNCT	O	O	O
-	-	PUNCT	O	O	O
Seulement	seulement	ADV	O	O	O
,	,	PUNCT	O	O	O
quoi	quoi	PRON	O	O	O
?	?	PUNCT	O	O	O

-	-	PUNCT	O	O	O
-	-	PUNCT	O	O	O
-	-	PUNCT	O	O	O
Eh	eh	INTJ	O	O	O
bien	bien	ADV	O	O	O
!	!	PUNCT	O	O	O

ma	mon	DET	O	O	O
femme	femme	NOUN	O	O	O
les	le	PRON	O	O	O
a	avoir	AUX	O	O	O
emportés	emporter	VERB	O	O	O
.	.	PUNCT	O	O	O

Nouvelles	nouvelle	NOUN	O	O	O
et	et	CCONJ	O	O	O
Échos	écho	NOUN	O	O	O
On	on	PRON	O	O	O
lit	lire	VERB	O	O	O
dans	dans	ADP	O	O	O
le	le	DET	O	O	O
Soir	soir	NOUN	O	O	O
:	:	PUNCT	O	O	O
Aujourd	aujourd	ADV	O	O	O
'	'	ADP	O	O	O
hui	hui	ADV	O	O	O
,	,	PUNCT	O	O	O
à	à	ADP	O	O	O
midi	midi	NOUN	O	O	O
et	et	CCONJ	O	O	O
demi	demi	NOUN	O	O	O
,	,	PUNCT	O	O	O
M.	m.	NOUN	O	O	O
le	le	DET	O	O	O
président	président	NOUN	O	O	O
de	de	ADP	O	O	O
la	le	DET	O	O	O
Chambre	chambre	NOUN	O	O	O
des	de	ADP	O	O	O
députés	député	NOUN	O	O	O
a	avoir	AUX	O	O	O
rendu	rendre	VERB	O	O	O
visite	visite	NOUN	O	O	O
à	à	ADP	O	O	O
M.	m.	NOUN	O	O	O
le	le	DET	O	O	O
président	président	NOUN	O	O	O
du	de	ADP	O	O	O
Sénat	sénat	NOUN	O	O	O
.	.	PUNCT	O	O	O

M.	m.	NOUN	O	O	O
Gambetta	gambetta	PROPN	O	O	O
a	avoir	AUX	O	O	O
pu	pouvoir	VERB	O	O	O
constater	constater	VERB	O	O	O
,	,	PUNCT	O	O	O
avec	avec	ADP	O	O	O
une	un	DET	O	O	O
profonde	profond	ADJ	O	O	O
satisfaction	satisfaction	NOUN	O	O	O
,	,	PUNCT	O	O	O
l	l	DET	O	O	O
'	'	DET	O	O	O
amélioration	amélioration	NOUN	O	O	O
sérieuse	sérieux	ADJ	O	O	O
qui	qui	PRON	O	O	O
s	s	PRON	O	O	O
'	'	PRON	O	O	O
est	être	AUX	O	O	O
produite	produire	VERB	O	O	O
dans	dans	ADP	O	O	O
l	l	DET	O	O	O
'	'	DET	O	O	O
état	état	NOUN	O	O	O
de	de	ADP	O	O	O
la	le	DET	O	O	O
santé	santé	NOUN	O	O	O
de	de	ADP	O	O	O
M.	m.	NOUN	O	O	O
Martel	martel	PROPN	O	O	O
.	.	PUNCT	O	O	O

Mais	mais	CCONJ	O	O	O
il	il	PRON	O	O	O
a	avoir	AUX	O	O	O
constaté	constater	VERB	O	O	O
en	en	ADP	O	O	O
même	même	ADJ	O	O	O
temps	temps	NOUN	O	O	O
que	que	SCONJ	O	O	O
,	,	PUNCT	O	O	O
pour	pour	ADP	O	O	O
consolider	consolider	VERB	O	O	O
ce	ce	DET	O	O	O
résultat	résultat	NOUN	O	O	O
acquis	acquérir	VERB	O	O	O
,	,	PUNCT	O	O	O
un	un	DET	O	O	O
long	long	ADJ	O	O	O
repos	repos	NOUN	O	O	O
et	et	CCONJ	O	O	O
des	un	DET	O	O	O
ménagements	ménagement	NOUN	O	O	O
de	de	ADP	O	O	O
tous	tout	ADJ	O	O	O
les	le	DET	O	O	O
instants	instant	NOUN	O	O	O
étaient	être	AUX	O	O	O
nécessaires	nécessaire	ADJ	O	O	O
et	et	CCONJ	O	O	O
que	que	SCONJ	O	O	O
dès	dès	ADP	O	O	O
lors	lors	ADV	O	O	O
,	,	PUNCT	O	O	O
pour	pour	ADP	O	O	O
raisons	raison	NOUN	O	O	O
de	de	ADP	O	O	O
santé	santé	NOUN	O	O	O
,	,	PUNCT	O	O	O
de	de	ADP	O	O	O
famille	famille	NOUN	O	O	O
,	,	PUNCT	O	O	O
et	et	CCONJ	O	O	O
surtout	surtout	ADV	O	O	O
pour	pour	ADP	O	O	O
le	le	DET	O	O	O
bien	bien	NOUN	O	O	O
de	de	ADP	O	O	O
la	le	DET	O	O	O
République	république	NOUN	O	O	O
,	,	PUNCT	O	O	O
il	il	PRON	O	O	O
était	être	AUX	O	O	O
nécessaire	nécessaire	ADJ	O	O	O
de	de	ADP	O	O	O
faire	faire	AUX	O	O	O
cesser	cesser	VERB	O	O	O
un	un	DET	O	O	O
provisoire	provisoire	NOUN	O	O	O
qui	qui	PRON	O	O	O
pouvait	pouvoir	VERB	O	O	O
être	être	AUX	O	O	O
préjudiciable	préjudiciable	ADJ	O	O	O
à	à	ADP	O	O	O
l	l	DET	O	O	O
'	'	DET	O	O	O
influence	influence	NOUN	O	O	O
et	et	CCONJ	O	O	O
à	à	ADP	O	O	O
l	l	DET	O	O	O
'	'	DET	O	O	O
autorité	autorité	NOUN	O	O	O
du	de	ADP	O	O	O
Sénat	sénat	NOUN	O	O	O
.	.	PUNCT	O	O	O

Il	il	PRON	O	O	O
a	avoir	AUX	O	O	O
ajouté	ajouter	VERB	O	O	O
que	que	SCONJ	O	O	O
M.	m.	NOUN	O	O	O
Martel	martel	PROPN	O	O	O
trouverait	trouver	VERB	O	O	O
bien	bien	ADV	O	O	O
certainement	certainement	ADV	O	O	O
,	,	PUNCT	O	O	O
après	après	ADP	O	O	O
sa	son	DET	O	O	O
guérison	guérison	NOUN	O	O	O
,	,	PUNCT	O	O	O
au	au	ADP	O	O	O
milieu	milieu	NOUN	O	O	O
de	de	ADP	O	O	O
ses	son	DET	O	O	O
collègues	collègue	NOUN	O	O	O
,	,	PUNCT	O	O	O
le	le	DET	O	O	O
rang	rang	NOUN	O	O	O
que	que	PRON	O	O	O
ses	son	DET	O	O	O
hautes	haut	ADJ	O	O	O
qualités	qualité	NOUN	O	O	O
lui	luire	PRON	O	O	O
ont	avoir	AUX	O	O	O
fait	faire	AUX	O	O	O
acquérir	acquérir	VERB	O	O	O
,	,	PUNCT	O	O	O
et	et	CCONJ	O	O	O
qu	que	PRON	O	O	O
'	'	PUNCT	O	O	O
il	il	PRON	O	O	O
lui	luire	PRON	O	O	O
conseillait	conseiller	VERB	O	O	O
,	,	PUNCT	O	O	O
pour	pour	ADP	O	O	O
couper	couper	VERB	O	O	O
court	court	ADJ	O	O	O
à	à	ADP	O	O	O
tous	tout	ADJ	O	O	O
les	le	DET	O	O	O
bruits	bruit	NOUN	O	O	O
contradictoires	contradictoire	ADJ	O	O	O
,	,	PUNCT	O	O	O
de	de	ADP	O	O	O
donner	donner	VERB	O	O	O
sa	son	DET	O	O	O
démission	démission	NOUN	O	O	O
.	.	PUNCT	O	O	O

M.	m.	NOUN	O	O	O
Martel	martel	PROPN	O	O	O
a	avoir	AUX	O	O	O
été	être	AUX	O	O	O
profondément	profondément	ADV	O	O	O
ému	émouvoir	VERB	O	O	O
et	et	CCONJ	O	O	O
touché	toucher	VERB	O	O	O
des	de	ADP	O	O	O
sentiments	sentiment	NOUN	O	O	O
exprimés	exprimer	VERB	O	O	O
par	par	ADP	O	O	O
M.	m.	NOUN	O	O	O
Gambetta	gambetta	PROPN	O	O	O
à	à	ADP	O	O	O
son	son	DET	O	O	O
égard	égard	NOUN	O	O	O
,	,	PUNCT	O	O	O
et	et	CCONJ	O	O	O
lui	luire	PRON	O	O	O
a	avoir	AUX	O	O	O
donné	donner	VERB	O	O	O
une	un	DET	O	O	O
chaleureuse	chaleureux	ADJ	O	O	O
accolade	accolade	NOUN	O	O	O
.	.	PUNCT	O	O	O

Nous	nous	PRON	O	O	O
n	ne	ADV	O	O	O
'	'	ADV	O	O	O
ajouterons	ajouter	VERB	O	O	O
qu	qu	ADV	O	O	O
'	'	ADV	O	O	O
un	un	DET	O	O	O
mot	mot	NOUN	O	O	O
.	.	PUNCT	O	O	O

On	on	PRON	O	O	O
nous	nous	PRON	O	O	O
-	-	PUNCT	O	O	O
-	-	PUNCT	O	O	O
-	-	PUNCT	O	O	O
Et	et	CCONJ	O	O	O
tu	tu	PRON	O	O	O
t	t	PRON	O	O	O
'	'	PRON	O	O	O
en	en	PRON	O	O	O
plains	plaindre	VERB	O	O	O
?	?	PUNCT	O	O	O

-	-	PUNCT	O	O	O
-	-	PUNCT	O	O	O
-	-	PUNCT	O	O	O
Certainement	certainement	ADV	O	O	O
.	.	PUNCT	O	O	O

Je	je	PRON	O	O	O
-	-	PUNCT	O	O	O
-	-	PUNCT	O	O	O
-	-	PUNCT	O	O	O
Pauvre	pauvre	ADJ	O	O	O
diable	diable	NOUN	O	O	O
!	!	PUNCT	O	O	O

-	-	PUNCT	O	O	O
-	-	PUNCT	O	O	O
-	-	PUNCT	O	O	O
Nourrir	nourrir	VERB	O	O	O
huit	huit	NUM	O	O	O
enfants	enfant	NOUN	O	O	O
à	à	ADP	O	O	O
la	le	DET	O	O	O
table	table	NOUN	O	O	O
avec	avec	ADP	O	O	O
un	un	DET	O	O	O
traitement	traitement	NOUN	O	O	O
de	de	ADP	O	O	O
sous	sou	NOUN	O	O	O
-	-	NOUN	O	O	O
préfet	préfet	NOUN	O	O	O
.	.	PUNCT	O	O	O

-	-	PUNCT	O	O	O
-	-	PUNCT	O	O	O
-	-	PUNCT	O	O	O
Huit	huit	NUM	O	O	O
enfants	enfant	NOUN	O	O	O
!	!	PUNCT	O	O	O

-	-	PUNCT	O	O	O
-	-	PUNCT	O	O	O
-	-	PUNCT	O	O	O
Oui	oui	ADV	O	O	O
,	,	PUNCT	O	O	O
mon	mon	DET	O	O	O
cher	cher	ADJ	O	O	O
,	,	PUNCT	O	O	O
en	en	ADP	O	O	O
six	six	NUM	O	O	O
ans	an	NOUN	O	O	O
,	,	PUNCT	O	O	O
un	un	PRON	O	O	O
tous	tout	ADJ	O	O	O
les	le	DET	O	O	O
neuf	neuf	NUM	O	O	O
mois	mois	NOUN	O	O	O
.	.	PUNCT	O	O	O

Un	un	DET	O	O	O
seul	seul	ADJ	O	O	O
jour	jour	NOUN	O	O	O
de	de	ADP	O	O	O
repos	repos	NOUN	O	O	O
par	par	ADP	O	O	O
année	année	NOUN	O	O	O
bissextile	bissextile	ADJ	O	O	O
.	.	PUNCT	O	O	O

Compte	compte	VERB	O	O	O
plutôt	plutôt	ADV	O	O	O
.	.	PUNCT	O	O	O

-	-	PUNCT	O	O	O
-	-	PUNCT	O	O	O
-	-	PUNCT	O	O	O
Gros	gros	ADJ	O	O	O
sans	sans	ADP	O	O	O
soin	soin	NOUN	O	O	O
!	!	PUNCT	O	O	O

-	-	PUNCT	O	O	O
-	-	PUNCT	O	O	O
-	-	PUNCT	O	O	O
Ah	ah	INTJ	O	O	O
!	!	PUNCT	O	O	O

oui	oui	PRON	O	O	O
,	,	PUNCT	O	O	O
moque	moque	VERB	O	O	O
-	-	PRON	O	O	O
toi	toi	PRON	O	O	O
de	de	ADP	O	O	O
moi	moi	PRON	O	O	O
,	,	PUNCT	O	O	O
toi	toi	PRON	O	O	O
qui	qui	PRON	O	O	O
n	ne	ADV	O	O	O
'	'	ADV	O	O	O
en	en	PRON	O	O	O
as	avoir	VERB	O	O	O
que	que	ADV	O	O	O
deux	deux	PRON	O	O	O
.	.	PUNCT	O	O	O

Deux	deux	PRON	O	O	O
,	,	PUNCT	O	O	O
je	je	PRON	O	O	O
compte	compte	VERB	O	O	O
idéal	idéal	NOUN	O	O	O
.	.	PUNCT	O	O	O

Un	un	PRON	O	O	O
de	de	ADP	O	O	O
rechange	rechange	NOUN	O	O	O
!	!	PUNCT	O	O	O

-	-	PUNCT	O	O	O
-	-	PUNCT	O	O	O
-	-	PUNCT	O	O	O
Mon	mon	DET	O	O	O
ami	ami	NOUN	O	O	O
,	,	PUNCT	O	O	O
j	j	PRON	O	O	O
'	'	PUNCT	O	O	O
en	en	PRON	O	O	O
ai	avoir	VERB	O	O	O
deux	deux	PRON	O	O	O
,	,	PUNCT	O	O	O
parce	parce	SCONJ	O	O	O
que	que	SCONJ	O	O	O
je	je	PRON	O	O	O
n	ne	ADV	O	O	O
'	'	ADV	O	O	O
y	y	PRON	O	O	O
vais	aller	VERB	O	O	O
pas	pas	ADV	O	O	O
,	,	PUNCT	O	O	O
comme	comme	ADP	O	O	O
toi	toi	PRON	O	O	O
,	,	PUNCT	O	O	O
à	à	ADP	O	O	O
l	l	DET	O	O	O
'	'	DET	O	O	O
aveuglette	aveuglette	NOUN	O	O	O
.	.	PUNCT	O	O	O

-	-	PUNCT	O	O	O
-	-	PUNCT	O	O	O
-	-	PUNCT	O	O	O
Comment	comment	ADV	O	O	O
?	?	PUNCT	O	O	O

Tu	tu	PRON	O	O	O
as	avoir	AUX	O	O	O
renoncé	renoncer	VERB	O	O	O
...	...	PUNCT	O	O	O
?	?	PUNCT	O	O	O

-	-	PUNCT	O	O	O
-	-	PUNCT	O	O	O
-	-	PUNCT	O	O	O
A	à	ADP	O	O	O
rien	rien	PRON	O	O	O
du	de	ADP	O	O	O
tout	tout	ADV	O	O	O
.	.	PUNCT	O	O	O

Seulement	seulement	ADV	O	O	O
j	j	PRON	O	O	O
'	'	ADV	O	O	O
ai	avoir	AUX	O	O	O
consulté	consulter	VERB	O	O	O
un	un	DET	O	O	O
homme	homme	NOUN	O	O	O
de	de	ADP	O	O	O
science	science	NOUN	O	O	O
.	.	PUNCT	O	O	O

Je	je	PRON	O	O	O
n	ne	ADV	O	O	O
'	'	ADV	O	O	O
ai	avoir	AUX	O	O	O
pas	pas	ADV	O	O	O
regardé	regarder	VERB	O	O	O
au	au	ADP	O	O	O
prix	prix	NOUN	O	O	O
.	.	PUNCT	O	O	O

-	-	PUNCT	O	O	O
-	-	PUNCT	O	O	O
-	-	PUNCT	O	O	O
Sapristi	sapristi	PROPN	O	O	O
,	,	PUNCT	O	O	O
conte	conte	VERB	O	O	O
-	-	PRON	O	O	O
moi	moi	PRON	O	O	O
ça	cela	PRON	O	O	O
!	!	PUNCT	O	O	O

IV	iv	NOUN	O	O	O
Mon	mon	DET	O	O	O
pauvre	pauvre	ADJ	O	O	O
Bonivar	bonivar	PROPN	O	O	O
,	,	PUNCT	O	O	O
c	c	PRON	O	O	O
'	'	PRON	O	O	O
est	être	AUX	O	O	O
simple	simple	ADJ	O	O	O
comme	comme	ADP	O	O	O
bonjour	bonjour	NOUN	O	O	O
.	.	PUNCT	O	O	O

Moi	moi	PRON	O	O	O
,	,	PUNCT	O	O	O
de	de	ADP	O	O	O
la	le	DET	O	O	O
postérité	postérité	NOUN	O	O	O
d	d	ADP	O	O	O
'	'	ADP	O	O	O
Abraham	abraham	PROPN	O	O	O
,	,	PUNCT	O	O	O
je	je	PRON	O	O	O
l	l	PRON	O	O	O
'	'	PRON	O	O	O
ai	avoir	AUX	O	O	O
compris	comprendre	VERB	O	O	O
tout	tout	ADV	O	O	O
de	de	ADP	O	O	O
suite	suite	NOUN	O	O	O
.	.	PUNCT	O	O	O

-	-	PUNCT	O	O	O
-	-	PUNCT	O	O	O
-	-	PUNCT	O	O	O
Ça	cela	PRON	O	O	O
t	t	PRON	O	O	O
'	'	PRON	O	O	O
a	avoir	AUX	O	O	O
bien	bien	ADV	O	O	O
avancé	avancer	VERB	O	O	O
.	.	PUNCT	O	O	O

-	-	PUNCT	O	O	O
-	-	PUNCT	O	O	O
-	-	PUNCT	O	O	O
Certainement	certainement	ADV	O	O	O
.	.	PUNCT	O	O	O

Je	je	PRON	O	O	O
ne	ne	ADV	O	O	O
te	te	PRON	O	O	O
dis	dire	VERB	O	O	O
pas	pas	ADV	O	O	O
que	que	SCONJ	O	O	O
je	je	PRON	O	O	O
fis	faire	VERB	O	O	O
à	à	ADP	O	O	O
Loudun	loudun	PROPN	O	O	O
,	,	PUNCT	O	O	O
parler	parler	VERB	O	O	O
d	d	ADP	O	O	O
'	'	ADP	O	O	O
un	un	DET	O	O	O
célèbre	célèbre	ADJ	O	O	O
médecin	médecin	NOUN	O	O	O
.	.	PUNCT	O	O	O

-	-	PUNCT	O	O	O
-	-	PUNCT	O	O	O
-	-	PUNCT	O	O	O
Le	le	DET	O	O	O
docteur	docteur	NOUN	O	O	O
Rou	rou	PROPN	O	O	O
...	...	PUNCT	O	O	O
-	-	PUNCT	O	O	O
-	-	PUNCT	O	O	O
-	-	PUNCT	O	O	O
Monsieur	monsieur	NOUN	O	O	O
Bonivar	bonivar	PROPN	O	O	O
,	,	PUNCT	O	O	O
vous	vous	PRON	O	O	O
êtes	être	AUX	O	O	O
un	un	DET	O	O	O
impertinent	impertinent	NOUN	O	O	O
.	.	PUNCT	O	O	O

-	-	PUNCT	O	O	O
-	-	PUNCT	O	O	O
-	-	PUNCT	O	O	O
Je	je	PRON	O	O	O
disais	dire	VERB	O	O	O
ça	cela	PRON	O	O	O
pour	pour	ADP	O	O	O
plaisanter	plaisanter	VERB	O	O	O
.	.	PUNCT	O	O	O

-	-	PUNCT	O	O	O
-	-	PUNCT	O	O	O
-	-	PUNCT	O	O	O
Non	non	ADV	O	O	O
!	!	PUNCT	O	O	O

un	un	DET	O	O	O
docteur	docteur	NOUN	O	O	O
hongrois	hongrois	ADJ	O	O	O
qui	qui	PRON	O	O	O
avait	avoir	VERB	O	O	O
une	un	DET	O	O	O
recette	recette	NOUN	O	O	O
merveilleuse	merveilleux	ADJ	O	O	O
contre	contre	ADP	O	O	O
l	l	DET	O	O	O
'	'	DET	O	O	O
excès	excès	NOUN	O	O	O
de	de	ADP	O	O	O
postérité	postérité	NOUN	O	O	O
,	,	PUNCT	O	O	O
l	l	DET	O	O	O
'	'	DET	O	O	O
inventeur	inventeur	NOUN	O	O	O
d	d	ADP	O	O	O
'	'	ADP	O	O	O
un	un	DET	O	O	O
traitement	traitement	NOUN	O	O	O
admirable	admirable	ADJ	O	O	O
et	et	CCONJ	O	O	O
facile	facile	ADJ	O	O	O
à	à	ADP	O	O	O
suivre	suivre	VERB	O	O	O
en	en	ADP	O	O	O
voyage	voyage	NOUN	O	O	O
...	...	PUNCT	O	O	O
-	-	PUNCT	O	O	O
-	-	PUNCT	O	O	O
-	-	PUNCT	O	O	O
C	c	PRON	O	O	O
'	'	PRON	O	O	O
est	être	AUX	O	O	O
justement	justement	ADV	O	O	O
en	en	ADP	O	O	O
voyage	voyage	NOUN	O	O	O
qu	que	PRON	O	O	O
'	'	SCONJ	O	O	O
il	il	PRON	O	O	O
est	être	AUX	O	O	O
le	le	DET	O	O	O
plus	plus	ADV	O	O	O
difficile	difficile	ADJ	O	O	O
...	...	PUNCT	O	O	O
-	-	PUNCT	O	O	O
-	-	PUNCT	O	O	O
-	-	PUNCT	O	O	O
Ne	ne	ADV	O	O	O
m	m	PRON	O	O	O
'	'	PRON	O	O	O
interromps	interrompre	VERB	O	O	O
pas	pas	ADV	O	O	O
.	.	PUNCT	O	O	O

Le	le	DET	O	O	O
docteur	docteur	NOUN	O	O	O
Croum	croum	PROPN	O	O	O
-	-	PROPN	O	O	O
Pétard	pétard	PROPN	O	O	O
,	,	PUNCT	O	O	O
de	de	ADP	O	O	O
la	le	DET	O	O	O
faculté	faculté	NOUN	O	O	O
de	de	ADP	O	O	O
Pesth	pesth	PROPN	O	O	O
-	-	PROPN	O	O	O
en	en	PROPN	O	O	O
-	-	PROPN	O	O	O
Vexin	vexin	PROPN	O	O	O
,	,	PUNCT	O	O	O
était	être	AUX	O	O	O
fort	fort	ADV	O	O	O
célèbre	célèbre	ADJ	O	O	O
et	et	CCONJ	O	O	O
chargé	charger	VERB	O	O	O
de	de	ADP	O	O	O
travaux	travail	NOUN	O	O	O
dans	dans	ADP	O	O	O
cet	ce	DET	O	O	O
ordre	ordre	NOUN	O	O	O
d	d	ADP	O	O	O
'	'	ADP	O	O	O
idées	idée	NOUN	O	O	O
.	.	PUNCT	O	O	O

Il	il	PRON	O	O	O
avait	avoir	AUX	O	O	O
reçu	recevoir	VERB	O	O	O
du	de	ADP	O	O	O
gouvernement	gouvernement	NOUN	O	O	O
la	le	DET	O	O	O
grande	grand	ADJ	O	O	O
croix	croix	NOUN	O	O	O
de	de	ADP	O	O	O
Malte	malte	PROPN	O	O	O
et	et	CCONJ	O	O	O
était	être	AUX	O	O	O
correspondant	correspondant	NOUN	O	O	O
de	de	ADP	O	O	O
l	l	DET	O	O	O
'	'	DET	O	O	O
Académie	académie	NOUN	O	O	O
de	de	ADP	O	O	O
Trichebourg	trichebourg	PROPN	O	O	O
,	,	PUNCT	O	O	O
un	un	DET	O	O	O
spécialiste	spécialiste	NOUN	O	O	O
sérieux	sérieux	ADJ	O	O	O
,	,	PUNCT	O	O	O
comme	comme	SCONJ	O	O	O
tu	tu	PRON	O	O	O
le	le	PRON	O	O	O
sais	savoir	VERB	O	O	O
,	,	PUNCT	O	O	O
et	et	CCONJ	O	O	O
qu	qu	SCONJ	O	O	O
'	'	PUNCT	O	O	O
ici	ici	ADV	O	O	O
nous	nous	PRON	O	O	O
aurions	avoir	AUX	O	O	O
fait	faire	VERB	O	O	O
de	de	ADP	O	O	O
l	l	DET	O	O	O
'	'	DET	O	O	O
Académie	académie	PROPN	O	O	O
française	français	ADJ	O	O	O
.	.	PUNCT	O	O	O

-	-	PUNCT	O	O	O
-	-	PUNCT	O	O	O
-	-	PUNCT	O	O	O
Et	et	CCONJ	O	O	O
nous	nous	PRON	O	O	O
aurions	avoir	AUX	O	O	O
eu	avoir	VERB	O	O	O
raison	raison	NOUN	O	O	O
.	.	PUNCT	O	O	O

Tout	tout	ADV	O	O	O
à	à	ADP	O	O	O
fait	fait	NOUN	O	O	O
de	de	ADP	O	O	O
l	l	DET	O	O	O
'	'	DET	O	O	O
Académie	académie	NOUN	O	O	O
des	de	ADP	O	O	O
poètes	poète	NOUN	O	O	O
...	...	PUNCT	O	O	O
tout	tout	ADV	O	O	O
même	même	ADV	O	O	O
M.	m.	NOUN	O	O	O
de	de	ADP	O	O	O
Bornier	bornier	PROPN	O	O	O
!	!	PUNCT	O	O	O

-	-	PUNCT	O	O	O
-	-	PUNCT	O	O	O
-	-	PUNCT	O	O	O
Trop	trop	ADV	O	O	O
de	de	ADP	O	O	O
mal	mal	NOUN	O	O	O
!	!	PUNCT	O	O	O

La	le	DET	O	O	O
poésie	poésie	NOUN	O	O	O
m	m	PRON	O	O	O
'	'	PRON	O	O	O
a	avoir	AUX	O	O	O
fait	faire	AUX	O	O	O
consulter	consulter	VERB	O	O	O
.	.	PUNCT	O	O	O

-	-	PUNCT	O	O	O
-	-	PUNCT	O	O	O
-	-	PUNCT	O	O	O
Enfin	enfin	ADV	O	O	O
,	,	PUNCT	O	O	O
j	j	PRON	O	O	O
'	'	ADV	O	O	O
allai	aller	VERB	O	O	O
le	le	PRON	O	O	O
consulter	consulter	VERB	O	O	O
.	.	PUNCT	O	O	O

-	-	PUNCT	O	O	O
-	-	PUNCT	O	O	O
-	-	PUNCT	O	O	O
Et	et	CCONJ	O	O	O
il	il	PRON	O	O	O
te	te	PRON	O	O	O
dit	dire	VERB	O	O	O
?	?	PUNCT	O	O	O

-	-	PUNCT	O	O	O
-	-	PUNCT	O	O	O
-	-	PUNCT	O	O	O
Il	il	PRON	O	O	O
me	me	PRON	O	O	O
dit	dire	VERB	O	O	O
de	de	ADP	O	O	O
lui	luire	PRON	O	O	O
remettre	remettre	VERB	O	O	O
dix	dix	NUM	O	O	O
mille	mille	NUM	O	O	O
francs	franc	NOUN	O	O	O
,	,	PUNCT	O	O	O
ce	ce	PRON	O	O	O
que	que	PRON	O	O	O
je	je	PRON	O	O	O
fis	faire	VERB	O	O	O
,	,	PUNCT	O	O	O
sans	sans	ADP	O	O	O
plaisir	plaisir	NOUN	O	O	O
;	;	PUNCT	O	O	O
après	après	ADP	O	O	O
quoi	quoi	PRON	O	O	O
il	il	PRON	O	O	O
ne	ne	ADV	O	O	O
me	me	PRON	O	O	O
dit	dire	VERB	O	O	O
plus	plus	ADV	O	O	O
rien	rien	PRON	O	O	O
,	,	PUNCT	O	O	O
mais	mais	CCONJ	O	O	O
il	il	PRON	O	O	O
me	me	PRON	O	O	O
remit	remettre	VERB	O	O	O
un	un	DET	O	O	O
flacon	flacon	NOUN	O	O	O
et	et	CCONJ	O	O	O
une	un	DET	O	O	O
ordonnance	ordonnance	NOUN	O	O	O
.	.	PUNCT	O	O	O

-	-	PUNCT	O	O	O
-	-	PUNCT	O	O	O
-	-	PUNCT	O	O	O
Et	et	CCONJ	O	O	O
qu	que	PRON	O	O	O
'	'	PRON	O	O	O
y	y	PRON	O	O	O
avait	avoir	VERB	O	O	O
-	-	PRON	O	O	O
il	il	PRON	O	O	O
sur	sur	ADP	O	O	O
cette	ce	DET	O	O	O
ordonnance	ordonnance	NOUN	O	O	O
?	?	PUNCT	O	O	O

-	-	PUNCT	O	O	O
-	-	PUNCT	O	O	O
-	-	PUNCT	O	O	O
Quelque	quelque	DET	O	O	O
chose	chose	NOUN	O	O	O
de	de	ADP	O	O	O
bien	bien	ADV	O	O	O
simple	simple	ADJ	O	O	O
:	:	PUNCT	O	O	O
trois	trois	NUM	O	O	O
gouttes	goutte	NOUN	O	O	O
d	d	ADP	O	O	O
'	'	ADP	O	O	O
eau	eau	NOUN	O	O	O
cinq	cinq	NUM	O	O	O
minutes	minute	NOUN	O	O	O
avant	avant	ADV	O	O	O
.	.	PUNCT	O	O	O

-	-	PUNCT	O	O	O
-	-	PUNCT	O	O	O
-	-	PUNCT	O	O	O
A	à	ADP	O	O	O
boire	boire	VERB	O	O	O
?	?	PUNCT	O	O	O

-	-	PUNCT	O	O	O
-	-	PUNCT	O	O	O
-	-	PUNCT	O	O	O
Polisson	polisson	PROPN	O	O	O
!	!	PUNCT	O	O	O

oui	oui	ADV	O	O	O
,	,	PUNCT	O	O	O
à	à	ADP	O	O	O
boire	boire	VERB	O	O	O
.	.	PUNCT	O	O	O

-	-	PUNCT	O	O	O
-	-	PUNCT	O	O	O
-	-	PUNCT	O	O	O
Toi	toi	PRON	O	O	O
?	?	PUNCT	O	O	O

-	-	PUNCT	O	O	O
-	-	PUNCT	O	O	O
-	-	PUNCT	O	O	O
Non	non	ADV	O	O	O
!	!	PUNCT	O	O	O

ma	mon	DET	O	O	O
femme	femme	NOUN	O	O	O
.	.	PUNCT	O	O	O

-	-	PUNCT	O	O	O
-	-	PUNCT	O	O	O
-	-	PUNCT	O	O	O
Et	et	CCONJ	O	O	O
tu	tu	PRON	O	O	O
l	l	PRON	O	O	O
'	'	PRON	O	O	O
as	avoir	AUX	O	O	O
fait	faire	VERB	O	O	O
?	?	PUNCT	O	O	O

-	-	PUNCT	O	O	O
-	-	PUNCT	O	O	O
-	-	PUNCT	O	O	O
Non	non	ADV	O	O	O
!	!	PUNCT	O	O	O

pas	pas	ADV	O	O	O
moi	moi	PRON	O	O	O
;	;	PUNCT	O	O	O
mais	mais	CCONJ	O	O	O
ma	mon	DET	O	O	O
femme	femme	NOUN	O	O	O
l	l	PRON	O	O	O
'	'	PRON	O	O	O
a	avoir	AUX	O	O	O
fait	faire	VERB	O	O	O
.	.	PUNCT	O	O	O

-	-	PUNCT	O	O	O
-	-	PUNCT	O	O	O
-	-	PUNCT	O	O	O
Sans	sans	ADP	O	O	O
y	y	PRON	O	O	O
jamais	jamais	ADV	O	O	O
manquer	manquer	VERB	O	O	O
?	?	PUNCT	O	O	O

-	-	PUNCT	O	O	O
-	-	PUNCT	O	O	O
-	-	PUNCT	O	O	O
Pas	pas	ADV	O	O	O
si	si	ADV	O	O	O
bête	bête	ADJ	O	O	O
!	!	PUNCT	O	O	O

Nous	nous	PRON	O	O	O
en	en	PRON	O	O	O
sommes	être	VERB	O	O	O
,	,	PUNCT	O	O	O
je	je	PRON	O	O	O
crois	croire	VERB	O	O	O
,	,	PUNCT	O	O	O
à	à	ADP	O	O	O
notre	notre	DET	O	O	O
cent	cent	NUM	O	O	O
deuxième	deuxième	ADJ	O	O	O
flacon	flacon	NOUN	O	O	O
.	.	PUNCT	O	O	O

-	-	PUNCT	O	O	O
-	-	PUNCT	O	O	O
-	-	PUNCT	O	O	O
Mes	mon	DET	O	O	O
compliments	compliment	NOUN	O	O	O
!	!	PUNCT	O	O	O

-	-	PUNCT	O	O	O
-	-	PUNCT	O	O	O
-	-	PUNCT	O	O	O
Oui	oui	ADV	O	O	O
,	,	PUNCT	O	O	O
tes	ton	DET	O	O	O
compliments	compliment	NOUN	O	O	O
!	!	PUNCT	O	O	O

car	car	CCONJ	O	O	O
c	c	PRON	O	O	O
'	'	PRON	O	O	O
est	être	AUX	O	O	O
infaillible	infaillible	ADJ	O	O	O
,	,	PUNCT	O	O	O
et	et	CCONJ	O	O	O
,	,	PUNCT	O	O	O
depuis	depuis	ADP	O	O	O
ce	ce	DET	O	O	O
temps	temps	NOUN	O	O	O
-	-	NOUN	O	O	O
là	là	NOUN	O	O	O
,	,	PUNCT	O	O	O
j	j	PRON	O	O	O
'	'	ADV	O	O	O
ai	avoir	AUX	O	O	O
toujours	toujours	ADV	O	O	O
eu	avoir	VERB	O	O	O
envie	envie	NOUN	O	O	O
de	de	ADP	O	O	O
rire	rire	VERB	O	O	O
quand	quand	SCONJ	O	O	O
j	j	PRON	O	O	O
'	'	PRON	O	O	O
ai	avoir	AUX	O	O	O
vu	voir	VERB	O	O	O
des	un	DET	O	O	O
gens	gens	NOUN	O	O	O
acheter	acheter	VERB	O	O	O
des	un	DET	O	O	O
layettes	layette	NOUN	O	O	O
.	.	PUNCT	O	O	O

-	-	PUNCT	O	O	O
-	-	PUNCT	O	O	O
-	-	PUNCT	O	O	O
Quel	quel	DET	O	O	O
admirable	admirable	ADJ	O	O	O
secret	secret	NOUN	O	O	O
!	!	PUNCT	O	O	O

V	v	PROPN	O	O	O
Bonivar	bonivar	PROPN	O	O	O
était	être	AUX	O	O	O
pensif	pensif	ADJ	O	O	O
.	.	PUNCT	O	O	O

Il	il	PRON	O	O	O
mâchonnait	mâchonner	VERB	O	O	O
son	son	DET	O	O	O
cigare	cigare	NOUN	O	O	O
éteint	éteindre	VERB	O	O	O
,	,	PUNCT	O	O	O
en	en	ADP	O	O	O
rêvant	rêver	VERB	O	O	O
.	.	PUNCT	O	O	O

-	-	PUNCT	O	O	O
-	-	PUNCT	O	O	O
-	-	PUNCT	O	O	O
Mais	mais	CCONJ	O	O	O
ce	ce	DET	O	O	O
flacon	flacon	NOUN	O	O	O
?	?	PUNCT	O	O	O

Qu	que	PRON	O	O	O
'	'	PRON	O	O	O
y	y	PRON	O	O	O
a	avoir	VERB	O	O	O
-	-	PRON	O	O	O
t	t	PRON	O	O	O
-	-	PRON	O	O	O
il	il	PRON	O	O	O
écrit	écrire	VERB	O	O	O
dessus	dessus	ADV	O	O	O
?	?	PUNCT	O	O	O

demanda	demander	VERB	O	O	O
-	-	PRON	O	O	O
t	t	PRON	O	O	O
-	-	PRON	O	O	O
il	il	PRON	O	O	O
.	.	PUNCT	O	O	O

-	-	PUNCT	O	O	O
-	-	PUNCT	O	O	O
-	-	PUNCT	O	O	O
Mille	mille	NUM	O	O	O
choses	chose	NOUN	O	O	O
,	,	PUNCT	O	O	O
mon	mon	DET	O	O	O
ami	ami	NOUN	O	O	O
!	!	PUNCT	O	O	O

C	c	PRON	O	O	O
'	'	PRON	O	O	O
est	être	AUX	O	O	O
le	le	DET	O	O	O
secret	secret	NOUN	O	O	O
le	le	DET	O	O	O
tzigane	tzigane	VERB	O	O	O
.	.	PUNCT	O	O	O

-	-	PUNCT	O	O	O
-	-	PUNCT	O	O	O
-	-	PUNCT	O	O	O
Mais	mais	CCONJ	O	O	O
moi	moi	PRON	O	O	O
,	,	PUNCT	O	O	O
j	j	PRON	O	O	O
'	'	PRON	O	O	O
ai	avoir	AUX	O	O	O
voyagé	voyager	VERB	O	O	O
en	en	ADP	O	O	O
Hongrie	hongrie	PROPN	O	O	O
...	...	PUNCT	O	O	O
Je	je	PRON	O	O	O
t	t	PRON	O	O	O
'	'	PRON	O	O	O
en	en	PRON	O	O	O
prie	prier	VERB	O	O	O
,	,	PUNCT	O	O	O
va	aller	VERB	O	O	O
me	me	PRON	O	O	O
le	le	PRON	O	O	O
chercher	chercher	VERB	O	O	O
!	!	PUNCT	O	O	O

-	-	PUNCT	O	O	O
-	-	PUNCT	O	O	O
-	-	PUNCT	O	O	O
Ça	cela	PRON	O	O	O
,	,	PUNCT	O	O	O
non	non	ADV	O	O	O
!	!	PUNCT	O	O	O

nous	nous	PRON	O	O	O
évitons	éviter	VERB	O	O	O
de	de	ADP	O	O	O
le	le	PRON	O	O	O
promener	promener	VERB	O	O	O
.	.	PUNCT	O	O	O

Il	il	PRON	O	O	O
est	être	VERB	O	O	O
toujours	toujours	ADV	O	O	O
au	au	ADP	O	O	O
même	même	ADJ	O	O	O
endroit	endroit	NOUN	O	O	O
,	,	PUNCT	O	O	O
sous	sou	ADP	O	O	O
notre	notre	DET	O	O	O
lit	lit	NOUN	O	O	O
et	et	CCONJ	O	O	O
dans	dans	ADP	O	O	O
le	le	DET	O	O	O
chiffonnier	chiffonnier	NOUN	O	O	O
qui	qui	PRON	O	O	O
est	être	VERB	O	O	O
au	au	ADP	O	O	O
coin	coin	NOUN	O	O	O
de	de	ADP	O	O	O
notre	notre	DET	O	O	O
chambre	chambre	NOUN	O	O	O
à	à	ADP	O	O	O
coucher	coucher	VERB	O	O	O
,	,	PUNCT	O	O	O
et	et	CCONJ	O	O	O
que	que	PRON	O	O	O
j	j	PRON	O	O	O
'	'	PUNCT	O	O	O
ai	avoir	AUX	O	O	O
fait	faire	AUX	O	O	O
pratiquer	pratiquer	VERB	O	O	O
dans	dans	ADP	O	O	O
le	le	DET	O	O	O
mur	mur	NOUN	O	O	O
un	un	DET	O	O	O
secret	secret	NOUN	O	O	O
.	.	PUNCT	O	O	O

Autrement	autrement	ADV	O	O	O
il	il	PRON	O	O	O
est	être	AUX	O	O	O
très	très	ADV	O	O	O
facile	facile	ADJ	O	O	O
de	de	ADP	O	O	O
perdre	perdre	VERB	O	O	O
les	le	DET	O	O	O
mystères	mystère	NOUN	O	O	O
avec	avec	ADP	O	O	O
moi	moi	PRON	O	O	O
.	.	PUNCT	O	O	O

-	-	PUNCT	O	O	O
-	-	PUNCT	O	O	O
-	-	PUNCT	O	O	O
Si	si	SCONJ	O	O	O
tu	tu	PRON	O	O	O
fais	faire	VERB	O	O	O
des	un	DET	O	O	O
mystères	mystère	NOUN	O	O	O
avec	avec	ADP	O	O	O
moi	moi	PRON	O	O	O
,	,	PUNCT	O	O	O
donne	donne	VERB	O	O	O
-	-	PRON	O	O	O
moi	moi	PRON	O	O	O
au	au	ADP	O	O	O
moins	moins	ADV	O	O	O
l	l	DET	O	O	O
'	'	DET	O	O	O
adresse	adresse	NOUN	O	O	O
de	de	ADP	O	O	O
ce	ce	DET	O	O	O
docteur	docteur	NOUN	O	O	O
Croum	croum	PROPN	O	O	O
-	-	PROPN	O	O	O
Pétard	pétard	PROPN	O	O	O
?	?	PUNCT	O	O	O

Je	je	PRON	O	O	O
ferai	faire	VERB	O	O	O
le	le	DET	O	O	O
voyage	voyage	NOUN	O	O	O
en	en	ADP	O	O	O
Hongrie	hongrie	PROPN	O	O	O
pour	pour	ADP	O	O	O
mon	mon	DET	O	O	O
compte	compte	NOUN	O	O	O
;	;	PUNCT	O	O	O
j	j	PRON	O	O	O
'	'	ADV	O	O	O
y	y	PRON	O	O	O
aurai	avoir	VERB	O	O	O
encore	encore	ADV	O	O	O
l	l	DET	O	O	O
'	'	DET	O	O	O
économie	économie	NOUN	O	O	O
de	de	ADP	O	O	O
mille	mille	NUM	O	O	O
francs	franc	NOUN	O	O	O
.	.	PUNCT	O	O	O

-	-	PUNCT	O	O	O
-	-	PUNCT	O	O	O
-	-	PUNCT	O	O	O
Il	il	PRON	O	O	O
est	être	AUX	O	O	O
mort	mort	ADJ	O	O	O
.	.	PUNCT	O	O	O

-	-	PUNCT	O	O	O
-	-	PUNCT	O	O	O
-	-	PUNCT	O	O	O
Alors	alors	ADV	O	O	O
,	,	PUNCT	O	O	O
toi	toi	PRON	O	O	O
!	!	PUNCT	O	O	O

-	-	PUNCT	O	O	O
-	-	PUNCT	O	O	O
-	-	PUNCT	O	O	O
Moi	moi	PRON	O	O	O
,	,	PUNCT	O	O	O
j	j	PRON	O	O	O
'	'	PRON	O	O	O
ai	avoir	VERB	O	O	O
encore	encore	ADV	O	O	O
à	à	ADP	O	O	O
l	l	DET	O	O	O
'	'	DET	O	O	O
avance	avance	NOUN	O	O	O
...	...	PUNCT	O	O	O
pour	pour	ADP	O	O	O
tous	tout	ADJ	O	O	O
mes	mon	DET	O	O	O
jours	jour	NOUN	O	O	O
,	,	PUNCT	O	O	O
douze	douze	NUM	O	O	O
cents	cent	DET	O	O	O
flacons	flacon	NOUN	O	O	O
pour	pour	ADP	O	O	O
durer	durer	VERB	O	O	O
.	.	PUNCT	O	O	O

-	-	PUNCT	O	O	O
-	-	PUNCT	O	O	O
-	-	PUNCT	O	O	O
Et	et	CCONJ	O	O	O
tu	tu	PRON	O	O	O
ne	ne	ADV	O	O	O
m	m	PRON	O	O	O
'	'	PRON	O	O	O
en	en	PRON	O	O	O
donnerais	donner	VERB	O	O	O
pas	pas	ADV	O	O	O
un	un	PRON	O	O	O
?	?	PUNCT	O	O	O

...	...	PUNCT	O	O	O
Je	je	PRON	O	O	O
tâcherais	tâcher	VERB	O	O	O
de	de	ADP	O	O	O
le	le	PRON	O	O	O
faire	faire	AUX	O	O	O
durer	durer	VERB	O	O	O
.	.	PUNCT	O	O	O

-	-	PUNCT	O	O	O
-	-	PUNCT	O	O	O
-	-	PUNCT	O	O	O
Demande	demande	VERB	O	O	O
-	-	PRON	O	O	O
moi	moi	PRON	O	O	O
plutôt	plutôt	ADV	O	O	O
ma	mon	DET	O	O	O
fortune	fortune	NOUN	O	O	O
:	:	PUNCT	O	O	O
c	c	PRON	O	O	O
'	'	PRON	O	O	O
est	être	AUX	O	O	O
Césarine	césarine	PROPN	O	O	O
qui	qui	PRON	O	O	O
en	en	PRON	O	O	O
a	avoir	VERB	O	O	O
le	le	DET	O	O	O
dépôt	dépôt	NOUN	O	O	O
à	à	ADP	O	O	O
l	l	DET	O	O	O
'	'	DET	O	O	O
entrepôt	entrepôt	NOUN	O	O	O
,	,	PUNCT	O	O	O
et	et	CCONJ	O	O	O
si	si	SCONJ	O	O	O
je	je	PRON	O	O	O
lui	luire	PRON	O	O	O
en	en	PRON	O	O	O
chipais	chiper	VERB	O	O	O
un	un	DET	O	O	O
seul	seul	ADJ	O	O	O
flacon	flacon	NOUN	O	O	O
,	,	PUNCT	O	O	O
elle	lui	PRON	O	O	O
ferait	faire	VERB	O	O	O
un	un	DET	O	O	O
scandale	scandale	NOUN	O	O	O
!	!	PUNCT	O	O	O

-	-	PUNCT	O	O	O
-	-	PUNCT	O	O	O
-	-	PUNCT	O	O	O
Tu	tu	PRON	O	O	O
n	ne	ADV	O	O	O
'	'	ADV	O	O	O
es	être	AUX	O	O	O
guère	guère	ADV	O	O	O
complaisant	complaisant	ADJ	O	O	O
pour	pour	ADP	O	O	O
un	un	DET	O	O	O
vieil	vieux	ADJ	O	O	O
ami	ami	NOUN	O	O	O
chargé	charger	VERB	O	O	O
de	de	ADP	O	O	O
famille	famille	NOUN	O	O	O
!	!	PUNCT	O	O	O

-	-	PUNCT	O	O	O
-	-	PUNCT	O	O	O
-	-	PUNCT	O	O	O
Tiens	tenir	VERB	O	O	O
!	!	PUNCT	O	O	O

tout	tout	ADJ	O	O	O
ce	ce	PRON	O	O	O
que	que	PRON	O	O	O
je	je	PRON	O	O	O
peux	pouvoir	VERB	O	O	O
faire	faire	VERB	O	O	O
pour	pour	PUNCT	O	O	O
