AU	O
-	O

DESSUS	O
DE	O
L'ATLANTIQUE	B-LOC
I	O
UNE	O
LETTRE	O
INATTENDUE	O

.	O

Le	O
8	O
octobre	O
1881	O
,	O
trois	O
personnes	O
causaient	O
dans	O
le	O
cabinet	O
du	O
directeur	O
du	O
journal	O
the	O
New	B-ORG
-	I-ORG
York	I-ORG
Herald	I-ORG
,	O
221	O
,	O
Broadway	B-LOC
,	O
à	O
New	B-LOC
-	B-LOC
York	I-LOC
.	O

Le	O
jour	O
tombait	O
;	O

il	O
avait	O
fait	O
un	O
temps	O
exécrable	O
,	O
triste	O
,	O
brumeux	O
surtout	O
,	O
toute	O
la	O
journée	O
;	O

et	O
cette	O
monotonie	O
semblait	O
avoir	O
envahi	O
l'esprit	O
des	O
trois	O
causeurs	O
,	O
presque	O
invisibles	O
dans	O
la	O
pénombre	O
où	O
se	O
trouvait	O
plongé	O
le	O
salon	O
.	O

Ces	O
trois	O
personnes	O
étaient	O
:	O
d'abord	O
le	O
directeur	O
du	O
New	B-ORG
-	I-ORG
York	I-ORG
Herald	I-ORG
,	O
sir	B-PER
James	I-PER
Gordon	I-PER
Bennett	I-PER
;	O

le	O
rédacteur	O
en	O
chef	O
,	O
Elphiston	B-PER
Blomsberg	I-PER
,	O
et	O
le	O
secrétaire	O
de	O
la	O
rédaction	O
,	O
sir	B-PER
Impey	I-PER
Patrickson	I-PER
.	O

Sir	B-PER
Bennet	I-PER
bâillait	O
à	O
se	O
décrocher	O
la	O
mâchoire	O
,	O
et	O
ses	O
deux	O
compagnons	O
respectaient	O
son	O
silence	O
.	O

Enfin	O
il	O
s'écria	O
:	O
«	O
Eh	O
bien	O
!	O
Elphiston	B-PER
,	O
quoi	O
de	O
nouveau	O
dans	O
les	O
deux	O
mondes	O
?	O

Que	O
deviennent	O
nos	O
bons	O
amis	O
les	B-MISC
Anglais	I-MISC
,	O
avec	O
les	B-MISC
Zoulous	I-MISC
et	O
les	B-MISC
Afghans	I-MISC
?	O

Et	O
,	O
pour	O
parler	O
de	O
choses	O
qui	O
nous	O
intéressent	O
plus	O
que	O
ces	O
vétilles	O
,	O
que	O
devient	O
Stanley	B-PER
et	O
que	O
fait	O
le	O
capitaine	O
de	O
notre	O
navire	O
la	B-PER
Jeannette	I-PER
?	O

Leurs	O
exploits	O
passionnent	O
-	O
ils	O
toujours	O
le	O
public	O
?	O

»	O

Patrickson	B-PER
et	O
Blomsberg	B-PER
hochèrent	O
la	O
tête	O
d'un	O
commun	O
accord	O
.	O

«	O
Je	O
crois	O
que	O
l'intérêt	O
des	O
lecteurs	O
pour	O
ces	O
explorateurs	O
s'est	O
bien	O
ralenti	O
,	O
répliqua	O
le	O
rédacteur	O
en	O
chef	O
,	O
surtout	O
depuis	O
que	O
l'on	O
sait	O
ce	O
que	O
la	B-PER
Jeannette	I-PER
et	O
ceux	O
qui	O
la	O
montaient	O
sont	O
devenus	O
,	O
et	O
qu'on	O
connaît	O
les	O
moindres	O
péripéties	O
du	O
voyage	O
.	O

Pour	O
Stanley	B-PER
,	O
un	O
enragé	O
Français	B-MISC
,	O
Savorgnan	B-PER
de	I-PER
Brazza	I-PER
,	O
le	O
bat	O
en	O
brèche	O
sur	O
les	O
lointains	O
rivages	O
du	B-LOC
Congo	I-LOC
.....	O

Il	O
faut	O
le	O
dire	O
,	O
d'ailleurs	O
,	O
je	O
crois	O
que	O
l'intérêt	O
des	O
expéditions	O
au	O
pôle	O
Nord	B-LOC
est	O
usé	O
et	O
que	O
le	B-LOC
Centre	I-LOC
-	I-LOC
Afrique	I-LOC
n	O
'	O
a	O
plus	O
de	O
mystères	O
à	O
approfondir	O
.	O

—	O
Vous	O
croyez	O
?	O

répondit	O
le	O
directeur	O
,	O
toujours	O
impassible	O
.	O

Et	O
qui	O
peut	O
vous	O
faire	O
supposer	O
,	O
s'il	O
vous	O
plaît	O
,	O
que	O
l'intérêt	O
de	O
nos	O
lecteurs	O
pour	O
ces	O
grands	O
voyages	O
se	O
ralentit	O
?	O

—	O
Je	O
suis	O
certain	O
de	O
ce	O
que	O
j'avance	O
,	O
répliqua	O
sir	B-PER
Blomsberg	I-PER
.	O

Et	O
j'ai	O
une	O
raison	O
pour	O
affirmer	O
de	O
telle	O
sorte	O
.	O

Le	O
tirage	O
du	O
New	B-ORG
-	I-ORG
York	I-ORG
Herald	O
baisse	O
!	O

—	O
Le	O
tirage	O
baisse	O
?	O

répéta	O
le	O
gentleman	O
,	O
qui	O
se	O
leva	O
tout	O
d'une	O
pièce	O
.	O

—	O
Le	O
tirage	O
baisse	O
!	O

murmura	O
en	O
écho	O
le	O
secrétaire	O
de	O
la	O
rédaction	O
.	O

Hier	O
,	O
nous	O
n'avons	O
vendu	O
que	O
cent	O
trente	O
-	O
deux	O
mille	O
numéros	O
du	O
journal	O
!	O
»	O

Sir	B-PER
Gordon	I-PER
Bennett	I-PER
n'essayait	O
pas	O
de	O
cacher	O
son	O
agitation	O
.	O

Il	O
fit	O
nerveusement	O
quelques	O
pas	O
à	O
travers	O
le	O
cabinet	O
,	O
que	O
l'obscurité	O
avait	O
totalement	O
envahi	O
.	O

En	O
se	O
rasseyant	O
dans	O
son	O
rocking	O
-	O
chairs	O
,	O
il	O
tourna	O
la	O
manette	O
d'un	O
commutateur	O
,	O
et	O
une	O
lumière	O
éclatante	O
et	O
moelleuse	O
jaillit	O
d'une	O
gerbe	O
de	O
lampes	O
Edison	B-PER
fixées	O
par	O
un	O
lustre	O
à	O
la	O
rosace	O
du	O
plafond	O
.	O

Il	O
y	O
eut	O
quelques	O
minutes	O
de	O
silence	O
.	O

Au	O
bout	O
d'un	O
instant	O
,	O
le	O
gentleman	O
releva	O
la	O
tête	O
:	O
«	O
Messieurs	O
,	O
dit	O
-	O
il	O
d'un	O
ton	O
bref	O
,	O
il	O
ne	O
faut	O
pas	O
que	O
le	O
tirage	O
du	O
journal	O
baisse	O
.	O

Vous	O
m'entendez	O
:	O
il	O
ne	O
le	O
faut	O
pas	O
!	O

»	O

Le	O
rédacteur	O
en	O
chef	O
et	O
le	O
secrétaire	O
baissèrent	O
le	O
front	O
:	O
«	O
Que	O
faire	O
?	O

murmurèrent	O
-	O
ils	O
.	O

—	O
Du	O
nouveau	O
,	O
by	O
god	O
!	O

Du	O
nouveau	O
,	O
répliqua	O
vigoureusement	O
le	O
directeur	O
.	O

Si	O
le	O
sort	O
de	O
la	B-PER
Jeannette	I-PER
et	O
les	O
travaux	O
de	O
Stanley	B-PER
n'intéressent	O
plus	O
que	O
secondairement	O
les	O
lecteurs	O
,	O
il	O
faut	O
susciter	O
une	O
nouvelle	O
entreprise	O
,	O
grandiose	O
,	O
colossale	O
,	O
laissant	O
bien	O
loin	O
derrière	O
elle	O
tout	O
ce	O
qui	O
a	O
été	O
tenté	O
jusqu	O
'	O
à	O
présent	O
.	O

Envoyons	O
un	O
navire	O
au	O
pôle	O
Sud	O
ou	O
un	O
voyageur	O
dans	O
la	O
lune	O
;	O

mais	O
enfin	O
,	O
je	O
vous	O
le	O
répète	O
,	O
faisons	O
du	O
nouveau	O
!	O

»	O

Il	O
y	O
eut	O
un	O
long	O
silence	O
.	O

Les	O
trois	O
hommes	O
réfléchissaient	O
,	O
et	O
on	O
ne	O
sait	O
à	O
quoi	O
se	O
seraient	O
résolus	O
ces	O
impassibles	O
et	O
hardis	O
Américains	B-MISC
,	O
qui	O
possédaient	O
tout	O
ce	O
qu'il	O
faut	O
pour	O
protéger	O
une	O
oeuvre	O
gigantesque	O
et	O
la	O
mener	O
à	O
bien	O
,	O
quand	O
une	O
sonnerie	O
électrique	O
se	O
fit	O
entendre	O
et	O
qu'un	O
groom	O
noir	O
vint	O
apporter	O
le	O
courrier	O
d'Europe	B-LOC
:	O
une	O
centaine	O
de	O
lettres	O
aux	O
timbres	O
multicolores	O
et	O
cosmopolites	O
.	O

A	O
l'encontre	O
de	O
ses	O
habitudes	O
,	O
sir	B-PER
Gordon	I-PER
Bennett	I-PER
fouilla	O
distraitement	O
parmi	O
les	O
enveloppes	O
.	O

Soudain	O
l'une	O
d'elles	O
,	O
couverte	O
de	O
timbres	O
français	O
,	O
attira	O
son	O
attention	O
.	O

Il	O
la	O
décacheta	O
,	O
et	O
,	O
dépliant	O
la	O
feuille	O
,	O
il	O
en	O
parcourut	O
le	O
texte	O
.	O

Il	O
poussa	O
un	O
cri	O
involontaire	O
:	O
«	O
Voilà	O
l'idée	O
,	O
s'écria	O
-	O
t	O
-	O
il	O
,	O
voilà	O
le	O
nouveau	O
,	O
voilà	O
ce	O
qu'il	O
nous	O
faut	O
faire	O
!	O

»	O

Ses	O
deux	O
interlocuteurs	O
le	O
regardèrent	O
,	O
étonnés	O
.	O

«	O
Lisez	O
!	O
»	O
leur	O
dit	O
le	O
gentleman	O
en	O
leur	O
tendant	O
la	O
missive	O
.	O

Patrickson	B-PER
prit	O
la	O
lettre	O
et	O
lut	O
à	O
haute	O
voix	O
ce	O
qui	O
suit¹	O
:	O

«	O
Paris	B-LOC
,	O
15	O
septembre	O
1881	O
.	O

Sir	B-PER
James	I-PER
Gordon	I-PER
Bennett	I-PER
of	I-PER
the	B-ORG
New	I-ORG
-	I-ORG
York	I-ORG
Herald	I-ORG
-	O
director	O
's	O
.	O

—	O
Broadway	B-LOC
,	O
221	O
,	O
New	B-LOC
-	B-LOC
York	I-LOC
.	O

«	O
Sir	O
,	O
«	O
Depuis	O
longtemps	O
,	O
vous	O
encouragez	O
les	O
explorateurs	O
et	O
vous	O
favorisez	O
les	O
immenses	O
voyages	O
.	O

Grâce	O
à	O
vous	O
,	O
la	O
science	O
est	O
enfin	O
édifiée	O
sur	O
les	O
grands	O
problèmes	O
dont	O
la	O
résolution	O
paraissait	O
impossible	O
à	O
trouver	O
à	O
tout	O
autre	O
que	O
vous	O
.	O

Aujourd'hui	O
,	O
Stanley	B-PER
a	O
levé	O
le	O
voile	O
qui	O
cachait	O
à	O
notre	O
curiosité	O
ce	O
mystérieux	O
Centre	B-LOC
-	I-LOC
Afrique	I-LOC
,	O
et	O
la	B-PER
Jeannette	I-PER
a	O
exploré	O
les	O
profondeurs	O
inconnues	O
et	O
glacées	O
des	O
régions	O
polaires	O
.	O

«	O
La	O
terre	O
et	O
l'eau	O
vous	O
appartiennent	O
,	O
les	O
continents	O
et	O
les	O
mers	O
n'ont	O
plus	O
de	O
secrets	O
pour	O
vous	O
,	O
l'air	O
seul	O
reste	O
à	O
parcourir	O
,	O
et	O
nous	O
venons	O
vous	O
proposer	O
de	O
le	O
conquérir	O
sous	O
vos	O
auspices	O
,	O
en	O
votre	O
nom	O
,	O
en	O
accomplissant	O
le	O
plus	O
grandiose	O
voyage	O
qu'il	O
soit	O
permis	O
à	O
l'homme	O
de	O
rêver	O
.	O

Nous	O
voulons	O
parler	O
de	O
LA	O
TRAVERSÉE	O
DE	O
L'OCÉAN	B-LOC
ATLANTIQUE	I-LOC
EN	O
BALLON	O
!	O

ce	O
qui	O
ne	O
dépasse	O
pas	O
ce	O
que	O
la	O
science	O
aérostatique	O
peut	O
faire	O
à	O
l'époque	O
actuelle	O
.	O

¹	O
.	O

Cette	O
lettre	O
est	O
absolument	O
authentique	O
.	O

«	O
Pensant	O
que	O
ce	O
hardi	O
projet	O
vous	O
séduira	O
,	O
permettez	O
-	O
nous	O
;	O

sir	O
,	O
de	O
vous	O
exposer	O
succinctement	O
nos	O
idées	O
.	O

Nous	O
nous	O
adressons	O
à	O
vous	O
,	O
et	O
non	O
pas	O
à	O
nos	O
compatriotes	O
européens	O
,	O
parce	O
qu'il	O
faut	O
que	O
l'oeuvre	O
soit	O
franco	O
-	O
américaine	O
et	O
que	O
le	O
lieu	O
de	O
départ	O
soit	O
New	B-LOC
-	B-LOC
York	I-LOC
,	O
la	O
traversée	O
étant	O
impraticable	O
de	O
toute	O
autre	O
manière	O
et	O
de	O
tout	O
autre	O
point	O
.	O

«	O
Vous	O
avez	O
rendu	O
possible	O
,	O
sir	O
,	O
ce	O
voyage	O
fantastique	O
,	O
merveilleux	O
presque	O
,	O
en	O
installant	O
vos	O
magnifiques	O
observatoires	O
météorologiques	O
,	O
tels	O
que	O
l'Europe	B-LOC
n'en	O
possède	O
pas	O
et	O
qui	O
annoncent	O
avec	O
une	O
sûreté	O
,	O
une	O
exactitude	O
mathématique	O
,	O
les	O
dépressions	O
atmosphériques	O
et	O
les	O
ouragans	O
qui	O
traversent	O
tout	O
l'Océan	B-LOC
et	O
viennent	O
frapper	O
,	O
à	O
l'heure	O
prédite	O
et	O
indiquée	O
,	O
les	B-LOC
côtes	I-LOC
de	I-LOC
Grande	I-LOC
-	I-LOC
Bretagne	I-LOC
,	O
de	B-LOC
France	B-LOC
et	O
de	O
Norvège	B-LOC
.	O

Aussi	O
sommes	O
-	O
nous	O
convaincus	O
qu'en	O
nous	O
confiant	O
,	O
dans	O
les	O
conditions	O
de	O
prudence	O
nécessaires	O
,	O
à	O
l'une	O
de	O
ces	O
bourrasques	O
qui	O
traversent	O
l'Atlantique	B-LOC
,	O
en	O
quatre	O
jours	O
nous	O
atteindrions	O
les	B-LOC
côtes	I-LOC
d'Europe	I-LOC
.	O

«	O
Nous	O
venons	O
vous	O
demander	O
à	O
tenter	O
ce	O
voyage	O
.	O

«	O
C'est	O
un	O
moyen	O
,	O
le	O
seul	O
possible	O
et	O
efficace	O
,	O
de	O
contrôler	O
les	O
prédictions	O
de	O
vos	O
observatoires	O
et	O
savoir	O
,	O
ce	O
que	O
tant	O
de	O
savants	O
météorologistes	O
se	O
sont	O
demandé	O
:	O

Qu'est	O
-	O
ce	O
que	O
devient	O
le	O
vent	O
?	O

«	O
La	O
dépression	O
quittant	O
l'Amérique	B-LOC
et	O
s'engageant	O
au	O
large	O
,	O
que	O
devient	O
-	O
elle	O
?	O

«	O
Il	O
faut	O
le	O
savoir	O
,	O
et	O
,	O
pour	O
cela	O
,	O
le	O
contrôler	O
au	O
moyen	O
d'un	O
ballon	O
libre	O
.	O

«	O
L'année	O
prochaine	O
,	O
une	O
exposition	O
universelle	O
va	O
s'ouvrir	O
à	O
New	B-LOC
-	B-LOC
York	I-LOC
et	O
attirer	O
des	O
millions	O
de	O
visiteurs	O
de	O
tous	O
les	O
points	O
de	O
l'Union	B-ORG
et	O
du	O
globe	O
entier	O
.	O

Le	O
ballon	O
peut	O
être	O
une	O
great	O
attraction	O
de	O
cette	O
fête	O
des	O
peuples	O
,	O
comme	O
l'était	O
,	O
en	O
1878	O
,	O
le	O
ballon	O
captif	O
de	O
M.	B-PER
Giffard	I-PER
,	O
et	O
accomplir	O
,	O
sous	O
les	O
auspices	O
du	O
journal	O
le	O
plus	O
répandu	O
du	O
globe	O
,	O
une	O
série	O
d'ascensions	O
captives	O
,	O
permettant	O
aux	O
touristes	O
aériens	O
accourus	O
de	O
jouir	O
du	O
panorama	O
de	O
la	B-LOC
ville	I-LOC
de	I-LOC
New	I-LOC
-	I-LOC
York	I-LOC
,	O
vue	O
de	O
500	O
mètres	O
de	O
hauteur	O
.	O

«	O
A	O
l'équinoxe	O
,	O
alors	O
,	O
le	O
ballon	O
payé	O
par	O
le	O
produit	O
des	O
ascensions	O
captives	O
,	O
la	O
saison	O
de	O
ces	O
dernières	O
une	O
fois	O
terminée	O
,	O
lorsqu'une	O
violente	O
bourrasque	O
viendrait	O
à	O
souffler	O
,	O
les	O
personnes	O
composant	O
le	O
personnel	O
de	O
l'expédition	O
sauteraient	O
dans	O
le	O
panier	O
,	O
et	O
le	O
câble	O
serait	O
coupé	O
.	O

En	O
route	O
alors	O
vers	O
l'Europe	B-LOC
.....	O
ou	O
vers	O
l'inconnu	O
.	O

«	O
Ce	O
voyage	O
est	O
possible	O
,	O
et	O
il	O
ne	O
tient	O
qu	O
'	O
à	O
vous	O
,	O
sir	O
,	O
que	O
ce	O
rêve	O
devienne	O
une	O
réalité	O
.	O

«	O
Oui	O
!	O

un	O
ballon	O
de	O
170,000	O
pieds	O
cubes	O
¹	O
,	O
gonflé	O
au	O
gaz	O
hydrogène	O
pur	O
,	O
donnant	O
une	O
force	O
ascensionnelle	O
de	O
12,000	O
kilogrammes	O
,	O
douze	O
tonnes	O
,	O
muni	O
du	O
frein	O
aéronautique	O
de	O
Yon	B-LOC
et	O
des	O
appareils	O
les	O
plus	O
perfectionnés	O
,	O
a	O
toutes	O
les	O
chances	O
de	O
pouvoir	O
accomplir	O
un	O
tel	O
voyage	O
,	O
et	O
nous	O
,	O
qui	O
avons	O
conduit	O
dans	O
les	O
airs	O
le	O
plus	O
vaste	O
aérostat	O
à	O
gaz	O
qui	O
ait	O
jamais	O
été	O
lancé	O
,	O
l'Étoile	O
polaire	O
,	O
dont	O
le	O
cube	O
était	O
de	O
11,000	O
mètres	O
,	O
nous	O
répondrions	O
de	O
tenir	O
un	O
tel	O
aérosłat	O
au	O
moins	O
huit	O
ou	O
dix	O
jours	O
en	O
l'air	O
.	O

«	O
L'année	O
1883	O
,	O
anniversaire	O
de	O
l'invention	O
des	O
aérostats	O
,	O
approche	O
.	O

Elle	O
doit	O
être	O
marquée	O
par	O
un	O
voyage	O
inouï	O
dans	O
les	O
fastes	O
aérostatiques	O
et	O
qui	O
prouve	O
que	O
le	O
ballon	O
,	O
resté	O
stationnaire	O
depuis	O
un	O
siècle	O
,	O
est	O
susceptible	O
pourtant	O
de	O
perfectionnements	O
.	O

Il	O
ne	O
tient	O
qu	O
'	O
à	O
vous	O
,	O
nous	O
le	O
répétons	O
,	O
sir	O
,	O
que	O
ce	O
voyage	O
merveilleux	O
s'accomplisse	O
,	O
et	O
ce	O
sera	O
sans	O
crainte	O
que	O
nous	O
mettrons	O
le	O
pied	O
dans	O
la	O
nacelle	O
au	O
-	O
dessus	O
de	O
laquelle	O
flotteront	O
,	O
comme	O
en	O
1783	O
,	O
les	O
étendards	O
des	O
deux	O
grandes	O
nations	O
soeurs	O
:	O
le	O
drapeau	O
¹	O
Dix	O
mille	O
mètres	O
cubes	O
.	O
tricolore	O
et	O
la	O
bannière	O
aux	O
trente	O
-	O
neuf	O
étoiles	O
de	O
l'Union	B-ORG
.	O

Et	O
une	O
fois	O
partis	O
,	O
une	O
fois	O
planant	O
dans	O
le	O
vide	O
et	O
dans	O
l'espace	O
,	O
gravissant	O
,	O
grâce	O
à	O
votre	O
généreuse	O
et	O
énergique	O
initiative	O
,	O
les	O
cimes	O
de	O
l'éternelle	O
lumière	O
,	O
nous	O
ferions	O
flotter	O
au	O
plus	O
haut	O
des	O
cieux	O
,	O
devant	O
l'humanité	O
étonnée	O
,	O
le	O
nom	O
de	O
l'homme	O
de	O
progrès	O
et	O
d'initiative	O
qui	O
a	O
patronné	O
de	O
son	O
concours	O
le	O
plus	O
grand	O
voyage	O
du	O
siècle	O
et	O
permis	O
de	O
l'exécuter	O
à	O
ceux	O
qui	O
l'ont	O
cru	O
possible	O
...	O
et	O
praticable	O
.	O

«	O
Veuillez	O
agréer	O
,	O
sir	O
,	O
l'assurance	O
de	O
notre	O
considération	O
la	O
plus	O
distinguée	O
.	O

«	O
Vos	O
dévoués	O
serviteurs	O
,	O
«	O
HENRI	B-PER
CHAMPAGNE	I-PER
,	O
«	O
Ingénieur	O
aéronaute	O
.	O

«	O
GASTON	B-PER
MÉNARS	I-PER
,	O
«	O
Président	O
de	O
la	B-ORG
Société	I-ORG
le	I-ORG
Cercle	I-ORG
aéronautique	I-ORG
,	O
aéronaute	O
du	O
siège	O
.	O

»	O

......	O

Il	O
y	O
eut	O
un	O
moment	O
de	O
silence	O
,	O
après	O
lequel	O
sir	B-PER
Elphis	I-PER
-	O
ton	B-PER
Blomsberg	I-PER
s'écria	O
:	O
«	O
La	O
traversée	O
de	O
l'océan	B-LOC
Atlantique	I-LOC
en	O
ballon	O
!	O

Mais	O
Wyse	B-PER
et	O
Donaldson	B-PER
,	O
patronnés	O
par	O
le	O
Daily	O
News	O
,	O
l'ont	O
tentée	O
et	O
ne	O
l'ont	O
pas	O
réussie	O
!	O

Pourtant	O
leur	O
ballon	O
cubait	O
348,000	O
pieds	O
cubes	O
!	O

¹	O

—	O
Parbleu	O
,	O
répondit	O
Patrickson	B-PER
,	O
le	O
ballon	O
était	O
si	O
solide	O
qu'il	O
s'est	O
déchiré	O
au	O
moment	O
du	O
gonflement	O
!	O
»	O

Sir	B-PER
Gordon	I-PER
Bennett	I-PER
réfléchissait	O
.	O

«	O
Il	O
y	O
a	O
une	O
chose	O
certaine	O
,	O
dit	O
-	O
il	O
de	O
sa	O
voix	O
brève	O
,	O
c'est	O
une	O
belle	O
entreprise	O
,	O
un	O
magnifique	O
voyage	O
qu'on	O
nous	O
propose	O
;	O

demandons	O
donc	O
à	O
ces	O
gentlemen	O
,	O
qui	O
me	O
paraissent	O
compétents	O
dans	O
la	O
question	O
,	O
des	O
renseignements	O
¹	O
.	O

Vingt	O
mille	O
mètres	O
cubes	O
.	O

techniques	O
sur	O
leurs	O
projets	O
,	O
et	O
si	O
réellement	O
cette	O
traversée	O
est	O
possible	O
,	O
faisons	O
-	O
la	O
exécuter	O
.	O

C'est	O
le	O
«	O
nouveau	O
»	O
que	O
nous	O
cherchions	O
;	O

l'idée	O
est	O
grandiose	O
;	O

il	O
faut	O
la	O
mener	O
à	O
bonne	O
fin	O
.	O

Qu'en	O
dites	O
-	O
vous	O
,	O
Messieurs	O
?	O

»	O

Le	O
secrétaire	O
et	O
le	O
rédacteur	O
en	O
chef	O
baissèrent	O
affirmativement	O
la	O
tête	O
.	O

«	O
Mettez	O
-	O
vous	O
donc	O
en	O
relation	O
immédiate	O
avec	O
ces	O
personnes	O
,	O
conclut	O
sir	B-PER
Bennett	I-PER
.	O

Il	O
faut	O
que	O
nous	O
sachions	O
,	O
le	O
plus	O
rapidement	O
possible	O
,	O
à	O
quoi	O
nous	O
en	O
tenir	O
.	O
»	O

II	O
LES	O
ASCENSIONS	O
CAPTIVES	O
.	O

Le	O
15	O
avril	O
1882	O
,	O
une	O
foule	O
immense	O
se	O
pressait	O
devant	O
City	B-LOC
-	I-LOC
Square	I-LOC
,	O
une	O
des	O
plus	O
belles	O
places	O
de	O
New	B-LOC
-	I-LOC
York	I-LOC
.	O

Le	O
ballon	O
le	O
Great	O
New	B-LOC
-	I-LOC
York	I-LOC
Herald	O
était	O
arrivé	O
de	O
France	B-LOC
depuis	O
quelques	O
jours	O
,	O
et	O
l'on	O
procédait	O
à	O
l'organisation	O
et	O
à	O
l'agencement	O
de	O
son	O
matériel	O
.	O

On	O
avait	O
amené	O
les	O
machines	O
à	O
vapeur	O
,	O
et	O
l'on	O
se	O
disposait	O
à	O
monter	O
le	O
treuil	O
sur	O
un	O
énorme	O
arbre	O
de	O
couche	O
en	O
acier	O
,	O
reposant	O
sur	O
de	O
massives	O
pierres	O
de	O
fondation	O
.	O

Dans	O
un	O
coin	O
de	O
la	O
place	O
,	O
un	O
immense	O
monceau	O
de	O
toiles	O
et	O
de	O
cordages	O
attirait	O
l'attention	O
.	O

C'était	O
ce	O
qui	O
devait	O
constituer	O
plus	O
tard	O
le	O
Great	O
New	B-LOC
-	I-LOC
York	I-LOC
Herald	O
,	O
le	O
plus	O
grand	O
ballon	O
libre	O
du	O
monde	O
.	O

Trois	O
mois	O
avaient	O
suffi	O
à	O
la	O
construction	O
de	O
ce	O
monstrueux	O
fils	O
de	O
l'air	O
.	O

D'après	O
nos	O
plans	O
,	O
l'étoffe	O
avait	O
été	O
coupée	O
,	O
puis	O
cousue	O
à	O
la	O
machine	O
par	O
un	O
bataillon	O
de	O
mécaniciennes	O
,	O
et	O
enfin	O
vernie	O
au	O
caoutchouc	O
.	O

Cette	O
étoffe	O
se	O
composait	O
d'un	O
épais	O
tissu	O
en	O
ponghee	O
de	O
Chine	B-LOC
,	O
réuni	O
à	O
un	O
nansouck	O
de	O
première	O
qualité	O
par	O
une	O
feuille	O
de	O
caoutchouc	O
posée	O
à	O
chaud	O
.	O

Ainsi	O
préparée	O
,	O
l'enveloppe	O
du	O
ballon	O
devait	O
être	O
imperméable	O
.	O

Le	O
filet	O
et	O
toute	O
la	O
corderie	O
furent	O
tressés	O
,	O
d'après	O
nos	O
gabarits	O
,	O
par	O
la	B-ORG
Corderie	I-ORG
centrale	I-ORG
,	O
qui	O
avait	O
déjà	O
construit	O
tous	O
les	O
filets	O
des	O
ballons	O
captifs	O
de	O
M.	B-PER
Giffard	I-PER
.	O

Quant	O
à	O
la	O
machinerie	O
,	O
elle	O
fut	O
édifiée	O
en	O
Amérique	B-LOC
,	O
ainsi	O
que	O
l'appareil	O
à	O
gaz	O
;	O

la	O
partie	O
aérostatique	O
seule	O
fut	O
préparée	O
en	O
Europe	B-LOC
.	O

Le	O
1er	O
avril	O
,	O
nous	O
avions	O
quitté	O
la	B-LOC
France	I-LOC
,	O
emmenant	O
avec	O
nous	O
et	O
le	O
matériel	O
une	O
équipe	O
d'aéronautes	O
de	O
nos	O
compatriotes	O
.	O

Le	O
12	O
,	O
nous	O
étions	O
reçus	O
,	O
sur	O
le	B-LOC
pier	I-LOC
de	I-LOC
Brooklyn	I-LOC
,	O
par	O
le	O
secrétaire	O
de	O
la	O
rédaction	O
et	O
le	O
rédacteur	O
en	O
chef	O
du	B-ORG
New	I-ORG
-	I-ORG
York	I-ORG
Herald	I-ORG
.	O

Dès	O
le	O
15	O
avril	O
,	O
nous	O
avions	O
commencé	O
nos	O
travaux	O
.	O

Les	O
machines	O
,	O
les	O
treuils	O
furent	O
montés	O
,	O
la	O
poulie	O
à	O
mouvement	O
universel	O
fixée	O
dans	O
le	O
cirque	O
au	O
milieu	O
de	O
la	O
place	O
,	O
et	O
le	O
câble	O
frappé	O
sur	O
le	O
tourillon	O
est	O
du	O
treuil	O
,	O
près	O
du	O
frein	O
à	O
air	O
.	O
Une	O
dizaine	O
de	O
jours	O
furent	O
nécessités	O
pour	O
cette	O
installation	O
générale	O
;	O

puis	O
,	O
quand	O
l'appareil	O
à	O
gaz	O
fut	O
monté	O
,	O
nous	O
nous	O
occupâmes	O
du	O
gonflement	O
de	O
l'aérostat	O
.	O

L'appareil	O
à	O
gaz	O
était	O
du	O
système	O
de	O
M.	B-PER
Giffard	I-PER
,	O
c'està	O
-	O
dire	O
que	O
l'hydrogène	O
était	O
produit	O
par	O
la	O
décomposition	O
de	O
l'eau	O
par	O
le	O
fer	O
rouge	O
,	O
et	O
il	O
produisait	O
500	O
mètres	O
cubes	O
à	O
l'heure	O
.	O

Le	O
29	O
avril	O
,	O
à	O
cinq	O
heures	O
du	O
matin	O
,	O
le	O
gonflement	O
fut	O
commencé	O
;	O

les	O
deux	O
équipes	O
française	O
et	O
américaine	O
d'aéronautes	O
dirigeaient	O
les	O
manoeuvres	O
,	O
qui	O
étaient	O
opérées	O
par	O
un	O
nombreux	O
personnel	O
.	O

Pendant	O
vingt	O
-	O
deux	O
heures	O
,	O
sans	O
interruption	O
,	O
cette	O
opération	O
se	O
poursuivit	O
,	O
les	O
équipes	O
et	O
les	O
manoeuvres	O
se	O
relayant	O
de	O
cinq	O
en	O
cinq	O
heures	O
.	O

Enfin	O
,	O
le	O
premier	O
jour	O
du	O
mois	O
de	O
mai	O
,	O
le	O
Great	O
New=	O
York	B-LOC
Herald	O
dressa	O
sa	O
monstrueuse	O
coupole	O
blanchâtre	O
devant	O
les	O
yeux	O
éblouis	O
des	B-MISC
Yankees	I-MISC
.	O

L'arrimage	O
des	O
cercles	O
et	O
de	O
la	O
nacelle	O
et	O
l'épissure	O
du	O
câble	O
furent	O
terminés	O
,	O
et	O
,	O
complètement	O
paré	O
,	O
l'aérostat	O
commença	O
à	O
se	O
dandiner	O
,	O
sous	O
le	O
souffle	O
de	O
la	O
brise	O
.	O

Pendant	O
les	O
trois	O
premiers	O
jours	O
eurent	O
lieu	O
les	O
ascensions	O
d'essai	O
;	O

tout	O
le	O
matériel	O
fut	O
examiné	O
par	O
une	O
commission	O
spéciale	O
,	O
formée	O
par	O
l'autorité	O
new	O
-	O
yorkaise	O
;	O

puis	O
,	O
quand	O
la	O
solidité	O
et	O
la	O
bonne	O
exécution	O
du	O
matériel	O
eurent	O
été	O
reconnues	O
,	O
les	O
ascensions	O
payantes	O
commencèrent	O
.	O

Ce	O
fut	O
,	O
pendant	O
le	O
premier	O
mois	O
,	O
une	O
fureur	O
de	O
monter	O
en	O
ballon	O
.	O

Il	O
y	O
eut	O
même	O
,	O
le	O
premier	O
jour	O
,	O
à	O
l'ouverture	O
des	O
portes	O
,	O
pas	O
mal	O
de	O
nez	O
écrasés	O
,	O
d'yeux	O
pochés	O
,	O
de	O
mâchoires	O
démolies	O
entre	O
Yankees	B-MISC
enthousiastes	O
de	O
navigation	O
aérienne	O
.	O

Le	O
Great	O
New	B-LOC
-	I-LOC
York	I-LOC
Herald	O
,	O
qui	O
emportait	O
à	O
chaque	O
ascension	O
vingt	O
-	O
cinq	O
passagers	O
payants	O
dans	O
sa	O
nacelle	O
,	O
faisait	O
de	O
douze	O
à	O
quatorze	O
voyages	O
dans	O
l'après	O
-	O
midi	O
.	O

Le	O
prix	O
des	O
places	O
ayant	O
été	O
fixé	O
à	O
cinq	O
dollars	O
¹	O
par	O
personne	O
,	O
et	O
le	O
prix	O
d'entrée	O
dans	O
l'enceinte	O
à	O
cinquante	O
cents	O
,	O
nous	O
encaissâmes	O
,	O
dans	O
les	O
trente	O
premiers	O
jours	O
,	O
dix	O
mille	O
livres	O
²	O
;	O

le	O
ballon	O
,	O
ses	O
accessoires	O
et	O
nos	O
frais	O
payés	O
,	O
c'était	O
déjà	O
pour	O
nous	O
40,000	O
francs	O
de	O
bénéfice	O
net	O
.	O

Dans	O
le	O
courant	O
du	O
second	O
mois	O
,	O
nous	O
baissâmes	O
le	O
prix	O
des	O
places	O
de	O
façon	O
à	O
les	O
mettre	O
à	O
la	O
portée	O
des	O
bourses	O
plus	O
modestes	O
.	O

Et	O
,	O
pour	O
surexciter	O
l'attention	O
,	O
captiver	O
le	O
public	O
et	O
le	O
tenir	O
en	O
haleine	O

,	O
nous	O
imaginâmes	O
chaque	O
1	O
.	O

Vingt	O
-	O
cinq	O
francs	O
.	O
2	O
.	O

Deux	O
cent	O
cinquante	O
mille	O
francs	O
.	O

semaine	O
des	O
divertissements	O
aérostatiques	O
nouveaux	O
.	O

Tantôt	O
c'était	O
une	O
joute	O
aérienne	O
de	O
distance	O
,	O
véritable	O
steeple	O
-	O
chase	O
aérien	O
;	O

tantôt	O
c'était	O
l'ascension	O
nocturne	O
de	O
ballons	O
éclairés	O
à	O
la	O
lumière	O
électrique	O
et	O
entourés	O
de	O
feux	O
de	O
Bengale	O
,	O
ou	O
bien	O
des	O
exercices	O
vertigineux	O
de	O
trapèze	O
en	O
plein	O
ciel	O
.	O

Enfin	O
notre	O
programme	O
était	O
des	O
plus	O
variés	O
.	O

Ce	O
fut	O
dans	O
ces	O
occupations	O
multiples	O
que	O
se	O
passa	O
notre	O
saison	O
,	O
du	O
1er	O
mai	O
au	O
15	O
septembre	O
.	O

Puis	O
,	O
quand	O
l'intérêt	O
se	O
dissipa	O
,	O
que	O
l'enthousiasme	O
se	O
refroidit	O
,	O
que	O
notre	O
ballon	O
fut	O
devenu	O
une	O
chose	O
à	O
laquelle	O
tout	O
le	O
monde	O
était	O
habitué	O
,	O
nous	O
pensâmes	O
que	O
l'époque	O
du	O
grand	O
voyage	O
s'approchait	O
et	O
qu'il	O
était	O
bon	O
de	O
prendre	O
nos	O
précautions	O
un	O
peu	O
à	O
l'avance	O
et	O
de	O
parer	O
à	O
toute	O
éventualité	O
.	O

La	O
nacelle	O
et	O
les	O
cercles	O
furent	O
donc	O
changés	O
.	O

La	O
nacelle	O
qui	O
devait	O
nous	O
servir	O
pour	O
notre	O
traversée	O
était	O
,	O
à	O
peu	O
de	O
chose	O
près	O
,	O
carrée	O
,	O
de	O
2	O
mètres	O
sur	O
3	O

.	O

Elle	O
était	O
en	O
osier	O
très	O
élastique	O
et	O
recouverte	O
entièrement	O
,	O
sur	O
ses	O
parois	O
,	O
de	O
plaques	O
minces	O
de	O
liège	O
cachées	O
par	O
une	O
enveloppe	O
de	O
caoutchouc	O
qui	O
la	O
rendait	O
,	O
par	O
conséquent	O
,	O
insubmersible	O
.	O

Les	O
coffres	O
renfermaient	O
pour	O
un	O
mois	O
de	O
vivres	O
et	O
d'eau	O
nécessaires	O
à	O
cinq	O
personnes	O
,	O
des	O
accessoires	O
de	O
toutes	O
sortes	O
,	O
vêtements	O
de	O
rechange	O
,	O
toilette	O
,	O
et	O
,	O
ce	O
qui	O
était	O
plus	O
précieux	O
,	O
des	O
cartes	O
excellentes	O
et	O
des	O
instruments	O
de	O
physique	O
.	O

Comme	O
engins	O
d'arrêt	O
,	O
nous	O
avions	O
une	O
ancre	O
de	O
80	O
kilogrammes	O
,	O
deux	O
grappins	O
,	O
deux	O
guide	O
-	O
ropes	O
de	O
150	O
mètres	O
et	O
surtout	O
le	O
frein	O
aéronautique	O
—	O
le	O
cône	O
-	O
ancre	O
perfectionné	O
—	O
de	O
l'ingénieur	B-PER
Yon	I-PER
.	O

Nous	O
étions	O
parés	O
;	O

notre	O
aérostat	O
,	O
retenu	O
par	O
son	O
câble	O
,	O
fut	O
maintenu	O
suffisamment	O
gonflé	O
pour	O
résister	O
au	O
vent	O
,	O
et	O
il	O
ne	O
nous	O
resta	O
plus	O
qu	O
'	O
à	O
sauter	O
dans	O
la	O
nacelle	O
,	O
quand	O
le	O
vent	O
propice	O
soufflerait	O
.	O

C'était	O
le	O
27	O
septembre	O
...	O

III	O

LE	O
DÉPART	O

Le	O
6	O
octobre	O
,	O
à	O
minuit	O
,	O
au	O
moment	O
où	O
,	O
exténué	O
de	O
la	O
journée	O
,	O
je	O
reposais	O
tranquillement	O
dans	O
l'appartement	O
qui	O
m'avait	O
été	O
aménagé	O
dans	O
une	O
construction	O
élevée	O
sur	O
le	O
terrain	O
même	O
du	O
ballon	O
,	O
la	O
sonnerie	O
d'avertissement	O
du	O
téléphone	O
retentit	O
et	O
me	O
réveilla	O
en	O
sursaut	O
.	O

Tout	O
alourdi	O
de	O
sommeil	O
,	O
je	O
sautai	O
cependant	O
à	O
bas	O
du	O
lit	O
et	O
courus	O
à	O
l'appareil	O
,	O
d'où	O
je	O
renvoyai	O
le	O
signal	O
annonçant	O
ma	O
présence	O
.	O

Je	O
reçus	O
la	O
dépêche	O
suivante	O
:	O
«	O
De	O
Denver	B-LOC
-	O
City	B-LOC
,	O
minuit	O
.	O

«	O
L'observatoire	O
météorologique	O
de	B-LOC
Bennett	B-LOC
College	I-LOC
a	O
l'honneur	O
de	O
vous	O
prévenir	O
qu'une	O
dépression	O
formidable	O
vient	O
de	O
se	O
produire	O
.	O

La	O
bourrasque	O
,	O
qui	O
marche	O
à	O
raison	O
de	O
quarante	O
milles	O
marins¹	O
à	O
l'heure	O
,	O
passera	O
au	O
-	O
dessus	O
de	O
New	B-LOC
-	I-LOC
York	I-LOC
vers	O
six	O
heures	O
du	O
matin	O
,	O
pour	O
s'engager	O
sur	O
l'Atlantique	B-LOC
et	O
venir	O
frapper	O
,	O
trois	O
jours	O
et	O
demi	O
après	O
,	O
les	B-LOC
côtes	I-LOC
d'Europe	I-LOC
.	O

Préparez	O
-	O
vous	O
donc	O
à	O
partir	O
.	O

«	O
Le	O
directeur	O
de	O
l'Observatoire	B-ORG
,	O
«	O
HARRY	B-PER
WESTFIELD	I-PER
.	O
»	O

1	O
.	O

Soixante	O
-	O
quatorze	O
kilomètres	O
à	O
l'heure	O
,	O
ou	O
20	O
mètres	O
à	O
la	O
seconde	O
.	O

Je	O
réveillai	O
immédiatement	O
mon	O
compagnon	O
Ménars	B-PER
et	O
lui	O
rapportai	O
les	O
paroles	O
qui	O
venaient	O
de	O
m'être	O
transmises	O
.	O

Il	O
se	O
précipita	O
à	O
la	O
fenêtre	O
,	O
donna	O
un	O
coup	O
d'oeil	O
au	O
temps	O
,	O
qui	O
nous	O
parut	O
bas	O
et	O
lourd	O
,	O
et	O
consulta	O
nos	O
appareils	O
enregistreurs	O
.	O

Le	O
baromètre	O
était	O
à	O
730	O
millimètres	O
,	O
signe	O
certain	O
de	O
tempête	O
,	O
le	O
storm	O
-	O
glass	O
trouble	O
,	O
et	O
la	O
boussole	O
affolée	O
:	O

autant	O
d'indices	O
d'un	O
cataclysme	O
prochain	O

.	O

Les	O
prévisions	O
du	O
directeur	O
de	O
l'observatoire	O
de	B-LOC
Bennett	B-LOC
College	I-LOC
devaient	O
être	O
justes	O
;	O

il	O
fallait	O
donc	O
nous	O
préparer	O
à	O
partir	O
,	O
si	O
elles	O
se	O
réalisaient	O
.	O

Nous	O
nous	O
habillâmes	O
de	O
pied	O
en	O
cap	O
,	O
et	O
je	O
prévins	O
par	O
voie	O
téléphonique	O
les	O
personnes	O
qui	O
devaient	O
s'embarquer	O
et	O
partir	O
avec	O
nous	O
.	O

Quand	O
nous	O
arrivâmes	O
près	O
du	O
ballon	O
,	O
deux	O
heures	O
du	O
matin	O
sonnaient	O
aux	O
horloges	O
de	O
New	B-LOC
-	B-LOC
York	I-LOC
;	O

la	O
nuit	O
était	O
humide	O
et	O
froide	O
,	O
et	O
le	O
ciel	O
embrumé	O
de	O
nuages	O
épais	O
et	O
lourds	O
.	O

Nous	O
procédâmes	O
à	O
nos	O
dernières	O
manoeuvres	O
.	O

Nous	O
réveillâmes	O
notre	O
équipe	O
,	O
et	O
bientôt	O
la	O
nuit	O
fut	O
sillonnée	O
de	O
lumières	O
nombreuses	O
allant	O
et	O
venant	O
dans	O
tous	O
les	O
sens	O
.	O

Les	O
générateurs	O
à	O
vapeur	O
furent	O
chauffés	O
,	O
et	O
l'appareil	O
à	O
gaz	O
,	O
mis	O
en	O
jeu	O
,	O
envoya	O
des	O
torrents	O
d'hydrogène	O
dans	O
l'aérostat	O
à	O
demi	O
dégonflé	O
.	O

Toutes	O
les	O
entraves	O
et	O
cordages	O
de	O
manoeuvre	O
furent	O
enlevés	O
,	O
et	O
le	O
Great	B-LOC
New	I-LOC
-	I-LOC
York	I-LOC
Herald	I-LOC
,	O
n'étant	O
plus	O
retenu	O
que	O
par	O
son	O
câble	O
,	O
commença	O
à	O
se	O
dandiner	O
sous	O
le	O
souffle	O
du	O
vent	O
qui	O
se	O
levait	O
.	O

A	O
quatre	O
heures	O
du	O
matin	O
,	O
tout	O
était	O
prêt	O
,	O
le	O
ballon	O
entièrement	O
rempli	O
de	O
gaz	O
et	O
muni	O
de	O
tous	O
ses	O
agrès	O
.	O

Nos	O
compagnons	O
étaient	O
arrivés	O
.	O

Ils	O
étaient	O
au	O
nombre	O
de	O
quatre	O
seulement	O
,	O
et	O
je	O
puis	O
dire	O
d'eux	O
que	O
c'étaient	O
des	O
braves	O
,	O
marchant	O
au	O
danger	O
sans	O
émotion	O
comme	O
sans	O
fracas	O
.	O

Et	O
jamais	O
,	O
auparavant	O
,	O
ils	O
ne	O
s'étaient	O
lancés	O
à	O
travers	O
l'espace	O
dans	O
la	O
frêle	O
nacelle	O
d'un	O
aérostat	O
!	O

Ces	O
intrépides	O
voyageurs	O
étaient	O
:	O
Sir	B-PER
George	I-PER
Robbarts	I-PER
,	O
officier	O
de	O
la	O
marine	O
de	B-ORG
l'Union	I-ORG
,	O
James	B-PER
Anderson	I-PER
,	O
astronome	O
et	O
météorologiste	O
de	O
l'observatoire	B-ORG
national	I-ORG
de	I-ORG
Philadelphie	I-ORG
;	O

Cyrus	B-PER
Ahsvell	I-PER
,	O
rédacteur	O
scientifique	O
du	O
New	O
-	O
York	O
HoraId	O
,	O
Et	O
Henry	B-PER
Lawrence	I-PER
,	O
peintre	O
,	O
musicien	O
,	O
artiste	O
enfin	O
,	O
et	O
qui	O
nous	O
arrivait	O
nous	O
n'avons	O
jamais	O
su	O
d'où	O
.	O

Le	O
vent	O
avait	O
fraîchi	O
;	O

de	O
petite	O
brise	O
,	O
il	O
était	O
passé	O
au	O
grand	O
frais	O
,	O
et	O
peu	O
après	O
à	O
la	O
tempête	O
,	O
et	O
il	O
faisait	O
25	O
mètres	O
à	O
la	O
seconde	O
.	O

Sous	O
son	O
effort	O
,	O
le	B-LOC
Great	I-LOC
New	I-LOC
-	I-LOC
York	I-LOC

Herald	O

oscillait	O
avec	O
un	O
isochronisme	O
parfait	O
;	O

son	O
étoffe	O
se	O
tendait	O
,	O
s'agitait	O
;	O

le	O
filet	O
détonait	O
et	O
claquait	O
;	O

les	O
cordes	O
de	O
retenue	O
fouettaient	O
l'air	O
,	O
et	O
,	O
par	O
moments	O
,	O
tout	O
le	O
système	O
semblait	O
être	O
près	O
d'être	O
arraché	O
du	O
sol	O
par	O
la	O
violence	O
des	O
convulsions	O
atmosphériques	O
.	O

Vers	O
cinq	O
heures	O
du	O
matin	O
,	O
le	O
vent	O
redoubla	O
de	O
rage	O
,	O
et	O
la	O
pluie	O
se	O
mit	O
à	O
tomber	O
en	O
cascades	O
ruisselantes	O
;	O

dans	O
un	O
ciel	O
obscur	O
,	O
quelques	O
nuages	O
blanchâtres	O
,	O
déchiquetés	O
et	O
effiloqués	O
comme	O
de	O
grandes	O
loques	O
,	O
fuyaient	O
rapidement	O
vers	O
l'est	O
.	O

Ménars	B-PER
sauta	O
dans	O
la	O
nacelle	O
et	O
compta	O
les	O
sacs	O
de	O
lest	O
.	O

Il	O
y	O
en	O
avait	O
trois	O
cents	O
,	O
de	O
20	O
kilogrammes	O
chacun	O
,	O
ou	O
6,000	O
kilogrammes	O
en	O
tout	O
.	O

Quant	O
à	O
la	O
force	O
ascensionnelle	O
,	O
le	O
peson	O
nous	O
indiquait	O
qu'elle	O
devait	O
être	O
au	O
moins	O
de	O
500	O
kilogrammes	O
.	O

C'était	O
suffisant	O
.	O

«	O
En	O
place	O
,	O
en	O
nacelle	O
,	O
Messieurs	O
!	O

»	O
commanda	O
notre	O
capitaine	O
.	O

Nous	O
embarquâmes	O
à	O
tour	O
de	O
rôle	O
,	O
et	O
je	O
montai	O
le	O
dernier	O
à	O
bord	O
.	O

La	O
pluie	O
ruisselait	O
toujours	O
avec	O
un	O
bruit	O
triste	O
et	O
monotone	O
.	O

Sir	B-PER
Gordon	I-PER
Bennett	I-PER
était	O
là	O
;	O

il	O
ne	O
put	O
maîtriser	O
son	O
émotion	O
et	O
nous	O
serra	O
la	O
main	O
à	O
tous	O
.	O

«	O
Au	O
revoir	O
,	O
Messieurs	O
,	O
nous	O
dit	O
-	O

il	O
,	O
et	O
que	O
Dieu	B-PER
vous	O
conduise	O
au	O
port	O
!	O

—	O
All	O
right	O
!	O

répondis	O
-	O
je	O
.	O

—	O
Laissez	O
monter	O
!	O
»	O
cria	O
aumécamicien	B-PER
notre	O
capitaine	O
,	O
grimpé	O
sur	O
le	O
bord	O
de	O
la	O
nacelle	O
,	O
la	O
corde	O
de	O
soupape	O
à	O
la	O
main	O
.	O

Je	O
me	O
dressai	O
,	O
la	O
hache	O
au	O
poing	O
,	O
près	O
de	O
l'épissure	O
du	O
câble	O
;	O

carj'avais	O
réclamé	O
l'honneur	O
de	O
trancher	O
notre	O
lien	O
au	O
moment	O
voulu	O
.	O

Dominé	O
par	O
l'immense	O
force	O
du	O
vent	O
agissant	O
sur	O
sa	O
surface	O
,	O
le	O
ballon	O
gémissait	O
et	O
se	O
courbait	O
sous	O
un	O
angle	O
de	O
45	O
degrés	O
.	O

Nous	O
arrivâmes	O
à	O
300	O
mètres	O
,	O
au	O
-	O
dessus	O
de	O
tous	O
les	O
obstacles	O
qu'il	O
nous	O
fallait	O
franchir	O
.	O

Au	O
-	O
dessous	O
de	O
nous	O
,	O
NewYork	B-LOC
apparaissait	O
,	O
dans	O
un	O
petit	O
jour	O
terne	O
et	O
grisâtre	O
,	O
et	O
jusqu	O
'	O
à	O
l'horizon	O
sans	O
limites	O
s'étendait	O
l'océan	B-LOC
Atlantique	I-LOC
,	O
qu'un	O
rideau	O
de	O
pluie	O
nous	O
cachait	O
à	O
demi	O
.	O

J'eus	O
un	O
instant	O
d'indécision	O
.	O

«	O
Coupez	O
!	O
»	O
ordonna	O
le	B-PER
capitaine	I-PER
.	O

Ma	O
hache	O
s'abattit	O
d'elle	O
-	O
même	O
;	O

un	O
toron	O
céda	O
.	O

«	O
Lâchez	O
tout	O
!	O
...	O
»	O
cria	O
encore	O
Ménars	B-PER
.	O

Je	O
donnai	O
un	O
second	O
coup	O
;	O

une	O
secousse	O
épouvantable	O
qui	O
nous	O
renversa	O
se	O
fit	O
sentir	O
,	O
et	O
nous	O
nous	O
trouvâmes	O
,	O
libres	O
enfin	O
,	O
dans	O
les	O
nuages	O
.	O

Notre	O
capitaine	O
,	O
le	O
premier	O
relevé	O
,	O
tenait	O
la	O
soupape	O
grande	O
ouverte	O
pour	O
maîtriser	O
l'énorme	O
force	O
ascensionnelle	O
qui	O
nous	O
emportait	O
.	O

Cinq	O
minutes	O
après	O
,	O
nous	O
redescendions	O
à	O
500	O
mètres	O
,	O
et	O
nous	O
ne	O
découvrions	O
plus	O
déjà	O
que	O
l'immense	O
surface	O
de	O
l'Océan	B-LOC
écumant	O
sous	O
nos	O
pieds	O
.	O

Le	O
voyage	O
commençait	O
.	O

IV	O
LE	O
VOYAGE	O
.	O

«	O
Voici	O
douze	O
heures	O
que	O
nous	O
sommes	O
partis	O
,	O
capitaine	O
,	O
et	O
nous	O
avons	O
dû	O
faire	O
900	O
kilomètres	O
au	O
moins	O
.	O

Encore	O
70	O
heures	O
de	O
cette	O
vitesse	O
,	O
et	O
nous	O
serons	O
arrivés	O
!	O

dit	O
le	B-PER
météorologiste	I-PER
Anderson	I-PER
.	O

—	O
Voudriez	O
-	O
vous	O
déjà	O
être	O
arrivé	O
?	O

exclama	O
le	B-PER
peintre	I-PER
Laurence	I-PER
d'une	O
voix	O
joyeuse	O
.	O

Pour	O
moi	O
,	O
je	O
trouve	O
que	O
rien	O
n'est	O
plus	O
agréable	O
que	O
de	O
voyager	O
comme	O
nous	O
le	O
faisons	O
,	O
à	O
500	O
mètres	O
des	O
flots	O
irrités	O
,	O
à	O
part	O
pourtant	O
les	O
douches	O
qui	O
nous	O
tombent	O
de	O
temps	O
en	O
temps	O
de	O
là	O
-	O
haut…	O

—	O
Je	O
trouve	O
,	O
dit	O
d'un	O
ton	O
sentencieux	O
Cyrus	B-PER
Ashvell	I-PER
,	O
qui	O
remettait	O
son	O
agenda	O
dans	O
sa	O
poche	O
,	O
que	O
vous	O
discutez	O
à	O
vide	O
,	O
Messieurs	O
.	O

Il	O
serait	O
préférable	O
,	O
je	O
crois	O
,	O
à	O
tous	O
les	O
points	O
de	O
vue	O
,	O
de	O
nous	O
mettre	O
à	O
table	O
.	O

—	O
C'est	O
cela	O
!	O
à	O
table	O
!	O

»	O
criâmes	O
-	O
nous	O
en	O
choeur	O
.	O

Le	O
couvert	O
fut	O
rapidement	O
dressé	O
,	O
et	O
nous	O
fîmes	O
,	O
à	O
500	O
mètres	O
dans	O
les	O
airs	O
,	O
un	O
repas	O
succulent	O
,	O
de	O
ceux	O
dont	O
on	O
garde	O
un	O
agréable	O
souvenir	O
pendant	O
longtemps	O
.	O

Et	O
,	O
au	O
dessert	O
,	O
nous	O
bûmes	O
d'excellents	O
vins	O
de	O
France	B-LOC
et	O
nous	O
trinquâmes	O
à	O
la	O
prospérité	O
et	O
à	O
l'union	O
des	O
deux	O
nations	O
soeurs	O
,	O
la	B-LOC
France	I-LOC
et	O
l'Amérique	B-LOC
.	O

Quand	O
notre	O
souper	O
fut	O
expédié	O
,	O
l'obscurité	O
nous	O
envahit	O
,	O
et	O
ce	O
ne	O
fut	O
qu	O
'	O
à	O
tâtons	O
presque	O
que	O
je	O
remis	O
toute	O
notre	O
batterie	O
de	O
cuisine	O
en	O
place	O
.	O

Soudain	O
une	O
intense	O
clarté	O
illumina	O
notre	O
nacelle	O
.	O

Ménars	B-PER
avait	O
mis	O
en	O
action	O
une	O
forte	O
pile	O
au	O
bichromate	O
que	O
nous	O
avions	O
emportée	O
,	O
et	O
allumé	O
deux	O
lampes	O
à	O
incandescence	O
de	O
Swan	B-PER
,	O
placées	O
dans	O
l'enveloppe	O
de	O
sécurité	O
de	O
son	O
invention	O
.	O

A	O
la	O
lumière	O
de	O
ces	O
éclatantes	O
ampoules	O
,	O
nous	O
pûmes	O
encore	O
travailler	O
.	O

Sir	B-PER
Robbarts	I-PER
notait	O
et	O
faisait	O
des	O
calculs	O
;	O

Anderson	B-PER
inscrivait	O
les	O
lectures	O
des	O
instruments	O
.	O

Cyrus	B-PER
mettait	O
en	O
ordre	O
le	O
journal	O
de	O
bord	O
et	O
copiait	O
au	O
net	O
ses	O
notes	O
de	O
voyage	O
.	O

Lawrence	B-PER
,	O
tout	O
en	O
débitant	O
une	O
série	O
de	O
coq	O
-	O
à	O
-	O
l'âne	O
dignes	O
d'un	O
rapin	O
parisien	O
,	O
dessinait	O
un	O
croquis	O
du	O
ballon	O
éclairé	O
comme	O
il	O
l'était	O
par	O
les	O
lampes	O
électriques	O
.	O

Quant	O
à	O
moi	O
,	O
je	O
discutais	O
avec	O
mon	O
ami	O
le	B-PER
capitaine	I-PER
les	O
diverses	O
issues	O
du	O
voyage	O
.	O

«	O
Rien	O
à	O
craindre	O
jusqu	O
'	O
à	O
présent	O
,	O
me	O
disait	O
-	O
il	O
.	O

Nous	O
marchons	O
bien	O
,	O
et	O
,	O
quoique	O
le	O
ballon	O
soit	O
usé	O
par	O
ses	O
trois	O
mois	O
d'ascensions	O
captives	O
,	O
il	O
se	O
tient	O
encore	O
bien	O
et	O
nous	O
mènera	O
jusqu'en	B-LOC
Europe	B-LOC
,	O
si	O
là	O
doit	O
être	O
le	O
lieu	O
de	O
notre	O
voyage	O
...	O

—	O
Ce	O
serait	O
trop	O
beau	O
,	O
»	O
murmurai	O
-	O
je	O
.	O

A	O
neuf	O
heures	O
,	O
comme	O
nous	O
tombions	O
tous	O
de	O
sommeil	O
,	O
les	O
quarts	O
furent	O
distribués	O
:	O
le	O
premier	O
à	O
l'officier	O
de	O
marine	O
,	O
le	O
second	O
à	O
l'astronome	O
,	O
le	O
troisième	O
à	O
Lawrence	B-PER
et	O
le	O
quatrième	O
à	O
moi	O
.	O

Chaque	O
quart	O
devait	O
être	O
de	O
deux	O
heures	O
.	O

La	O
nuit	O
se	O
passa	O
sans	O
encombre	O
,	O
sinon	O
qu'il	O
fallut	O
nous	O
dégarnir	O
d'un	O
cinquantaine	O
de	O
sacs	O
de	O
lest	O
,	O
environ	O
une	O
tonne	O
,	O
par	O
l'effet	O
d'une	O
condensation	O
et	O
du	O
refroidissement	O
du	O
gaz	O
.	O

Mais	O
,	O
pour	O
éviter	O
cette	O
perte	O
dans	O
la	O
seconde	O
nuit	O
,	O
notre	O
capitaine	O
utilisa	O
alors	O
le	O
frein	O
aéronautique	O
de	O
Yon	B-LOC
.	O

Pour	O
cela	O
,	O
cet	O
appareil	O
,	O
qui	O
avait	O
la	O
forme	O
d'un	O
cône	O
largement	O
ouvert	O
à	O
la	O
base	O
,	O
fut	O
jeté	O
à	O
la	O
mer	O
.	O

Il	O
s'emplit	O
d'eau	O
,	O
et	O
,	O
durant	O
toute	O
la	O
seconde	O
journée	O
et	O
la	O
seconde	O
nuit	O
,	O
cette	O
eau	O
nous	O
tint	O
lieu	O
du	O
lest	O
que	O
nous	O
voulions	O
économiser	O
.	O

Cette	O
journée	O
et	O
cette	O
nuit	O
se	O
passèrent	O
encore	O
agréablement	O
dans	O
la	O
nacelle	O
du	B-LOC
Great	I-LOC
New	I-LOC
-	I-LOC
York	I-LOC
Hérald	I-LOC
.	O

Le	O
vent	O
ne	O
faiblissait	O
pas	O
;	O
et	O
nous	O
brûlions	O
l'espace	O
sans	O
le	O
sentir	O
,	O
immergés	O
dans	O
la	O
bourrasque	O
comme	O
nous	O
l'étions	O
.	O

Nous	O
devions	O
être	O
alors	O
au	O
milieu	O
de	O
l'Atlantique	B-LOC
,	O
à	O
600	O
lieues	O
au	O
moins	O
des	O
terres	O
les	O
plus	O
proches	O
.	O

Il	O
nous	O
restait	O
encore	O
une	O
quarantaine	O
d'heures	O
à	O
nous	O
maintenir	O
dans	O
les	O
airs	O
avant	O
d'être	O
arrivés	O
.	O

Mais	O
que	O
le	O
but	O
se	O
présentât	O
le	O
plus	O
rapidement	O
possible	O
à	O
nos	O
yeux	O
!	O

car	O
c'était	O
tout	O
ce	O
que	O
pourrait	O
faire	O
le	O
ballon	O
,	O
dont	O
le	O
gaz	O
fuyait	O
à	O
travers	O
l'enveloppe	O
usée	O
par	O
de	O
longs	O
mois	O
de	O
service	O
!	O

Malgré	O
la	O
science	O
et	O
l'habileté	O
de	O
notre	O
capitaine	O
,	O
nous	O
égrenions	O
notre	O
lest	O
,	O
notre	O
force	O
,	O
notre	O
vie	O
,	O
le	O
long	O
du	O
chemin	O
.	O

Déjà	O
cent	O
cinquante	O
sacs	O
,	O
3,000	O
kilogrammes	O
,	O
avaient	O
été	O
lancés	O
par	O
-	O
dessus	O
bord	O
.	O

Et	O
il	O
fallait	O
sans	O
cesse	O
en	O
jeter	O
pour	O
nous	O
maintenir	O
dans	O
le	O
centre	O
de	O
la	O
bourrasque	O
qui	O
nous	O
entraînait	O
!	O

...	O

La	O
déperdition	O
du	O
gaz	O
était	O
évidente	O
;	O

aussi	O
fallait	O
-	O
il	O
arriver	O
le	O
plus	O
rapidement	O
possible	O
au	O
but	O
.	O

Sans	O
parler	O
à	O
nos	O
compagnons	O
de	O
cette	O
terrible	O
éventualité	O
,	O
la	O
chute	O
en	O
plein	O
Océan	B-LOC
,	O
nous	O
poursuivîmes	O
notre	O
voyage	O
pendant	O
huit	O
heures	O
encore	O
.	O

Nous	O
nous	O
flattions	O
d'arriver	O
dans	O
peu	O
de	O
temps	O
en	O
vue	O
d'un	O
continent	O
,	O
quand	O
,	O
la	O
dernière	O
nuit	O
,	O
pendant	O
mon	O
quart	O
,	O
un	O
accident	O
se	O
produisit	O
.	O

Je	O
songeais	O
aux	O
péripéties	O
de	O
notre	O
grand	O
voyage	O
qui	O
s'achevait	O
,	O
à	O
la	O
côte	O
qui	O
se	O
rapprochait	O
,	O
à	O
la	B-LOC
France	I-LOC
que	O
j'allais	O
revoir	O
,	O
à	O
la	O
famille	O
,	O
aux	O
amis	O
,	O
qui	O
m'attendaient	O
,	O
quand	O
soudain	O
un	O
bruit	O
strident	O
,	O
sinistre	O
,	O
se	O
fit	O
entendre	O
et	O
me	O
tira	O
brusquement	O
de	O
ma	O
rêverie	O
.	O

Le	O
ballon	O
venait	O
de	O
se	O
déchirer	O
.	O

«	O
Alerte	O
!	O

criai	O
-	O
je	O
d'une	O
voix	O
éclatante	O
,	O
alerte	O
!	O

le	O
ballon	O
est	O
crevé	O
!	O

»	O

Le	O
baromètre	O
indiquait	O
une	O
altitude	O
de	O
300	O
mètres	O
,	O
et	O
nous	O
tombions	O
rapidement	O
versl'Océan	B-LOC
,	O
-	O
dont	O
le	O
mugissement	O
se	O
faisait	O
entendre	O
plus	O
rapproché	O
.	O

Ménars	B-PER
,	O
le	O
premier	O
debout	O
,	O
avait	O
jugé	O
le	O
danger	O
d'un	O
coup	O
d'oeil	O
.	O

Nos	O
compagnons	O
,	O
mal	O
éveillés	O
,	O
se	O
pressaient	O
près	O
de	O
nous	O
,	O
et	O
leurs	O
exclamations	O
s'entre	O
-	O
croisaiènt	O
.	O

«	O
Anous	O
deux	O
me	O
dit	O
d'une	O
voix	O
mâle	O
notre	O
capitaine	O
,	O
rien	O
n'est	O
encore	O
perdu	O
aidez	O
-	O
moi	O
;	O

tous	O
à	O
l'oeuvre	O
!	O

»	O

II	O
grimpa	O
par	O
la	O
corde	O
d'appendice	O
et	O
pénétra	O
jusque	O
dans	O
le	O
ballon	O
,	O
dont	O
l'enveloppe	O
distendue	O
grinçait	O
et	O
se	O
tordait	O
dans	O
le	O
filet	O
..	O

«	O
A	O
vous	O
,	O
me	O
cria	O
-	O
t	O
-	O
il	O
.	O

Amarrez	O
ces	O
cordes	O
aux	O
gabillots	O
du	O
cercle	O
!	O

J'obéis	O
et	O
amarrai	O
par	O
leurs	O
boucles	O
les	O
cordes	O
qu'il	O
m'avait	O
lancées	O
,	O
au	O
cercle	O
de	O
retenue	O
.	O

Au	O
moment	O
où	O
je	O
commençais	O
ce	O
travail	O
,	O
la	O
nacelle	O
atteignit	O
la	O
surface	O
de	O
l'Océan	B-LOC
et	O
se	O
mit	O
à	O
danser	O
sur	O
des	O
vagues	O
hautes	O
comme	O
des	O
maisons	O
et	O
qui	O
menaçaient	O
à	O
tout	O
instant	O
de	O
nous	O
engloutir	O
.	O

La	O
situation	O
devenait	O
critique	O
.	O

V	O

L'arrivée	O
.	O

Notre	O
capitaine	O
était	O
redescendu	O
dans	O
la	O
nacelle	O
.	O

«	O
Messieurs	O
,	O
nous	O
dit	O
-	O
il	O
d'une	O
voix	O
grave	O
,	O
la	O
situation	O
est	O
difficile	O
,	O
mais	O
non	O
encore	O
désespérée	O
.	O

Nous	O
pouvons	O
nous	O
sauyer	O
,	O
avec	O
de	O
l'énergie	O
et	O
,	O
du	O
courage	O
.	O

Pour	O
çela	O
,	O
il	O
-	O
faut	O
couper	O
le	O
filet	O
à	O
l'endroit	O
de	O
la	O
déchirure	O
de	O
l'aérostat	O
et	O
le	O
fendre	O
d'un	O
bout	O
à	O
l'autre	O
.	O

Qui	O
se	O
dévouera	O
pour	O
aller	O
exécuter	O
ce	O
travail	O
»	O

Chacun	O
considéra	O
les	O
lames	O
monstrueuses	O
qui	O
nous	O
assaillaient	O
et	O
se	O
tut	O
.	O

Alors	O
je	O
m'écriai	O
:	O

«	O
Moi	O
,	O
-	O
j'irai	O
,	O
alors	O

Attachez	O
,	O
moi	O

C'est	O
à	O
moi	O
de	O
faire	O
mon	O
devoir	O
,	O
dit	O
sir	B-PER
George	I-PER
d'un	O
ton	O
calme	O
;	O

je	O
veux	O
y	O
aller	O
.	O

La	O
mer	O
est	O
mon	O
élément	O
.	O

Je	O
réussirai	O
!	O

Dieu	B-PER
vous	O
entende	O
!	O

»	O
dit	O
l'astronome	O
,	O
perdu	O
dans	O
un	O
coin	O
.	O

L'officier	O
se	O
dépouilla	O
de	O
ses	O
vêtements	O
on	O
l'attacha	O
par	O
une	O
longue	O
corde	O
à	O
la	O
nacelle	O
,	O
et	O
,	O
le	O
couteau	O
à	O
la	O
main	O
,	O
il	O
s'avança	O
vers	O
le	O
ballon	O
,	O
se	O
cramponnant	O
fébrilement	O
aux	O
cordes	O
du	O
filet	O
.	O

La	O
nuit	O
était	O
obscure	O
;	O

nous	O
le	O
perdîmes	O
de	O
vue	O
,	O
«	O
Rétablissons	O
l'équilibrage	O
,	O
»	O
me	O
dit	O
le	B-PER
capitaine	I-PER
,	O
dont	O
la	O
voix	O
me	O
parvenait	O
à	O
peine	O
,	O
dominant	O
le	O
fracas	O
de	O
la	O
mer	O
déchaînée	O
.	O

Nous	O
tirâmes	O
à	O
nous	O
quelques	O
matériaux	O
cachés	O
dans	O
un	O
coin	O
de	O
la	O
nacelle	O
et	O
,	O
en	O
quelques	O
instants	O
,	O
nous	O
eûmes	O
reconstruit	O
une	O
nacelle	O
circulaire	O
,	O
mais	O
plus	O
petite	O
que	O
celle	O
qui	O
nous	O
contenait	O
.	O

Anderson	B-PER
et	O
Lawrence	B-PER
arrimaient	O
les	O
cordes	O
au	O
cercle	O
,	O
selon	O
nos	O
indications	O
,	O
pendant	O
ce	O
temps	O
.	O

Nous	O
garnîmes	O
les	O
coffres	O
de	O
cette	O
nouvelle	O
nacelle	O
due	O
provisions	O
et	O
d'eau	O
;	O

nous	O
amarrâmes	O
l'ancre	O
,	O
un	O
grappin	O
,	O
un	O
guide	O
-	O
rope	O
,	O
le	O
frein	O
aéronautique	O
et	O
une	O
soixantaine	O
de	O
sacs	O
de	O
sable	O
aux	O
parois	O
du	O
panier	O
.	O

Deux	O
heures	O
furent	O
nécessaires	O
pour	O
exécuter	O
ce	O
travail	O
,	O
qui	O
fut	O
enfin	O
terminé	O
,	O
malgré	O
'	O
les	O
éléments	O
conjurés	O
contre	O
nous	O
.	O

Enfin	O
,	O
sir	B-PER
Robbarts	I-PER
revint	O
,	O
mouillé	O
,	O
brisé	O
de	O
,	O
'	O
fatigue	O
,	O
mais	O
triomphant	O
.	O

«	O
C'est	O
fait	O
»	O
»	O
nous	O
dit	O
-	O
il	O
.	O

A	O
ce	O
moment	O
,	O
une	O
lame	O
gigantesque	O
arriva	O
sur	O
nous	O
et	O
un	O
paquet	O
de	O
mer	O
embarqua	O
,	O
nous	O
couvrant	O
d'écume	O
et	O
d'eau	O
.	O

«	O
Tout	O
le	O
monde	O
en	O
nacelle	O
!	O
»	O
cria	O
Ménars	B-PER
.	O

Nous	O
primes	O
nos	O
places	O
dans	O
le	O
nouveau	O
panier	O
.	O

0	O
surprise	O
un	O
autre	O
ballon	O
,	O
plus	O
petit	O
,	O
il	O
est	O
vrai	O
,	O
que	O
le	B-ORG
Gh'eat	I-ORG
New	I-ORG
-	I-ORG
York	I-ORG
Herald	I-ORG
,	O
se	O
dressait	O
au	O
-	O
dessus	O
de	O
nous	O
.	O

C'était	O
le	O
ballon	O
-	O
chaloupe	O
,	O
du	O
cube	O
de	O
3,000	O
mètres	O
,	O
dont	O
notre	O
capitaine	O
,	O
prévoyant	O
tout	O
ce	O
qui	O
pouvait	O
arriver	O
,	O
s'était	O
muni	O
pendant	O
une	O
absence	O
que	O
j'avais	O
faite	O
.	O

Nous	O
nous	O
enlevâmes	O
,	O
nous	O
étions	O
sauvés	O

Mais	O
non	O
encore	O
d'une	O
façon	O
absolue	O
car	O
,	O
pendant	O
le	O
temps	O
que	O
nous	O
étions	O
restés	O
à	O
la	O
surface	O
de	O
l'Océan	B-LOC
,	O
la	O
bourrasque	O
nous	O
avait	O
dépassés	O
.	O

Nous	O
étions	O
dévoyés	O
car	O
,	O
plongés	O
dans	O
la	O
queue	O
du	O
déplacement	O
d'air	O
,	O
nous	O
ne	O
voguions	O
plus	O
qu	O
'	O
à	O
raison	O
de	O
40	O
kilomètres	O
à	O
l'heure	O
.	O

Vers	O
la	O
fin	O
du	O
jour	O
,	O
ce	O
vent	O
lui	O
-	O
même	O
tomba	O
,	O
l'Océan	B-LOC
s'apaisa	O
,	O
et	O
nous	O
restâmes	O
suspendus	O
presque	O
immobiles	O
au	O
-	O
dessus	O
de	O
la	O
mer	O
sans	O
limites	O
,	O

Nulle	O
terre	O
n'était	O
encore	O
en	O
vue	O
,	O
et	O
rien	O
ne	O
nous	O
faisait	O
présager	O
les	O
approches	O
du	O
continent	O
.	O

Nous	O
étions	O
perdus	O
dans	O
l'immensité	O

Cette	O
nuit	O
fut	O
terrible	O
d'angoisse	O
et	O
d'inquiétude	O
les	O
heures	O
nous	O
parurent	O
des	O
siècles	O
,	O
et	O
çe	O
fut	O
dans	O
une	O
inçertitude	O
continuelle	O
que	O
nous	O
attendîmes	O
le	O
lever	O
du	O
soleil	O
,	O

Enfin	O
l'astre	O
radieux	O
se	O
leva	O
,	O
et	O
un.hourra	O
de	O
soulage	O
ment	O
s'échappa	O
de	O
nos	O
poitrines	O
oppressées	O
,	O

A	O
vingt	O
milles	O
dans	O
l'est	O
se	O
dressaient	O
les	O
premiers	O
ac	O
-	O
cores	O
d'une	O
terre	O
vers	O
laquelle	O
nous	O
'	O
nous	O
dirigions	O
en	O

Vers	O
six	O
heures	O
dumatin	O
,	O
nous	O
atteignîmesle	O
rivage	O
et	O
nous	O
engageâmes	O
au	O
-	O
dessus	O
de	O
cette	O
tërrey	O
à	O
2,000	O
mètres	O
de	O
hauteur	O

C'était	O
un	O
terrain	O
aride	O
et	O
montagneux	O
,	O
présentant	O
de	O
vastes	O
espaces	O
incultes	O
,	O
propices	O
à	O
notre	O
descente	O
.	O

Nous	O
résolûmes	O
d'atterrir	O
dans	O
ce	O
pays	O
inconnu	O
.	O

Le	O
cri	O
sacramentel	O
en	O
toute	O
descente	O
se	O
fit	O
alors	O
entendre	O
.	O

Tenez	O
-	O
vous	O
bien	O
!	O

Cramponnez	O
-	O
vous	O
!	O

Attention	O
!	O

»	O

Et	O
notre	O
capitaine	B-PER
ouvrit	O
en	O
grand	O
la	O
soupape	O
.	O

Le	O
gaz	O
s'échappa	O
en	O
sifflant	O
,	O
et	O
la	O
terre	O
se	O
rapprocha	O
de	O
nous	O
comme	O
une	O
marée	O
montante	O
.	O

«	O
Tenez	O
-	O
vous	O
bien	O
!	O

Ah	O
!	O
»	O

Le	O
premier	O
choc	O
eut	O
lieu	O
,	O
les	O
guide	O
-	O
ropes	O
se	O
déroulèrent	O
,	O
et	O
les	O
ancres	O
égratignèrent	O
le	O
sol	O
,	O

Quelques	O
secousses	O
se	O
firent	O
encore	O
sentir	O
;	O

mais	O
notre	O
vitesse	O
ne	O
se	O
ralentit	O
pas	O
pour	O
cela	O
.	O

Soudain	O
un	O
choc	O
plus	O
violent	O
nous	O
jeta	O
les	O
uns	O
sur	O
les	O
autres	O
et	O
ébranla	O
toutes	O
nos	O
manoeuvres	O
.	O

«	O
L'ancre	O
est	O
perdue	O
»	O
cria	O
notre	O
capitaine	O
tenant	O
toujours	O
la	O
soupape	O
grande	O
ouverte	O
.	O

Nous	O
n'en	O
repartîmes	O
que	O
plus	O
vite	O
,	O
bondissant	O
de	O
plus	O
belle	O
à	O
travers	O
vallées	O
et	O
buissons	O
,	O

A	O
l'horizon	O
,	O
une	O
forêt	O
de	O
pins	O
nous	O
barrait	O
le	O
chemin	O
,	O

C'était	O
la	O
mort	O
,	O
si	O
nous	O
nous	O
précipitions	O
sur	O
cette	O
muraille	O
naturelle	O
,	O

Alors	O
,	O
pour	O
sauver	O
notre	O
vie	O
à	O
tous	O
,	O
sir	B-PER
George	I-PER
tenta	O
un	O
effort	O
désespéré	O
.	O

Il	O
grimpa	O
dans	O
le	O
cercle	O
et	O
arriva	O
près	O
de	O
l'appendice	O
.	O

Plongeant	O
alors	O
son	O
couteau	O
dans	O
l'étoffe	O
,	O
il	O
la	O
fendit	O
,	O
et	O
celle	O
-	O
ci	O
se	O
déchira	O
jusqu	O
'	O
à	O
la	O
soupape	O
;	O

L'enveloppe	O
tour	O
-	O
billonna	O
un	O
instant	O
dans	O
son	O
filet	O
et	O
s'abattit	O
sur	O
nous	O
,	O
nous	O
enveloppant	O
dans	O
ses	O
plis	O
comme	O
dans	O
un	O
linceul	O

Il	O
était	O
dix	O
heures	O
moins	O
un	O
quart	O
.	O

Ce	O
fut	O
ainsi	O
que	O
se	O
termina	O
la	O
traversée	O
de	O
l'océan	B-LOC
Atlantique	I-LOC
,	O
accomplie	O
eu	O
quatre	O
-	O
vingt	O
-	O
huit	O
heures	O
de	O
navigation	O
atmosphérique	O
.	O

Nous	O
avions	O
pris	O
terre	O
en	O
Irlande	B-LOC
,	O
à	O
10	O
lieues	O
au	O
sud	O
de	O
Cork	B-LOC
,	O
après	O
avoir	O
franchi	O
plus	O
de	O
1,300	O
lieues	O
en	O
ligne	O
directe	O
.	O

L'Europe	B-LOC
et	O
l'Amérique	B-LOC
apprirent	O
bientôt	O
l'heureuse	O
issue	O
de	O
notre	O
entreprise	O
,	O
et	O
on	O
nous	O
fit	O
une	O
véritable	O
ovation	O
quand	O
nous	O
arrivâmes	O
à	O
Paris	B-LOC
avec	O
les	O
débris	O
de	O
notre	O
aérostat	O
,	O
que	O
nous	O
tenions	O
à	O
conserver	O
religieusement	O
.	O

«	O
C'est	O
égal	O
,	O
me	O
dit	O
un	O
soir	O
mon	O
compagnon	O
,	O
qu'un	O
si	O
grand	O
succès	O
n'avait	O
pourtant	O
pas	O
grisé	O
,	O
c'est	O
égal	O
,	O
mais	O
c'est	O
une	O
bonne	O
leçon	O
que	O
nous	O
avons	O
donnée	O
là	O
à	O
ceux	O
qui	O
professent	O
que	O
les	O
ballons	O
ne	O
sont	O
bons	O
à	O
rien	O
.	O

Cela	O
leur	O
prouve	O
,	O
au	O
contraire	O
,	O
qu'avec	O
un	O
peu	O
d'habileté	O
on	O
parvient	O
à	O
accomplir	O
un	O
très	O
grand	O
trajet	O
.	O

Aussi	O
,	O
ne	O
suisje	O
pas	O
fâché	O
d'avoir	O
exécuté	O
cette	O
traversée	O
,	O
réputée	O
impossible	O
avant	O
nous	O
!	O

-	O

Certes	O
,	O
répondis	O
-	O
je	O
,	O
et	O
cela	O
fera	O
reprendre	O
,	O
j'en	O
suis	O
certain	O
,	O
l'étude	O
du	O
grand	O
problème	O
de	O
la	O
direction	O
aérienne	O
car	O
l'aérostat	O
ne	O
sera	O
plus	O
considéré	O
comme	O
un	O
but	O
d'amusement	O
,	O
mais	O
bien	O
comme	O
un	O
moyen	O
d'étude	O
des	O
plus	O
puissants	O
.	O

Dans	O
l'aérostat	O
errant	O
qui	O
passe	O
,	O
que	O
,	O
l'on	O
salue	O
donc	O
l'aurore	O
d'une	O
ère	O
de	O
liberté	O
,	O
le	O
flambeau	O
de	O
,	O
la	O
science	O
et	O
du	O
progrès	O
!	O
