PRENEZ	prendre	VERB	O	O	O
garde	garde	NOUN	O	O	O
docteur	docteur	NOUN	O	O	O
;	;	PUNCT	O	O	O

si	si	SCONJ	O	O	O
vous	vous	PRON	O	O	O
lui	luire	PRON	O	O	O
cassiez	casser	VERB	O	O	O
quelque	quelque	DET	O	O	O
chose	chose	NOUN	O	O	O
,	,	PUNCT	O	O	O
comme	comme	SCONJ	O	O	O
j'	je	PRON	O	O	O
ai	avoir	AUX	O	O	O
fait	faire	VERB	O	O	O
l'	le	DET	O	O	O
autre	autre	ADJ	O	O	O
jour	jour	NOUN	O	O	O
à	à	ADP	O	O	O
ce	ce	DET	O	O	O
Parisien	parisien	PROPN	O	O	O
!	!	PUNCT	O	O	O

Les	le	DET	O	O	O
journaux	journal	NOUN	B-NOV	O	O
électriques	électrique	ADJ	I-NOV	O	O
feraient	faire	VERB	O	O	O
un	un	DET	O	O	O
tapage	tapage	NOUN	O	O	O
!	!	PUNCT	O	O	O

.	.	PUNCT	O	O	O

.	.	PUNCT	O	O	O
.	.	PUNCT	O	O	O

—	—	PUNCT	O	O	O
Oh	oh	INTJ	O	O	O
!	!	PUNCT	O	O	O
il	il	PRON	O	O	O
est	être	AUX	O	O	O
all	all	X	O	O	O
right	right	X	O	O	O
à	à	ADP	O	O	O
présent	présent	NOUN	O	O	O
,	,	PUNCT	O	O	O

fit	faire	VERB	O	O	O
l'	le	DET	O	O	O
autre	autre	ADJ	O	O	O
médecin	médecin	NOUN	O	O	O
.	.	PUNCT	O	O	O

Et	et	CCONJ	O	O	O
s'	se	PRON	O	O	O
adressant	adresser	VERB	O	O	O
à	à	ADP	O	O	O
moi	moi	PRON	O	O	O
:	:	PUNCT	O	O	O

—	—	PUNCT	O	O	O
Comment	comment	ADV	O	O	O
vous	vous	PRON	O	O	O
sentez	sentir	VERB	O	O	O
-	-	PRON	O	O	O
vous	vous	PRON	O	O	O
,	,	PUNCT	O	O	O
monsieur	monsieur	NOUN	O	O	O
?	?	PUNCT	O	O	O

—	—	PUNCT	O	O	O
Mon	mon	DET	O	O	O
cerveau	cerveau	NOUN	O	O	O
est	être	AUX	O	O	O
lucide	lucide	ADJ	O	O	O
,	,	PUNCT	O	O	O
répondis	répondre	VERB	O	O	O
-	-	PRON	O	O	O
je	je	PRON	O	O	O
,	,	PUNCT	O	O	O
mais	mais	CCONJ	O	O	O
qu'	que	PRON	O	O	O
est	être	AUX	O	O	O
-	-	PRON	O	O	O
il	il	PRON	O	O	O
donc	donc	ADV	O	O	O
arrivé	arriver	VERB	O	O	O
?	?	PUNCT	O	O	O

Il	il	PRON	O	O	O
m'	me	PRON	O	O	O
a	avoir	AUX	O	O	O
semblé	sembler	VERB	O	O	O
que	que	SCONJ	O	O	O
le	le	DET	O	O	O
Capitole	capitole	NOUN	O	O	O
de	de	ADP	O	O	O
Washington	washington	PROPN	O	O	O
s'	se	PRON	O	O	O
était	être	AUX	O	O	O
écroulé	écrouler	VERB	O	O	O
sur	sur	ADP	O	O	O
moi	moi	PRON	O	O	O
.	.	PUNCT	O	O	O

—	—	PUNCT	O	O	O
Vous	vous	PRON	O	O	O
faites	faire	VERB	O	O	O
erreur	erreur	NOUN	O	O	O
,	,	PUNCT	O	O	O
monsieur	monsieur	NOUN	O	O	O
,	,	PUNCT	O	O	O
ce	ce	DET	O	O	O
noble	noble	ADJ	O	O	O
monument	monument	NOUN	O	O	O
est	être	AUX	O	O	O
rentré	rentrer	VERB	O	O	O
sous	sou	ADP	O	O	O
terre	terre	NOUN	O	O	O
comme	comme	ADP	O	O	O
le	le	DET	O	O	O
piston	piston	NOUN	O	O	O
d'	de	ADP	O	O	O
une	un	DET	O	O	O
pompe	pompe	NOUN	O	O	O
...	...	PUNCT	O	O	O

Voyons	voir	VERB	O	O	O
-	-	PRON	O	O	O
çà	çà	PRON	O	O	O
:	:	PUNCT	O	O	O
il	il	PRON	O	O	O
y	y	PRON	O	O	O
a	avoir	VERB	O	O	O
bien	bien	ADV	O	O	O
près	près	ADV	O	O	O
de	de	ADP	O	O	O
mille	mille	NUM	O	O	O
ans	an	NOUN	O	O	O
.	.	PUNCT	O	O	O

C'	ce	PRON	O	O	O
est	être	AUX	O	O	O
le	le	DET	O	O	O
poids	poids	NOUN	O	O	O
qui	qui	PRON	O	O	O
l'	le	PRON	O	O	O
a	avoir	AUX	O	O	O
entraîné	entraîner	VERB	O	O	O
.	.	PUNCT	O	O	O

Il	il	PRON	O	O	O
y	y	PRON	O	O	O
avait	avoir	VERB	O	O	O
trop	trop	ADV	O	O	O
de	de	ADP	O	O	O
cervelle	cervelle	NOUN	O	O	O
à	à	ADP	O	O	O
l'	le	DET	O	O	O
intérieur	intérieur	NOUN	O	O	O
.	.	PUNCT	O	O	O

Après	après	ADP	O	O	O
quelque	quelque	ADV	O	O	O
deux	deux	NUM	O	O	O
cents	cent	DET	O	O	O
ans	an	NOUN	O	O	O
,	,	PUNCT	O	O	O
nous	nous	PRON	O	O	O
avons	avoir	AUX	O	O	O
fait	faire	AUX	O	O	O
relever	relever	VERB	O	O	O
la	le	DET	O	O	O
calotte	calotte	NOUN	O	O	O
du	de	ADP	O	O	O
dôme	dôme	NOUN	O	O	O
,	,	PUNCT	O	O	O
et	et	CCONJ	O	O	O
vous	vous	PRON	O	O	O
pouvez	pouvoir	VERB	O	O	O
la	le	PRON	O	O	O
voir	voir	VERB	O	O	O
exhibée	exhiber	VERB	O	O	O
dans	dans	ADP	O	O	O
notre	notre	DET	O	O	O
musée	musée	NOUN	O	O	O
national	national	ADJ	O	O	O
d'	de	ADP	O	O	O
archéologie	archéologie	NOUN	O	O	O
,	,	PUNCT	O	O	O
comme	comme	ADP	O	O	O
l'	le	DET	O	O	O
un	un	PRON	O	O	O
des	de	ADP	O	O	O
beaux	beal	ADJ	O	O	O
spécimens	spécimen	NOUN	O	O	O
de	de	ADP	O	O	O
l'	le	DET	O	O	O
art	art	NOUN	O	O	O
primitif	primitif	ADJ	O	O	O
américain	américain	ADJ	O	O	O
.	.	PUNCT	O	O	O

Nous	nous	PRON	O	O	O
avons	avoir	AUX	O	O	O
eu	avoir	VERB	O	O	O
encore	encore	ADV	O	O	O
ce	ce	DET	O	O	O
matin	matin	NOUN	O	O	O
des	un	DET	O	O	O
visiteurs	visiteur	NOUN	O	O	O
très	très	ADV	O	O	O
distingués	distingué	ADJ	O	O	O
,	,	PUNCT	O	O	O
venus	venir	VERB	O	O	O
tout	tout	ADV	O	O	O
exprès	exprès	ADV	O	O	O
d'	de	ADP	O	O	O
Ethiopie	ethiopie	PROPN	O	O	O
,	,	PUNCT	O	O	O
ce	ce	DET	O	O	O
grand	grand	ADJ	O	O	O
centre	centre	NOUN	O	O	O
de	de	ADP	O	O	O
la	le	DET	O	O	O
civilisation	civilisation	NOUN	O	O	O
.	.	PUNCT	O	O	O

Ils	il	PRON	O	O	O
ont	avoir	AUX	O	O	O
manifesté	manifester	VERB	O	O	O
un	un	DET	O	O	O
plaisir	plaisir	NOUN	O	O	O
extrême	extrême	ADJ	O	O	O
à	à	ADP	O	O	O
suivre	suivre	VERB	O	O	O
les	le	DET	O	O	O
progrès	progrès	NOUN	O	O	O
réalisés	réaliser	VERB	O	O	O
depuis	depuis	ADP	O	O	O
la	le	DET	O	O	O
période	période	NOUN	O	O	O
barbare	barbare	ADJ	O	O	O
de	de	ADP	O	O	O
1884	1884	NUM	O	O	O
,	,	PUNCT	O	O	O
jusqu'	jusque	ADP	O	O	O
à	à	ADP	O	O	O
la	le	DET	O	O	O
bienheureuse	bienheureux	ADJ	O	O	O
année	année	NOUN	O	O	O
3000	3000	NUM	O	O	O
dans	dans	ADP	O	O	O
laquelle	lequel	PRON	O	O	O
nous	nous	PRON	O	O	O
sommes	être	AUX	O	O	O
si	si	ADV	O	O	O
fiers	fier	ADJ	O	O	O
de	de	ADP	O	O	O
vivre	vivre	VERB	O	O	O
.	.	PUNCT	O	O	O
Les	le	DET	O	O	O
voyageurs	voyageur	NOUN	O	O	O
ont	avoir	AUX	O	O	O
été	être	AUX	O	O	O
fusillés	fusiller	VERB	O	O	O
à	à	ADP	O	O	O
l'	le	DET	O	O	O
aller	aller	NOUN	O	O	O
et	et	CCONJ	O	O	O
au	au	ADP	O	O	O
retour	retour	NOUN	O	O	O
:	:	PUNCT	O	O	O

—	—	PUNCT	O	O	O
Fusillés	fusillé	NOUN	O	O	O
!	!	PUNCT	O	O	O

fis	faire	VERB	O	O	O
-	-	PRON	O	O	O
je	je	PRON	O	O	O
avec	avec	ADP	O	O	O
horreur	horreur	NOUN	O	O	O
.	.	PUNCT	O	O	O

Et	et	CCONJ	O	O	O
vous	vous	PRON	O	O	O
parliez	parler	VERB	O	O	O
-	-	NOUN	O	O	O
de	de	ADP	O	O	O
civilisation	civilisation	NOUN	O	O	O
!	!	PUNCT	O	O	O

...	...	PUNCT	O	O	O

-	-	PUNCT	O	O	O

-	-	PUNCT	O	O	O
 	 	SPACE	O	O	O
Calmez	calmer	VERB	O	O	O
-	-	PRON	O	O	O
vous	vous	PRON	O	O	O
monsieur	monsieur	NOUN	O	O	O
,	,	PUNCT	O	O	O
dit	dire	VERB	O	O	O
le	le	DET	O	O	O
docteur	docteur	NOUN	O	O	O
tranquillement	tranquillement	ADV	O	O	O
.	.	PUNCT	O	O	O

Je	je	PRON	O	O	O
vois	voir	VERB	O	O	O
votre	votre	DET	O	O	O
erreur	erreur	NOUN	O	O	O
.	.	PUNCT	O	O	O

Nos	notre	DET	O	O	O
touristes	touriste	NOUN	O	O	O
éthiopiens	éthiopien	ADJ	O	O	O
n'	ne	ADV	O	O	O
ont	avoir	AUX	O	O	O
pas	pas	ADV	O	O	O
été	être	AUX	O	O	O
exécutés	exécuter	VERB	O	O	O
,	,	PUNCT	O	O	O
mais	mais	CCONJ	O	O	O
ils	il	PRON	O	O	O
sont	être	AUX	O	O	O
venus	venir	VERB	O	O	O
à	à	ADP	O	O	O
New	new	PROPN	O	O	O
-	-	PROPN	O	O	O
York	york	PROPN	O	O	O
dans	dans	ADP	O	O	O
le	le	DET	O	O	O
train	train	NOUN	O	O	O
-	-	NOUN	O	O	O
éclair	éclair	NOUN	O	O	O
,	,	PUNCT	O	O	O
lancés	lancer	VERB	O	O	O
par	par	ADP	O	O	O
un	un	DET	O	O	O
fusil	fusil	NOUN	O	O	O
électrique	électrique	ADJ	O	O	O
,	,	PUNCT	O	O	O
comme	comme	ADP	O	O	O
jadis	jadis	ADV	O	O	O
une	un	DET	O	O	O
simple	simple	ADJ	O	O	O
balle	balle	NOUN	O	O	O
de	de	ADP	O	O	O
plomb	plomb	NOUN	O	O	O
.	.	PUNCT	O	O	O

Le	le	DET	O	O	O
système	système	NOUN	O	O	O
est	être	AUX	O	O	O
commode	commode	ADJ	O	O	O
et	et	CCONJ	O	O	O
d'	de	ADP	O	O	O
un	un	DET	O	O	O
usage	usage	NOUN	O	O	O
universellement	universellement	ADV	O	O	O
répandu	répandre	VERB	O	O	O
.	.	PUNCT	O	O	O

C'	ce	PRON	O	O	O
est	être	AUX	O	O	O
d'	de	ADP	O	O	O
ailleurs	ailleurs	ADV	O	O	O
le	le	DET	O	O	O
mode	mode	NOUN	O	O	O
de	de	ADP	O	O	O
transit	transit	NOUN	O	O	O
le	le	DET	O	O	O
moins	moins	ADV	O	O	O
coûteux	coûteux	ADJ	O	O	O
et	et	CCONJ	O	O	O
le	le	DET	O	O	O
plus	plus	ADV	O	O	O
rapide	rapide	ADJ	O	O	O
:	:	PUNCT	O	O	O
2	2	NUM	O	O	O
minutes	minute	NOUN	O	O	O
pour	pour	ADP	O	O	O
faire	faire	VERB	O	O	O
le	le	DET	O	O	O
tour	tour	NOUN	O	O	O
du	de	ADP	O	O	O
monde	monde	NOUN	O	O	O
,	,	PUNCT	O	O	O
y	y	PRON	O	O	O
compris	compris	ADJ	O	O	O
les	le	DET	O	O	O
rafraîchissements	rafraîchissement	NOUN	B-NOV	O	O
—	—	PUNCT	O	O	O
électriques	électrique	ADJ	I-NOV	O	O
naturellement	naturellement	ADV	O	O	O
.	.	PUNCT	O	O	O

Je	je	PRON	O	O	O
pris	prendre	VERB	O	O	O
le	le	DET	O	O	O
temps	temps	NOUN	O	O	O
de	de	ADP	O	O	O
réfléchir	réfléchir	VERB	O	O	O
...	...	PUNCT	O	O	O

—	—	PUNCT	O	O	O
Comment	comment	ADV	O	O	O
vous	vous	PRON	O	O	O
sentez	sentir	VERB	O	O	O
-	-	PRON	O	O	O
vous	vous	PRON	O	O	O
à	à	ADP	O	O	O
présent	présent	NOUN	O	O	O
?	?	PUNCT	O	O	O

—	—	PUNCT	O	O	O
Tout	tout	ADJ	O	O	O
ce	ce	PRON	O	O	O
que	que	PRON	O	O	O
je	je	PRON	O	O	O
puis	pouvoir	VERB	O	O	O
dire	dire	VERB	O	O	O
,	,	PUNCT	O	O	O
c'	ce	PRON	O	O	O
est	être	VERB	O	O	O
que	que	SCONJ	O	O	O
mes	mon	DET	O	O	O
facultés	faculté	NOUN	O	O	O
paraissent	paraître	VERB	O	O	O
en	en	ADP	O	O	O
bon	bon	ADJ	O	O	O
ordre	ordre	NOUN	O	O	O
,	,	PUNCT	O	O	O
mais	mais	CCONJ	O	O	O
tout	tout	ADJ	O	O	O
mon	mon	DET	O	O	O
corps	corps	NOUN	O	O	O
me	me	PRON	O	O	O
semble	sembler	VERB	O	O	O
en	en	ADP	O	O	O
bois	bois	NOUN	O	O	O
.	.	PUNCT	O	O	O

—	—	PUNCT	O	O	O
Ha	ha	NOUN	O	O	O
!	!	PUNCT	O	O	O

Ha	ha	INTJ	O	O	O
!	!	PUNCT	O	O	O
ricana	ricaner	VERB	O	O	O
le	le	DET	O	O	O
questionneur	questionneur	NOUN	O	O	O
d'	de	ADP	O	O	O
un	un	DET	O	O	O
petit	petit	ADJ	O	O	O
air	air	NOUN	O	O	O
tout	tout	ADV	O	O	O
à	à	ADP	O	O	O
fait	fait	NOUN	O	O	O
scientifique	scientifique	ADJ	O	O	O
...	...	PUNCT	O	O	O

Et	et	CCONJ	O	O	O
se	se	PRON	O	O	O
tournant	tourner	VERB	O	O	O
vers	vers	ADP	O	O	O
son	son	DET	O	O	O
collègue	collègue	NOUN	O	O	O
:	:	PUNCT	O	O	O

—	—	PUNCT	O	O	O
Les	le	DET	O	O	O
impondérables	impondérable	NOUN	O	O	O
n'	ne	ADV	O	O	O
ont	avoir	AUX	O	O	O
pas	pas	ADV	O	O	O
encore	encore	ADV	O	O	O
recommencé	recommencer	VERB	O	O	O
à	à	ADP	O	O	O
fonctionner	fonctionner	VERB	O	O	O
.	.	PUNCT	O	O	O

—	—	PUNCT	O	O	O
Je	je	PRON	O	O	O
me	me	PRON	O	O	O
sens	sentir	VERB	O	O	O
tout	tout	ADV	O	O	O
drôle	drôle	ADJ	O	O	O
,	,	PUNCT	O	O	O
continuai	continuer	VERB	O	O	O
-	-	PRON	O	O	O
je	je	PRON	O	O	O
,	,	PUNCT	O	O	O
j'	je	PRON	O	O	O
éprouve	éprouver	VERB	O	O	O
une	un	DET	O	O	O
impression	impression	NOUN	O	O	O
singulière	singulier	ADJ	O	O	O
,	,	PUNCT	O	O	O
comme	comme	ADP	O	O	O
si	si	SCONJ	O	O	O
j'	je	PRON	O	O	O
avais	avoir	AUX	O	O	O
été	être	AUX	O	O	O
dis	dire	VERB	O	O	O
...	...	PUNCT	O	O	O
dis	dire	VERB	O	O	O
...	...	PUNCT	O	O	O

—	—	PUNCT	O	O	O
Disséqué	disséquer	VERB	O	O	O
?	?	PUNCT	O	O	O

—	—	PUNCT	O	O	O
Non	non	ADV	O	O	O
.	.	PUNCT	O	O	O

—	—	PUNCT	O	O	O
Ah	ah	INTJ	O	O	O
!	!	PUNCT	O	O	O
je	je	PRON	O	O	O
vois	voir	VERB	O	O	O
,	,	PUNCT	O	O	O
disloqué	disloquer	VERB	O	O	O
?	?	PUNCT	O	O	O

—	—	PUNCT	O	O	O
Non	non	ADV	O	O	O
,	,	PUNCT	O	O	O
non	non	ADV	O	O	O
!	!	PUNCT	O	O	O

...	...	PUNCT	O	O	O
je	je	PRON	O	O	O
veux	vouloir	VERB	O	O	O
dire	dire	VERB	O	O	O
dé	dé	NOUN	O	O	O
,	,	PUNCT	O	O	O
é	é	NOUN	O	O	O
..	..	PUNCT	O	O	O

t	t	CCONJ	O	O	O
je	je	PRON	O	O	O
ne	ne	ADV	O	O	O
peux	pouvoir	VERB	O	O	O
pas	pas	ADV	O	O	O
finir	finir	VERB	O	O	O
le	le	DET	O	O	O
mot	mot	NOUN	O	O	O
.	.	PUNCT	O	O	O

—	—	PUNCT	O	O	O
Docteur	docteur	NOUN	O	O	O
,	,	PUNCT	O	O	O
fit	faire	VERB	O	O	O
le	le	DET	O	O	O
savant	savant	NOUN	O	O	O
à	à	ADP	O	O	O
son	son	DET	O	O	O
voisin	voisin	NOUN	O	O	O
,	,	PUNCT	O	O	O
passez	passer	VERB	O	O	O
-	-	PRON	O	O	O
moi	moi	PRON	O	O	O
donc	donc	ADV	O	O	O
le	le	DET	O	O	O
Mnémophone	mnémophone	NOUN	B-NOV	O	O
,	,	PUNCT	O	O	O
je	je	PRON	O	O	O
vous	vous	PRON	O	O	O
prie	prier	VERB	O	O	O
.	.	PUNCT	O	O	O

Un	un	DET	O	O	O
petit	petit	ADJ	O	O	O
instrument	instrument	NOUN	O	O	O
fut	être	AUX	O	O	O
apporté	apporter	VERB	O	O	O
;	;	PUNCT	O	O	O

un	un	DET	O	O	O
fil	fil	NOUN	O	O	O
électrique	électrique	ADJ	O	O	O
placé	placer	VERB	O	O	O
sous	sou	ADP	O	O	O
le	le	DET	O	O	O
pied	pied	NOUN	O	O	O
de	de	ADP	O	O	O
la	le	DET	O	O	O
table	table	NOUN	O	O	O
,	,	PUNCT	O	O	O
un	un	DET	O	O	O
autre	autre	PRON	O	O	O
à	à	ADP	O	O	O
l'	le	DET	O	O	O
oreille	oreille	NOUN	O	O	O
du	de	ADP	O	O	O
questionneur	questionneur	NOUN	O	O	O
.	.	PUNCT	O	O	O

—	—	PUNCT	O	O	O
C'	ce	PRON	O	O	O
est	être	AUX	O	O	O
desséché	dessécher	VERB	O	O	O
que	que	PRON	O	O	O
vous	vous	PRON	O	O	O
avez	avoir	AUX	O	O	O
voulu	vouloir	VERB	O	O	O
dire	dire	VERB	O	O	O
;	;	PUNCT	O	O	O

dit	dire	VERB	O	O	O
simplement	simplement	ADV	O	O	O
le	le	DET	O	O	O
docteur	docteur	NOUN	O	O	O
,	,	PUNCT	O	O	O
après	après	ADP	O	O	O
avoir	avoir	AUX	O	O	O
écouté	écouter	VERB	O	O	O
.	.	PUNCT	O	O	O

—	—	PUNCT	O	O	O
C'	ce	PRON	O	O	O
est	être	AUX	O	O	O
cela	celer	PRON	O	O	O
!	!	PUNCT	O	O	O

m'	me	PRON	O	O	O
écriai	écrier	VERB	O	O	O
-	-	PRON	O	O	O
je	je	PRON	O	O	O
.	.	PUNCT	O	O	O

—	—	PUNCT	O	O	O
Eh	eh	INTJ	O	O	O
bien	bien	ADV	O	O	O
,	,	PUNCT	O	O	O
jeune	jeune	ADJ	O	O	O
homme	homme	NOUN	O	O	O
,	,	PUNCT	O	O	O
reprit	reprendre	VERB	O	O	O
solennellement	solennellement	ADV	O	O	O
le	le	DET	O	O	O
savant	savant	NOUN	O	O	O
,	,	PUNCT	O	O	O
la	le	DET	O	O	O
vérité	vérité	NOUN	O	O	O
c'	ce	PRON	O	O	O
est	être	VERB	O	O	O
que	que	SCONJ	O	O	O
vous	vous	PRON	O	O	O
avez	avoir	AUX	O	O	O
été	être	AUX	O	O	O
desséché	dessécher	VERB	O	O	O
,	,	PUNCT	O	O	O
comme	comme	SCONJ	O	O	O
vous	vous	PRON	O	O	O
dites	dire	VERB	O	O	O
en	en	ADP	O	O	O
votre	votre	DET	O	O	O
langage	langage	NOUN	O	O	O
imparfait	imparfait	ADJ	O	O	O
.	.	PUNCT	O	O	O

Nous	nous	PRON	O	O	O
,	,	PUNCT	O	O	O
nous	nous	PRON	O	O	O
disons	dire	VERB	O	O	O
électrisé	électriser	VERB	O	O	O
.	.	PUNCT	O	O	O

Dégoûté	dégoûter	VERB	O	O	O
de	de	ADP	O	O	O
la	le	DET	O	O	O
vie	vie	NOUN	O	O	O
,	,	PUNCT	O	O	O
vers	vers	ADP	O	O	O
la	le	DET	O	O	O
fin	fin	NOUN	O	O	O
de	de	ADP	O	O	O
janvier	janvier	NOUN	O	O	O
1883	1883	NUM	O	O	O
,	,	PUNCT	O	O	O
par	par	ADP	O	O	O
le	le	DET	O	O	O
spectacle	spectacle	NOUN	O	O	O
des	de	ADP	O	O	O
dissensions	dissension	NOUN	O	O	O
politiques	politique	ADJ	O	O	O
de	de	ADP	O	O	O
cette	ce	DET	O	O	O
misérable	misérable	ADJ	O	O	O
époque	époque	NOUN	O	O	O
,	,	PUNCT	O	O	O
vous	vous	PRON	O	O	O
avez	avoir	AUX	O	O	O
pris	prendre	VERB	O	O	O
le	le	DET	O	O	O
parti	parti	NOUN	O	O	O
de	de	ADP	O	O	O
vous	vous	PRON	O	O	O
suicider	suicider	VERB	O	O	O
...	...	PUNCT	O	O	O

—	—	PUNCT	O	O	O
Dites	dire	VERB	O	O	O
donc	donc	ADV	O	O	O
,	,	PUNCT	O	O	O
monsieur	monsieur	NOUN	O	O	O
,	,	PUNCT	O	O	O
interrompis	interrompre	VERB	O	O	O
-	-	PRON	O	O	O
je	je	PRON	O	O	O
,	,	PUNCT	O	O	O
indigné	indigné	ADJ	O	O	O
,	,	PUNCT	O	O	O
faites	faire	VERB	O	O	O
attention	attention	NOUN	O	O	O
à	à	ADP	O	O	O
vos	votre	DET	O	O	O
paroles	parole	NOUN	O	O	O
...	...	PUNCT	O	O	O

je	je	PRON	O	O	O
ne	ne	ADV	O	O	O
me	me	PRON	O	O	O
laisserai	laisser	VERB	O	O	O
pas	pas	ADV	O	O	O
accuser	accuser	VERB	O	O	O
...	...	PUNCT	O	O	O

—	—	PUNCT	O	O	O
Enfin	enfin	ADV	O	O	O
,	,	PUNCT	O	O	O
pour	pour	ADP	O	O	O
couper	couper	VERB	O	O	O
court	court	ADJ	O	O	O
,	,	PUNCT	O	O	O
continua	continuer	VERB	O	O	O
le	le	DET	O	O	O
docteur	docteur	NOUN	O	O	O
,	,	PUNCT	O	O	O
le	le	DET	O	O	O
grand	grand	ADJ	O	O	O
fondateur	fondateur	NOUN	O	O	O
de	de	ADP	O	O	O
notre	notre	DET	O	O	O
admirable	admirable	ADJ	O	O	O
science	science	NOUN	O	O	O
,	,	PUNCT	O	O	O
un	un	DET	O	O	O
obscur	obscur	ADJ	O	O	O
savant	savant	NOUN	O	O	O
de	de	ADP	O	O	O
ce	ce	DET	O	O	O
temps	temps	NOUN	O	O	O
là	là	NOUN	O	O	O
,	,	PUNCT	O	O	O
Théophile	théophile	PROPN	O	O	O
Smith	smith	PROPN	O	O	O
,	,	PUNCT	O	O	O
vous	vous	PRON	O	O	O
a	avoir	AUX	O	O	O
sauvé	sauver	VERB	O	O	O
en	en	ADP	O	O	O
vous	vous	PRON	O	O	O
électrisant	électriser	VERB	O	O	O
.	.	PUNCT	O	O	O

Quarante	quarante	NUM	O	O	O
ans	an	NOUN	O	O	O
plus	plus	ADV	O	O	O
tard	tard	ADV	O	O	O
,	,	PUNCT	O	O	O
lorsqu'	lorsque	SCONJ	O	O	O
il	il	PRON	O	O	O
livra	livrer	VERB	O	O	O
au	au	ADP	O	O	O
monde	monde	NOUN	O	O	O
le	le	DET	O	O	O
résultat	résultat	NOUN	O	O	O
de	de	ADP	O	O	O
ses	son	DET	O	O	O
merveilleuses	merveilleux	ADJ	O	O	O
découvertes	découverte	NOUN	O	O	O
,	,	PUNCT	O	O	O
Smith	smith	PROPN	O	O	O
a	avoir	AUX	O	O	O
laissé	laisser	VERB	O	O	O
votre	votre	DET	O	O	O
corps	corps	NOUN	O	O	O
par	par	ADP	O	O	O
testament	testament	NOUN	O	O	O
,	,	PUNCT	O	O	O
avec	avec	ADP	O	O	O
le	le	DET	O	O	O
sien	sien	PRON	O	O	O
,	,	PUNCT	O	O	O
à	à	ADP	O	O	O
ses	son	DET	O	O	O
disciples	disciple	NOUN	O	O	O
.	.	PUNCT	O	O	O

Nous	nous	PRON	O	O	O
l'	le	PRON	O	O	O
avons	avoir	AUX	O	O	O
fait	faire	AUX	O	O	O
revivre	revivre	VERB	O	O	O
,	,	PUNCT	O	O	O
il	il	PRON	O	O	O
y	y	PRON	O	O	O
a	avoir	VERB	O	O	O
un	un	DET	O	O	O
siècle	siècle	NOUN	O	O	O
et	et	CCONJ	O	O	O
demi	demi	NOUN	O	O	O
.	.	PUNCT	O	O	O

Je	je	PRON	O	O	O
vais	aller	VERB	O	O	O
vous	vous	PRON	O	O	O
le	le	PRON	O	O	O
présenter	présenter	VERB	O	O	O
.	.	PUNCT	O	O	O

Le	le	DET	O	O	O
docteur	docteur	NOUN	O	O	O
appela	appeler	VERB	O	O	O
:	:	PUNCT	O	O	O
John	john	PROPN	O	O	O
!	!	PUNCT	O	O	O

—	—	PUNCT	O	O	O
Au	au	ADP	O	O	O
nom	nom	NOUN	O	O	O
du	de	ADP	O	O	O
ciel	ciel	NOUN	O	O	O
,	,	PUNCT	O	O	O
m'	me	PRON	O	O	O
écriai	écrier	VERB	O	O	O
-	-	PRON	O	O	O
je	je	PRON	O	O	O
,	,	PUNCT	O	O	O
n'	ne	ADV	O	O	O
en	en	PRON	O	O	O
faites	faire	VERB	O	O	O
rien	rien	PRON	O	O	O
,	,	PUNCT	O	O	O
il	il	PRON	O	O	O
n'	ne	ADV	O	O	O
aurait	avoir	VERB	O	O	O
...	...	PUNCT	O	O	O
qu'	que	ADV	O	O	O
à	à	ADP	O	O	O
recommencer	recommencer	VERB	O	O	O
!	!	PUNCT	O	O	O

—	—	PUNCT	O	O	O
Ne	ne	ADV	O	O	O
craignez	craindre	VERB	O	O	O
rien	rien	PRON	O	O	O
...	...	PUNCT	O	O	O

Il	il	PRON	O	O	O
ne	ne	ADV	O	O	O
fait	faire	VERB	O	O	O
violence	violence	NOUN	O	O	O
à	à	ADP	O	O	O
personne	personne	PRON	O	O	O
...	...	PUNCT	O	O	O
mais	mais	CCONJ	O	O	O
je	je	PRON	O	O	O
continue	continuer	VERB	O	O	O
.	.	PUNCT	O	O	O

Ses	son	DET	O	O	O
disciples	disciple	NOUN	O	O	O
firent	faire	VERB	O	O	O
beaucoup	beaucoup	ADV	O	O	O
d'	de	ADP	O	O	O
affaires	affaire	NOUN	O	O	O
.	.	PUNCT	O	O	O

Nous	nous	PRON	O	O	O
avons	avoir	AUX	O	O	O
expérimenté	expérimenter	VERB	O	O	O
le	le	DET	O	O	O
procédé	procédé	NOUN	O	O	O
sur	sur	ADP	O	O	O
un	un	DET	O	O	O
spéculateur	spéculateur	NOUN	O	O	O
en	en	ADP	O	O	O
terrains	terrain	NOUN	O	O	O
,	,	PUNCT	O	O	O
qui	qui	PRON	O	O	O
avait	avoir	AUX	O	O	O
acheté	acheter	VERB	O	O	O
à	à	ADP	O	O	O
bas	bas	ADJ	O	O	O
prix	prix	NOUN	O	O	O
des	un	DET	O	O	O
marais	marais	NOUN	O	O	O
dans	dans	ADP	O	O	O
l'	le	DET	O	O	O
espoir	espoir	NOUN	O	O	O
de	de	ADP	O	O	O
les	le	PRON	O	O	O
voir	voir	VERB	O	O	O
un	un	DET	O	O	O
jour	jour	NOUN	O	O	O
se	se	PRON	O	O	O
décupler	décupler	VERB	O	O	O
de	de	ADP	O	O	O
valeur	valeur	NOUN	O	O	O
.	.	PUNCT	O	O	O

Notre	notre	DET	O	O	O
homme	homme	NOUN	O	O	O
ne	ne	ADV	O	O	O
voulait	vouloir	VERB	O	O	O
pas	pas	ADV	O	O	O
se	se	PRON	O	O	O
donner	donner	VERB	O	O	O
la	le	DET	O	O	O
peine	peine	NOUN	O	O	O
d'	de	ADP	O	O	O
attendre	attendre	VERB	O	O	O
.	.	PUNCT	O	O	O

Il	il	PRON	O	O	O
fut	être	AUX	O	O	O
électrisé	électriser	VERB	O	O	O
à	à	ADP	O	O	O
mort	mort	NOUN	O	O	O
,	,	PUNCT	O	O	O
et	et	CCONJ	O	O	O
s'	se	PRON	O	O	O
est	être	AUX	O	O	O
réveillé	réveiller	VERB	O	O	O
30	30	NUM	O	O	O
ans	an	NOUN	O	O	O
plus	plus	ADV	O	O	O
tard	tard	ADV	O	O	O
millionnaire	millionnaire	NOUN	O	O	O
.	.	PUNCT	O	O	O

Cet	ce	DET	O	O	O
exemple	exemple	NOUN	O	O	O
a	avoir	AUX	O	O	O
lancé	lancer	VERB	O	O	O
la	le	DET	O	O	O
nouvelle	nouveau	ADJ	O	O	O
invention	invention	NOUN	O	O	O
.	.	PUNCT	O	O	O

Tous	tout	ADJ	O	O	O
les	le	DET	O	O	O
spéculateurs	spéculateur	NOUN	O	O	O
malheureux	malheureux	ADJ	O	O	O
,	,	PUNCT	O	O	O
banquiers	banquier	NOUN	O	O	O
,	,	PUNCT	O	O	O
joueurs	joueur	NOUN	O	O	O
à	à	ADP	O	O	O
la	le	DET	O	O	O
baisse	baisse	NOUN	O	O	O
et	et	CCONJ	O	O	O
à	à	ADP	O	O	O
la	le	DET	O	O	O
hausse	hausse	NOUN	O	O	O
etc.	etc.	ADV	O	O	O
,	,	PUNCT	O	O	O
sont	être	AUX	O	O	O
venus	venir	VERB	O	O	O
à	à	ADP	O	O	O
nous	nous	PRON	O	O	O
comme	comme	ADP	O	O	O
à	à	ADP	O	O	O
des	un	DET	O	O	O
sauveurs	sauveur	NOUN	O	O	O
.	.	PUNCT	O	O	O

Nous	nous	PRON	O	O	O
avons	avoir	VERB	O	O	O
en	en	ADP	O	O	O
ce	ce	DET	O	O	O
moment	moment	NOUN	O	O	O
plus	plus	ADV	O	O	O
de	de	ADP	O	O	O
3.000.000	3.000.000	PRON	O	O	O
de	de	ADP	O	O	O
clients	client	NOUN	O	O	O
qui	qui	PRON	O	O	O
dorment	dormir	VERB	O	O	O
du	de	ADP	O	O	O
sommeil	sommeil	NOUN	O	O	O
de	de	ADP	O	O	O
la	le	DET	O	O	O
mort	mort	NOUN	B-NOV	O	O
électrique	électrique	ADJ	I-NOV	O	O
,	,	PUNCT	O	O	O
scientifique	scientifique	ADJ	O	O	O
et	et	CCONJ	O	O	O
provisoire	provisoire	ADJ	O	O	O
,	,	PUNCT	O	O	O
pour	pour	ADP	O	O	O
se	se	PRON	O	O	O
réveiller	réveiller	VERB	O	O	O
au	au	ADP	O	O	O
jour	jour	NOUN	O	O	O
dit	dire	VERB	O	O	O
avec	avec	ADP	O	O	O
de	de	DET	O	O	O
grosses	gros	ADJ	O	O	O
fortunes	fortune	NOUN	O	O	O
.	.	PUNCT	O	O	O

Cette	ce	DET	O	O	O
nouvelle	nouveau	ADJ	O	O	O
branche	branche	NOUN	O	O	O
de	de	ADP	O	O	O
la	le	DET	O	O	O
science	science	NOUN	O	O	O
médicale	médical	ADJ	O	O	O
s'	se	PRON	O	O	O
est	être	AUX	O	O	O
enrichie	enrichir	VERB	O	O	O
de	de	ADP	O	O	O
découvertes	découverte	NOUN	O	O	O
merveilleuses	merveilleux	ADJ	O	O	O
.	.	PUNCT	O	O	O

Bref	bref	ADV	O	O	O
,	,	PUNCT	O	O	O
New	new	PROPN	O	O	O
-	-	PROPN	O	O	O
York	york	PROPN	O	O	O
est	être	AUX	O	O	O
devenu	devenir	VERB	O	O	O
le	le	DET	O	O	O
premier	premier	ADJ	O	O	O
centre	centre	NOUN	O	O	O
scientifique	scientifique	ADJ	O	O	O
—	—	PUNCT	O	O	O
j'	je	PRON	O	O	O
entends	entendre	VERB	O	O	O
la	le	DET	O	O	O
science	science	NOUN	O	O	O
appliquée	appliquer	VERB	O	O	O
aux	à	ADP	O	O	O
affaires	affaire	NOUN	O	O	O
.	.	PUNCT	O	O	O

Je	je	PRON	O	O	O
me	me	PRON	O	O	O
frottai	frotter	VERB	O	O	O
les	le	DET	O	O	O
yeux	oeil	NOUN	O	O	O
,	,	PUNCT	O	O	O
tout	tout	ADV	O	O	O
émerveillé	émerveiller	VERB	O	O	O
de	de	ADP	O	O	O
ces	ce	DET	O	O	O
nouveautés	nouveauté	NOUN	O	O	O
.	.	PUNCT	O	O	O

—	—	PUNCT	O	O	O
Cela	celer	PRON	O	O	O
vous	vous	PRON	O	O	O
étonne	étonner	VERB	O	O	O
,	,	PUNCT	O	O	O
continua	continuer	VERB	O	O	O
le	le	DET	O	O	O
docteur	docteur	NOUN	O	O	O
.	.	PUNCT	O	O	O

Mais	mais	CCONJ	O	O	O
nous	nous	PRON	O	O	O
avons	avoir	VERB	O	O	O
mieux	mieux	ADV	O	O	O
.	.	PUNCT	O	O	O

Faire	faire	VERB	O	O	O
des	un	DET	O	O	O
riches	riche	NOUN	O	O	O
ne	ne	ADV	O	O	O
suffit	suffire	VERB	O	O	O
pas	pas	ADV	O	O	O
.	.	PUNCT	O	O	O

Nous	nous	PRON	O	O	O
avons	avoir	AUX	O	O	O
trouvé	trouver	VERB	O	O	O
le	le	DET	O	O	O
moyen	moyen	NOUN	O	O	O
de	de	ADP	O	O	O
fabriquer	fabriquer	VERB	O	O	O
le	le	DET	O	O	O
bon	bon	ADJ	O	O	O
sens	sens	NOUN	O	O	O
en	en	ADP	O	O	O
gros	gros	NOUN	O	O	O
et	et	CCONJ	O	O	O
de	de	ADP	O	O	O
le	le	PRON	O	O	O
vendre	vendre	VERB	O	O	O
au	au	ADP	O	O	O
détail	détail	NOUN	O	O	O
—	—	PUNCT	O	O	O
Oh	oh	INTJ	O	O	O
!	!	PUNCT	O	O	O

Oh	oh	INTJ	O	O	O
!	!	PUNCT	O	O	O

Et	et	CCONJ	O	O	O
comment	comment	ADV	O	O	O
vous	vous	PRON	O	O	O
y	y	PRON	O	O	O
prenez	prendre	VERB	O	O	O
-	-	PRON	O	O	O
vous	vous	PRON	O	O	O
?	?	PUNCT	O	O	O

—	—	PUNCT	O	O	O
Rien	rien	PRON	O	O	O
de	de	ADP	O	O	O
plus	plus	ADV	O	O	O
simple	simple	ADJ	O	O	O
.	.	PUNCT	O	O	O

Une	un	DET	O	O	O
machine	machine	NOUN	O	O	O
spéciale	spécial	ADJ	O	O	O
,	,	PUNCT	O	O	O
recueillie	recueillir	VERB	O	O	O
en	en	ADP	O	O	O
germes	germe	NOUN	O	O	O
les	le	DET	O	O	O
idées	idée	NOUN	O	O	O
qui	qui	PRON	O	O	O
flottent	flotter	VERB	O	O	O
dans	dans	ADP	O	O	O
l'	le	DET	O	O	O
air	air	NOUN	O	O	O
.	.	PUNCT	O	O	O

C'	ce	PRON	O	O	O
est	être	AUX	O	O	O
une	un	PRON	O	O	O
des	de	ADP	O	O	O
plus	plus	ADV	O	O	O
admirables	admirable	ADJ	O	O	O
inventions	invention	NOUN	O	O	O
de	de	ADP	O	O	O
l'	le	DET	O	O	O
année	année	NOUN	O	O	O
2998	2998	NUM	O	O	O
.	.	PUNCT	O	O	O

Nous	nous	PRON	O	O	O
fixons	fixer	VERB	O	O	O
et	et	CCONJ	O	O	O
incorporons	incorporer	VERB	O	O	O
ces	ce	DET	O	O	O
germes	germe	NOUN	O	O	O
avec	avec	ADP	O	O	O
l'	le	DET	O	O	O
extrait	extrait	NOUN	O	O	O
concentré	concentrer	VERB	O	O	O
des	de	ADP	O	O	O
oeuvres	oeuvre	NOUN	O	O	O
des	de	ADP	O	O	O
grands	grand	ADJ	O	O	O
hommes	homme	NOUN	O	O	O
de	de	ADP	O	O	O
l'	le	DET	O	O	O
ancien	ancien	ADJ	O	O	O
temps	temps	NOUN	O	O	O
:	:	PUNCT	O	O	O

Ce	ce	DET	O	O	O
travail	travail	NOUN	O	O	O
est	être	AUX	O	O	O
fait	faire	VERB	O	O	O
au	au	ADP	O	O	O
moyen	moyen	NOUN	O	O	O
de	de	ADP	O	O	O
l'	le	DET	O	O	O
Omniphone	omniphone	PROPN	B-NOV	O	O
,	,	PUNCT	O	O	O
une	un	DET	O	O	O
autre	autre	ADJ	O	O	O
machine	machine	NOUN	O	O	O
tout	tout	ADV	O	O	O
à	à	ADP	O	O	O
fait	fait	NOUN	O	O	O
curieuse	curieux	ADJ	O	O	O
.	.	PUNCT	O	O	O

Puis	pouvoir	CCONJ	O	O	O
,	,	PUNCT	O	O	O
la	le	DET	O	O	O
matière	matière	NOUN	O	O	O
rudimentaire	rudimentaire	ADJ	O	O	O
ainsi	ainsi	ADV	O	O	O
préparée	préparer	VERB	O	O	O
,	,	PUNCT	O	O	O
est	être	AUX	O	O	O
mise	mettre	VERB	O	O	O
en	en	ADP	O	O	O
contact	contact	NOUN	O	O	O
avec	avec	ADP	O	O	O
le	le	DET	O	O	O
grand	grand	ADJ	O	O	O
sympathique	sympathique	NOUN	O	O	O
des	de	ADP	O	O	O
clients	client	NOUN	O	O	O
.	.	PUNCT	O	O	O

Il	il	PRON	O	O	O
n'	ne	ADV	O	O	O
y	y	PRON	O	O	O
a	avoir	VERB	O	O	O
plus	plus	ADV	O	O	O
qu'	que	ADV	O	O	O
à	à	ADP	O	O	O
faire	faire	AUX	O	O	O
jouer	jouer	VERB	O	O	O
la	le	DET	O	O	O
batterie	batterie	NOUN	O	O	O
électrique	électrique	ADJ	O	O	O
,	,	PUNCT	O	O	O
en	en	ADP	O	O	O
appuyant	appuyer	VERB	O	O	O
le	le	DET	O	O	O
pôle	pôle	NOUN	O	O	O
positif	positif	ADJ	O	O	O
à	à	ADP	O	O	O
l'	le	DET	O	O	O
organe	organe	NOUN	O	O	O
de	de	ADP	O	O	O
la	le	DET	O	O	O
mémoire	mémoire	NOUN	O	O	O
.	.	PUNCT	O	O	O

Les	le	DET	O	O	O
cellules	cellule	NOUN	O	O	O
du	de	ADP	O	O	O
tissu	tissu	NOUN	O	O	O
nerveux	nerveux	ADJ	O	O	O
reçoivent	recevoir	VERB	O	O	O
les	le	DET	O	O	O
corpuscules	corpuscule	NOUN	B-NOV	O	O
de	de	ADP	I-NOV	O	O
bon	bon	ADJ	I-NOV	O	O
sens	sens	NOUN	I-NOV	O	O
,	,	PUNCT	O	O	O
qui	qui	PRON	O	O	O
sont	être	AUX	O	O	O
naturellement	naturellement	ADV	O	O	O
distribuées	distribuer	VERB	O	O	O
par	par	ADP	O	O	O
la	le	DET	O	O	O
circulation	circulation	NOUN	O	O	O
dans	dans	ADP	O	O	O
tout	tout	ADJ	O	O	O
le	le	DET	O	O	O
corps	corps	NOUN	O	O	O
humain	humain	ADJ	O	O	O
.	.	PUNCT	O	O	O

Grâce	grâce	NOUN	O	O	O
à	à	ADP	O	O	O
cette	ce	DET	O	O	O
belle	bel	ADJ	O	O	O
invention	invention	NOUN	O	O	O
,	,	PUNCT	O	O	O
la	le	DET	O	O	O
folie	folie	NOUN	O	O	O
,	,	PUNCT	O	O	O
l'	le	DET	O	O	O
idiotisme	idiotisme	NOUN	O	O	O
,	,	PUNCT	O	O	O
la	le	DET	O	O	O
manie	manie	NOUN	O	O	O
politique	politique	ADJ	O	O	O
,	,	PUNCT	O	O	O
le	le	DET	O	O	O
fanatisme	fanatisme	NOUN	O	O	O
puritain	puritain	ADJ	O	O	O
,	,	PUNCT	O	O	O
ont	avoir	AUX	O	O	O
à	à	ADP	O	O	O
peu	peu	ADV	O	O	O
près	près	ADV	O	O	O
disparu	disparaître	VERB	O	O	O
de	de	ADP	O	O	O
notre	notre	DET	O	O	O
glorieuse	glorieux	ADJ	O	O	O
Union	union	PROPN	O	O	O
américaine	américain	ADJ	O	O	O
.	.	PUNCT	O	O	O

Quant	quant	ADV	O	O	O
aux	aux	DET	O	O	O
grands	grand	ADJ	O	O	O
hommes	homme	NOUN	O	O	O
nous	nous	PRON	O	O	O
nous	nous	PRON	O	O	O
en	en	PRON	O	O	O
passons	passer	VERB	O	O	O
,	,	PUNCT	O	O	O
tout	tout	ADJ	O	O	O
le	le	DET	O	O	O
monde	monde	NOUN	O	O	O
vivant	vivre	VERB	O	O	O
sous	sou	ADP	O	O	O
le	le	DET	O	O	O
même	même	ADJ	O	O	O
toit	toit	NOUN	O	O	O
.	.	PUNCT	O	O	O

Je	je	PRON	O	O	O
regardai	regarder	VERB	O	O	O
autour	autour	ADV	O	O	O
de	de	ADP	O	O	O
moi	moi	PRON	O	O	O
,	,	PUNCT	O	O	O
et	et	CCONJ	O	O	O
vis	voir	VERB	O	O	O
pour	pour	ADP	O	O	O
la	le	DET	O	O	O
première	premier	ADJ	O	O	O
fois	fois	NOUN	O	O	O
que	que	SCONJ	O	O	O
les	le	DET	O	O	O
rues	rue	NOUN	O	O	O
étaient	être	AUX	O	O	O
couvertes	couvrir	VERB	O	O	O
d'	de	ADP	O	O	O
un	un	DET	O	O	O
toit	toit	NOUN	O	O	O
de	de	ADP	O	O	O
verre	verre	NOUN	O	O	O
,	,	PUNCT	O	O	O
et	et	CCONJ	O	O	O
scientifiquement	scientifiquement	ADV	O	O	O
éclairées	éclairer	VERB	O	O	O
et	et	CCONJ	O	O	O
ventilées	ventiler	VERB	O	O	O
.	.	PUNCT	O	O	O

Les	le	DET	O	O	O
passants	passant	NOUN	O	O	O
n'	ne	ADV	O	O	O
avaient	avoir	VERB	O	O	O
plus	plus	ADV	O	O	O
besoin	besoin	NOUN	O	O	O
de	de	ADP	O	O	O
chapeau	chapeau	NOUN	O	O	O
,	,	PUNCT	O	O	O
et	et	CCONJ	O	O	O
,	,	PUNCT	O	O	O
dans	dans	ADP	O	O	O
la	le	DET	O	O	O
foule	foule	NOUN	O	O	O
,	,	PUNCT	O	O	O
je	je	PRON	O	O	O
n'	ne	ADV	O	O	O
aperçus	apercevoir	VERB	O	O	O
pas	pas	ADV	O	O	O
un	un	DET	O	O	O
seul	seul	ADJ	O	O	O
crâne	crâne	NOUN	O	O	O
chauve	chauve	ADJ	O	O	O
.	.	PUNCT	O	O	O

Mon	mon	DET	O	O	O
visage	visage	NOUN	O	O	O
dut	devoir	VERB	O	O	O
exprimer	exprimer	VERB	O	O	O
la	le	DET	O	O	O
plus	plus	ADV	O	O	O
grande	grand	ADJ	O	O	O
surprise	surprise	NOUN	O	O	O
;	;	PUNCT	O	O	O

car	car	CCONJ	O	O	O
mon	mon	DET	O	O	O
docteur	docteur	NOUN	O	O	O
me	me	PRON	O	O	O
dit	dire	VERB	O	O	O
tout	tout	ADV	O	O	O
à	à	ADP	O	O	O
coup	coup	NOUN	O	O	O
d'	de	ADP	O	O	O
un	un	DET	O	O	O
ton	ton	NOUN	O	O	O
sérieux	sérieux	ADJ	O	O	O
:	:	PUNCT	O	O	O

—	—	PUNCT	O	O	O
N'	ne	ADV	O	O	O
admirez	admirer	VERB	O	O	O
pas	pas	ADV	O	O	O
trop	trop	ADV	O	O	O
à	à	ADP	O	O	O
la	le	DET	O	O	O
fois	fois	NOUN	O	O	O
,	,	PUNCT	O	O	O
vous	vous	PRON	O	O	O
vous	vous	PRON	O	O	O
fati	fati	VERB	O	O	O
-	-	VERB	O	O	O
guerez	guerer	VERB	O	O	O
.	.	PUNCT	O	O	O

Auparavant	auparavant	ADV	O	O	O
,	,	PUNCT	O	O	O
il	il	PRON	O	O	O
faut	falloir	VERB	O	O	O
prendre	prendre	VERB	O	O	O
des	un	DET	O	O	O
forces	force	NOUN	O	O	O
.	.	PUNCT	O	O	O

Il	il	PRON	O	O	O
se	se	PRON	O	O	O
tourna	tourner	VERB	O	O	O
vers	vers	ADP	O	O	O
son	son	DET	O	O	O
aide	aide	NOUN	O	O	O
.	.	PUNCT	O	O	O

—	—	PUNCT	O	O	O
John	john	PROPN	O	O	O
,	,	PUNCT	O	O	O
apportez	apporter	VERB	O	O	O
le	le	DET	O	O	O
Soupographe	soupographe	NOUN	B-NOV	O	O
n°	numéro	NOUN	O	O	O
14	14	NUM	O	O	O
.	.	PUNCT	O	O	O

La	le	DET	O	O	O
machine	machine	NOUN	O	O	O
fut	être	AUX	O	O	O
disposée	disposer	VERB	O	O	O
de	de	ADP	O	O	O
façon	façon	NOUN	O	O	O
à	à	ADP	O	O	O
agir	agir	VERB	O	O	O
sur	sur	ADP	O	O	O
ma	mon	DET	O	O	O
région	région	NOUN	O	O	O
épigastrique	épigastrique	ADJ	O	O	O
,	,	PUNCT	O	O	O
et	et	CCONJ	O	O	O
j'	je	PRON	O	O	O
éprouvai	éprouver	VERB	O	O	O
immédiatement	immédiatement	ADV	O	O	O
une	un	DET	O	O	O
sensation	sensation	NOUN	O	O	O
agréable	agréable	ADJ	O	O	O
;	;	PUNCT	O	O	O

comme	comme	ADP	O	O	O
après	après	ADP	O	O	O
un	un	DET	O	O	O
excellent	excellent	ADJ	O	O	O
repas	repas	NOUN	O	O	O
à	à	ADP	O	O	O
la	le	DET	O	O	O
française	français	PROPN	O	O	O
.	.	PUNCT	O	O	O

—	—	PUNCT	O	O	O
Nous	nous	PRON	O	O	O
vous	vous	PRON	O	O	O
donnerons	donner	VERB	O	O	O
tout	tout	ADV	O	O	O
à	à	ADP	O	O	O
l'	le	DET	O	O	O
heure	heure	NOUN	O	O	O
un	un	DET	O	O	O
peu	peu	NOUN	O	O	O
de	de	ADP	O	O	O
repos	repos	NOUN	B-NOV	O	O
électrique	électrique	ADJ	I-NOV	O	O
—	—	PUNCT	O	O	O
ce	ce	PRON	O	O	O
que	que	PRON	O	O	O
les	le	DET	O	O	O
gens	gens	NOUN	O	O	O
de	de	ADP	O	O	O
l'	le	DET	O	O	O
âge	âge	NOUN	O	O	O
de	de	ADP	O	O	O
1883	1883	NUM	O	O	O
,	,	PUNCT	O	O	O
dans	dans	ADP	O	O	O
leur	son	DET	O	O	O
langage	langage	NOUN	O	O	O
rudimentaire	rudimentaire	ADJ	O	O	O
,	,	PUNCT	O	O	O
appelaient	appeler	VERB	O	O	O
du	de	DET	O	O	O
sommeil	sommeil	NOUN	O	O	O
.	.	PUNCT	O	O	O

Après	après	ADP	O	O	O
quoi	quoi	PRON	O	O	O
,	,	PUNCT	O	O	O
nous	nous	PRON	O	O	O
vous	vous	PRON	O	O	O
ferons	faire	VERB	O	O	O
faire	faire	VERB	O	O	O
un	un	DET	O	O	O
tour	tour	NOUN	O	O	O
dans	dans	ADP	O	O	O
notre	notre	DET	O	O	O
bibliothèque	bibliothèque	NOUN	O	O	O
scientifique	scientifique	ADJ	O	O	O
où	où	PRON	O	O	O
vous	vous	PRON	O	O	O
trouverez	trouver	VERB	O	O	O
1,500,000,000	1,500,000,000	DET	O	O	O
volumes	volume	NOUN	O	O	O
à	à	ADP	O	O	O
votre	votre	DET	O	O	O
disposition	disposition	NOUN	O	O	O
.	.	PUNCT	O	O	O

—	—	PUNCT	O	O	O
Oh	oh	INTJ	O	O	O
!	!	PUNCT	O	O	O

oh	oh	INTJ	O	O	O
!	!	PUNCT	O	O	O

docteur	docteur	NOUN	O	O	O
.	.	PUNCT	O	O	O

J'	je	PRON	O	O	O
ai	avoir	VERB	O	O	O
déjà	déjà	ADV	O	O	O
mal	mal	NOUN	O	O	O
à	à	ADP	O	O	O
la	le	DET	O	O	O
tête	tête	NOUN	O	O	O
de	de	ADP	O	O	O
tout	tout	ADJ	O	O	O
ce	ce	PRON	O	O	O
que	que	PRON	O	O	O
j'	je	PRON	O	O	O
apprends	apprendre	VERB	O	O	O
...	...	PUNCT	O	O	O

—	—	PUNCT	O	O	O
Un	un	DET	O	O	O
peu	peu	NOUN	O	O	O
de	de	ADP	O	O	O
patience	patience	NOUN	O	O	O
!	!	PUNCT	O	O	O

fit	faire	VERB	O	O	O
mon	mon	DET	O	O	O
cicérone	cicérone	NOUN	O	O	O
avec	avec	ADP	O	O	O
un	un	DET	O	O	O
sourire	sourire	NOUN	O	O	O
aimable	aimable	ADJ	O	O	O
.	.	PUNCT	O	O	O

Vous	vous	PRON	O	O	O
n'	ne	ADV	O	O	O
aurez	avoir	VERB	O	O	O
pas	pas	ADV	O	O	O
la	le	DET	O	O	O
peine	peine	NOUN	O	O	O
de	de	ADP	O	O	O
lire	lire	VERB	O	O	O
.	.	PUNCT	O	O	O

C'	ce	PRON	O	O	O
était	être	AUX	O	O	O
bon	bon	ADJ	O	O	O
de	de	ADP	O	O	O
votre	votre	DET	O	O	O
temps	temps	NOUN	O	O	O
.	.	PUNCT	O	O	O

Nous	nous	PRON	O	O	O
avons	avoir	AUX	O	O	O
changé	changer	VERB	O	O	O
cela	celer	PRON	O	O	O
.	.	PUNCT	O	O	O

Deux	deux	NUM	O	O	O
petits	petit	ADJ	O	O	O
instruments	instrument	NOUN	O	O	O
combinés	combiner	VERB	O	O	O
,	,	PUNCT	O	O	O
L'	le	DET	O	O	O
ophtalmolographe	ophtalmolographe	NOUN	B-NOV	O	O
et	et	CCONJ	O	O	O
le	le	DET	O	O	O
mnémotype	mnémotype	NOUN	B-NOV	O	O
vous	vous	PRON	O	O	O
transcriront	transcrire	VERB	O	O	O
en	en	ADP	O	O	O
cinq	cinq	NUM	O	O	O
minutes	minute	NOUN	O	O	O
dans	dans	ADP	O	O	O
le	le	DET	O	O	O
cerveau	cerveau	NOUN	O	O	O
le	le	DET	O	O	O
contenu	contenu	NOUN	O	O	O
de	de	ADP	O	O	O
tous	tout	ADJ	O	O	O
les	le	DET	O	O	O
livres	livre	NOUN	O	O	O
,	,	PUNCT	O	O	O
à	à	ADP	O	O	O
votre	votre	DET	O	O	O
choix	choix	NOUN	O	O	O
.	.	PUNCT	O	O	O

Le	le	DET	O	O	O
procédé	procédé	NOUN	O	O	O
est	être	AUX	O	O	O
infaillible	infaillible	ADJ	O	O	O
et	et	CCONJ	O	O	O
garanti	garantir	VERB	O	O	O
cinq	cinq	NUM	O	O	O
ans	an	NOUN	O	O	O
,	,	PUNCT	O	O	O
pour	pour	ADP	O	O	O
5	5	NUM	O	O	O
dollars	dollar	NOUN	O	O	O
.	.	PUNCT	O	O	O

—	—	PUNCT	O	O	O
Docteur	docteur	NOUN	O	O	O
,	,	PUNCT	O	O	O
demandai	demander	VERB	O	O	O
-	-	PRON	O	O	O
je	je	PRON	O	O	O
après	après	ADP	O	O	O
un	un	DET	O	O	O
moment	moment	NOUN	O	O	O
de	de	ADP	O	O	O
réflexion	réflexion	NOUN	O	O	O
,	,	PUNCT	O	O	O
en	en	ADP	O	O	O
1883	1883	NUM	O	O	O
j'	je	PRON	O	O	O
étais	être	AUX	O	O	O
reporter	reporter	NOUN	O	O	O
,	,	PUNCT	O	O	O
j'	je	PRON	O	O	O
ai	avoir	AUX	O	O	O
conservé	conserver	VERB	O	O	O
de	de	ADP	O	O	O
ce	ce	DET	O	O	O
métier	métier	NOUN	O	O	O
des	un	DET	O	O	O
habitudes	habitude	NOUN	O	O	O
de	de	ADP	O	O	O
curiosité	curiosité	NOUN	O	O	O
.	.	PUNCT	O	O	O

Quels	quel	ADJ	O	O	O
sont	être	AUX	O	O	O
les	le	DET	O	O	O
gens	gens	NOUN	O	O	O
qui	qui	PRON	O	O	O
achètent	acheter	VERB	O	O	O
ainsi	ainsi	ADV	O	O	O
les	le	DET	O	O	O
idées	idée	NOUN	O	O	O
et	et	CCONJ	O	O	O
le	le	DET	O	O	O
sens	sens	NOUN	O	O	O
commun	commun	ADJ	O	O	O
au	au	ADP	O	O	O
poids	poids	NOUN	O	O	O
?	?	PUNCT	O	O	O

—	—	PUNCT	O	O	O
Chacun	chacun	PRON	O	O	O
vient	venir	VERB	O	O	O
nous	nous	PRON	O	O	O
demander	demander	VERB	O	O	O
la	le	DET	O	O	O
spécialité	spécialité	NOUN	O	O	O
qui	qui	PRON	O	O	O
l'	le	PRON	O	O	O
intéresse	intéresser	VERB	O	O	O
,	,	PUNCT	O	O	O
et	et	CCONJ	O	O	O
...	...	PUNCT	O	O	O
Un	un	DET	O	O	O
homme	homme	NOUN	O	O	O
était	être	AUX	O	O	O
entré	entrer	VERB	O	O	O
dans	dans	ADP	O	O	O
l'	le	DET	O	O	O
atelier	atelier	NOUN	O	O	O
de	de	ADP	O	O	O
l'	le	DET	O	O	O
idéo	idéo	NOUN	O	O	O
-	-	NOUN	O	O	O
phone	phone	NOUN	O	O	O
,	,	PUNCT	O	O	O
et	et	CCONJ	O	O	O
sa	son	DET	O	O	O
tête	tête	NOUN	O	O	O
était	être	AUX	O	O	O
déjà	déjà	ADV	O	O	O
gonflée	gonfler	VERB	O	O	O
comme	comme	ADP	O	O	O
un	un	DET	O	O	O
ballon	ballon	NOUN	O	O	O
.	.	PUNCT	O	O	O

—	—	PUNCT	O	O	O
Docteur	docteur	NOUN	O	O	O
,	,	PUNCT	O	O	O
docteur	docteur	NOUN	O	O	O
,	,	PUNCT	O	O	O
dites	dire	VERB	O	O	O
-	-	PRON	O	O	O
moi	moi	PRON	O	O	O
si	si	SCONJ	O	O	O
avec	avec	ADP	O	O	O
toute	tout	ADJ	O	O	O
votre	votre	DET	O	O	O
science	science	NOUN	O	O	O
,	,	PUNCT	O	O	O
cet	ce	DET	O	O	O
homme	homme	NOUN	O	O	O
est	être	AUX	O	O	O
plus	plus	ADV	O	O	O
heureux	heureux	ADJ	O	O	O
que	que	SCONJ	O	O	O
ceux	celui	PRON	O	O	O
de	de	ADP	O	O	O
mon	mon	DET	O	O	O
temps	temps	NOUN	O	O	O
;	;	PUNCT	O	O	O

voyons	voir	VERB	O	O	O
trouvez	trouver	VERB	O	O	O
-	-	PRON	O	O	O
vous	vous	PRON	O	O	O
cet	ce	DET	O	O	O
exercice	exercice	NOUN	O	O	O
confortable	confortable	ADJ	O	O	O
!	!	PUNCT	O	O	O

—	—	PUNCT	O	O	O
Oh	oh	INTJ	O	O	O
!	!	PUNCT	O	O	O
cet	ce	DET	O	O	O
homme	homme	NOUN	O	O	O
est	être	AUX	O	O	O
un	un	DET	O	O	O
fou	fou	NOUN	O	O	O
.	.	PUNCT	O	O	O

Nous	nous	PRON	O	O	O
l'	le	PRON	O	O	O
avons	avoir	AUX	O	O	O
desséché	dessécher	VERB	O	O	O
après	après	ADP	O	O	O
la	le	DET	O	O	O
grande	grand	ADJ	O	O	O
transformation	transformation	NOUN	O	O	O
politique	politique	ADJ	O	O	O
de	de	ADP	O	O	O
1920	1920	NUM	O	O	O
.	.	PUNCT	O	O	O

Il	il	PRON	O	O	O
venait	venir	VERB	O	O	O
d'	de	ADP	O	O	O
échouer	échouer	VERB	O	O	O
aux	à	ADP	O	O	O
élections	élection	NOUN	O	O	O
pour	pour	ADP	O	O	O
la	le	DET	O	O	O
présidence	présidence	NOUN	O	O	O
des	de	ADP	O	O	O
États	états	PROPN	O	O	O
-	-	PROPN	O	O	O
Unis	unis	PROPN	O	O	O
.	.	PUNCT	O	O	O

Il	il	PRON	O	O	O
croit	croire	VERB	O	O	O
que	que	SCONJ	O	O	O
nous	nous	PRON	O	O	O
nous	nous	PRON	O	O	O
servons	servir	VERB	O	O	O
encore	encore	ADV	O	O	O
de	de	ADP	O	O	O
pareilles	pareil	ADJ	O	O	O
vieilleries	vieillerie	NOUN	O	O	O
,	,	PUNCT	O	O	O
et	et	CCONJ	O	O	O
vient	venir	VERB	O	O	O
se	se	PRON	O	O	O
gonfler	gonfler	VERB	O	O	O
la	le	DET	O	O	O
tête	tête	NOUN	O	O	O
d'	de	ADP	O	O	O
idées	idée	NOUN	O	O	O
.	.	PUNCT	O	O	O

Pauvre	pauvre	ADJ	O	O	O
homme	homme	NOUN	O	O	O
!	!	PUNCT	O	O	O

Il	il	PRON	O	O	O
est	être	AUX	O	O	O
persuadé	persuader	VERB	O	O	O
qu'	que	SCONJ	O	O	O
il	il	PRON	O	O	O
faut	falloir	VERB	O	O	O
de	de	ADP	O	O	O
la	le	DET	O	O	O
cervelle	cervelle	NOUN	O	O	O
pour	pour	ADP	O	O	O
être	être	AUX	O	O	O
président	président	NOUN	O	O	O
.	.	PUNCT	O	O	O

—	—	PUNCT	O	O	O
Docteur	docteur	NOUN	O	O	O
,	,	PUNCT	O	O	O
vous	vous	PRON	O	O	O
prenez	prendre	VERB	O	O	O
avec	avec	ADP	O	O	O
l'	le	DET	O	O	O
esprit	esprit	NOUN	O	O	O
et	et	CCONJ	O	O	O
les	le	DET	O	O	O
muscles	muscle	NOUN	O	O	O
de	de	ADP	O	O	O
façons	façon	NOUN	O	O	O
qui	qui	PRON	O	O	O
me	me	PRON	O	O	O
semblent	sembler	VERB	O	O	O
étranges	étrange	ADJ	O	O	O
.	.	PUNCT	O	O	O

—	—	PUNCT	O	O	O
Jeune	jeune	ADJ	O	O	O
homme	homme	NOUN	O	O	O
,	,	PUNCT	O	O	O
n'	ne	ADV	O	O	O
espérez	espérer	VERB	O	O	O
pas	pas	ADV	O	O	O
pénétrer	pénétrer	VERB	O	O	O
d'	de	ADP	O	O	O
emblée	emblée	ADV	O	O	O
le	le	DET	O	O	O
sens	sens	NOUN	O	O	O
de	de	ADP	O	O	O
découvertes	découverte	NOUN	O	O	O
qui	qui	PRON	O	O	O
ont	avoir	AUX	O	O	O
demandé	demander	VERB	O	O	O
des	un	DET	O	O	O
siècles	siècle	NOUN	O	O	O
pour	pour	ADP	O	O	O
se	se	PRON	O	O	O
produire	produire	VERB	O	O	O
.	.	PUNCT	O	O	O

Je	je	PRON	O	O	O
veux	vouloir	VERB	O	O	O
vous	vous	PRON	O	O	O
donner	donner	VERB	O	O	O
encore	encore	ADV	O	O	O
deux	deux	NUM	O	O	O
ou	ou	CCONJ	O	O	O
trois	trois	NUM	O	O	O
renseignements	renseignement	NOUN	O	O	O
,	,	PUNCT	O	O	O
et	et	CCONJ	O	O	O
je	je	PRON	O	O	O
vous	vous	PRON	O	O	O
laisserai	laisser	VERB	O	O	O
après	après	ADP	O	O	O
cela	celer	PRON	O	O	O
,	,	PUNCT	O	O	O
à	à	ADP	O	O	O
vos	votre	DET	O	O	O
découvertes	découverte	NOUN	O	O	O
personnelles	personnel	ADJ	O	O	O
.	.	PUNCT	O	O	O

Voici	voici	VERB	O	O	O
l'	le	DET	O	O	O
atelier	atelier	NOUN	O	O	O
médical	médical	ADJ	O	O	O
:	:	PUNCT	O	O	O
Les	le	DET	O	O	O
médecins	médecin	NOUN	O	O	O
ont	avoir	AUX	O	O	O
renoncé	renoncer	VERB	O	O	O
aux	à	ADP	O	O	O
drogues	drogue	NOUN	O	O	O
.	.	PUNCT	O	O	O

On	on	PRON	O	O	O
remet	remettre	VERB	O	O	O
une	un	DET	O	O	O
jambe	jambe	NOUN	O	O	O
,	,	PUNCT	O	O	O
un	un	DET	O	O	O
bras	bras	NOUN	O	O	O
,	,	PUNCT	O	O	O
un	un	DET	O	O	O
estomac	estomac	NOUN	O	O	O
,	,	PUNCT	O	O	O
un	un	DET	O	O	O
foie	foie	NOUN	O	O	O
neuf	neuf	ADJ	O	O	O
,	,	PUNCT	O	O	O
à	à	ADP	O	O	O
ceux	celui	PRON	O	O	O
qui	qui	PRON	O	O	O
ont	avoir	VERB	O	O	O
ces	ce	DET	O	O	O
membres	membre	NOUN	O	O	O
ou	ou	CCONJ	O	O	O
ces	ce	DET	O	O	O
organes	organe	NOUN	O	O	O
malades	malade	ADJ	O	O	O
.	.	PUNCT	O	O	O

Les	le	DET	O	O	O
médecins	médecin	NOUN	O	O	O
sont	être	AUX	O	O	O
les	le	DET	O	O	O
charpentiers	charpentier	NOUN	O	O	O
,	,	PUNCT	O	O	O
les	le	DET	O	O	O
menuisiers	menuisier	NOUN	O	O	O
du	de	ADP	O	O	O
corps	corps	NOUN	O	O	O
.	.	PUNCT	O	O	O

—	—	PUNCT	O	O	O
Quel	quel	DET	O	O	O
blasphème	blasphème	NOUN	O	O	O
!	!	PUNCT	O	O	O

—	—	PUNCT	O	O	O
Calmez	calmer	VERB	O	O	O
-	-	PRON	O	O	O
vous	vous	PRON	O	O	O
.	.	PUNCT	O	O	O

Comprenez	comprendre	VERB	O	O	O
que	que	SCONJ	O	O	O
par	par	ADP	O	O	O
l'	le	DET	O	O	O
usage	usage	NOUN	O	O	O
des	de	ADP	O	O	O
machines	machine	NOUN	O	O	O
scientifiques	scientifique	ADJ	O	O	O
,	,	PUNCT	O	O	O
les	le	DET	O	O	O
cerveaux	cerveau	NOUN	O	O	O
de	de	ADP	O	O	O
tous	tout	ADJ	O	O	O
les	le	DET	O	O	O
hommes	homme	NOUN	O	O	O
sont	être	AUX	O	O	O
égaux	égal	ADJ	O	O	O
,	,	PUNCT	O	O	O
du	de	ADP	O	O	O
moins	moins	ADV	O	O	O
en	en	ADP	O	O	O
fait	fait	NOUN	O	O	O
de	de	ADP	O	O	O
connaissances	connaissance	NOUN	O	O	O
.	.	PUNCT	O	O	O

Les	le	DET	O	O	O
grands	grand	ADJ	O	O	O
hommes	homme	NOUN	O	O	O
n'	ne	ADV	O	O	O
existent	exister	VERB	O	O	O
plus	plus	ADV	O	O	O
.	.	PUNCT	O	O	O

Aussi	aussi	ADV	O	O	O
les	le	DET	O	O	O
hommes	homme	NOUN	O	O	O
les	le	DET	O	O	O
plus	plus	ADV	O	O	O
utiles	utile	ADJ	O	O	O
sont	être	AUX	O	O	O
aujourd'hui	aujourd'hui	ADV	O	O	O
les	le	DET	O	O	O
mécaniciens	mécanicien	NOUN	O	O	O
,	,	PUNCT	O	O	O
les	le	DET	O	O	O
ingénieurs	ingénieur	NOUN	O	O	O
;	;	PUNCT	O	O	O

c'	ce	ADP	O	O	O
est	est	ADP	O	O	O
-	-	ADV	O	O	O
àdire	àdire	ADV	O	O	O
ceux	celui	PRON	O	O	O
qui	qui	PRON	O	O	O
sont	être	AUX	O	O	O
capables	capable	ADJ	O	O	O
de	de	ADP	O	O	O
nous	nous	PRON	O	O	O
faire	faire	VERB	O	O	O
une	un	DET	O	O	O
vie	vie	NOUN	O	O	O
plus	plus	ADV	O	O	O
scientifiquement	scientifiquement	ADV	O	O	O
agréable	agréable	ADJ	O	O	O
,	,	PUNCT	O	O	O
plus	plus	ADV	O	O	O
confortable	confortable	ADJ	O	O	O
,	,	PUNCT	O	O	O
qui	qui	PRON	O	O	O
peuvent	pouvoir	VERB	O	O	O
en	en	PRON	O	O	O
prolonger	prolonger	VERB	O	O	O
la	le	DET	O	O	O
durée	durée	NOUN	O	O	O
.	.	PUNCT	O	O	O

La	le	DET	O	O	O
science	science	NOUN	O	O	O
est	être	AUX	O	O	O
morte	mourir	VERB	O	O	O
après	après	ADP	O	O	O
avoir	avoir	AUX	O	O	O
épuisé	épuiser	VERB	O	O	O
les	le	DET	O	O	O
limites	limite	NOUN	O	O	O
des	de	ADP	O	O	O
connaissances	connaissance	NOUN	O	O	O
et	et	CCONJ	O	O	O
des	de	ADP	O	O	O
combinaisons	combinaison	NOUN	O	O	O
.	.	PUNCT	O	O	O

Reste	reste	VERB	O	O	O
l'	le	DET	O	O	O
imagination	imagination	NOUN	O	O	O
de	de	ADP	O	O	O
chacun	chacun	PRON	O	O	O
,	,	PUNCT	O	O	O
mais	mais	CCONJ	O	O	O
déjà	déjà	ADV	O	O	O
il	il	PRON	O	O	O
y	y	PRON	O	O	O
a	avoir	VERB	O	O	O
un	un	PRON	O	O	O
de	de	ADP	O	O	O
mes	mon	DET	O	O	O
collègues	collègue	NOUN	O	O	O
qui	qui	PRON	O	O	O
travaille	travailler	VERB	O	O	O
à	à	ADP	O	O	O
une	un	DET	O	O	O
machine	machine	NOUN	O	O	O
pour	pour	ADP	O	O	O
manufacturer	manufacturer	VERB	O	O	O
l'	le	DET	O	O	O
imagination	imagination	NOUN	O	O	O
comme	comme	ADP	O	O	O
le	le	DET	O	O	O
reste	reste	NOUN	O	O	O
.	.	PUNCT	O	O	O

Toutefois	toutefois	ADV	O	O	O
,	,	PUNCT	O	O	O
je	je	PRON	O	O	O
doute	doute	VERB	O	O	O
qu'	que	SCONJ	O	O	O
il	il	PRON	O	O	O
y	y	PRON	O	O	O
arrive	arriver	VERB	O	O	O
jamais	jamais	ADV	O	O	O
.	.	PUNCT	O	O	O

Les	le	DET	O	O	O
idées	idée	NOUN	O	O	O
,	,	PUNCT	O	O	O
pour	pour	ADP	O	O	O
nous	nous	PRON	O	O	O
,	,	PUNCT	O	O	O
sont	être	AUX	O	O	O
des	un	DET	O	O	O
combinaisons	combinaison	NOUN	O	O	O
d'	de	ADP	O	O	O
actions	action	NOUN	O	O	O
mécaniques	mécanique	ADJ	O	O	O
et	et	CCONJ	O	O	O
n'	ne	ADV	O	O	O
ont	avoir	VERB	O	O	O
rien	rien	PRON	O	O	O
à	à	ADP	O	O	O
voir	voir	VERB	O	O	O
,	,	PUNCT	O	O	O
selon	selon	ADP	O	O	O
moi	moi	PRON	O	O	O
,	,	PUNCT	O	O	O
avec	avec	ADP	O	O	O
les	le	DET	O	O	O
vrais	vrai	ADJ	O	O	O
produits	produit	NOUN	O	O	O
de	de	ADP	O	O	O
l'	le	DET	O	O	O
imagination	imagination	NOUN	O	O	O
.	.	PUNCT	O	O	O

Cette	ce	DET	O	O	O
dernière	dernier	ADJ	O	O	O
,	,	PUNCT	O	O	O
ainsi	ainsi	ADV	O	O	O
que	que	SCONJ	O	O	O
l'	le	DET	O	O	O
émotion	émotion	NOUN	O	O	O
,	,	PUNCT	O	O	O
est	être	AUX	O	O	O
produite	produire	VERB	O	O	O
par	par	ADP	O	O	O
la	le	DET	O	O	O
machine	machine	NOUN	O	O	O
humaine	humain	ADJ	O	O	O
elle	lui	PRON	O	O	O
-	-	PRON	O	O	O
même	même	PRON	O	O	O
.	.	PUNCT	O	O	O

Comment	comment	ADV	O	O	O
construire	construire	VERB	O	O	O
une	un	DET	O	O	O
machine	machine	NOUN	O	O	O
à	à	ADP	O	O	O
émotion	émotion	NOUN	O	O	O
?	?	PUNCT	O	O	O

Mais	mais	CCONJ	O	O	O
il	il	PRON	O	O	O
est	être	AUX	O	O	O
une	un	DET	O	O	O
chose	chose	NOUN	O	O	O
au	au	ADP	O	O	O
moins	moins	ADV	O	O	O
certaine	certain	ADJ	O	O	O
,	,	PUNCT	O	O	O
c'	ce	PRON	O	O	O
est	être	VERB	O	O	O
que	que	SCONJ	O	O	O
nous	nous	PRON	O	O	O
sommes	être	AUX	O	O	O
heureux	heureux	ADJ	O	O	O
.	.	PUNCT	O	O	O

Les	le	DET	O	O	O
gens	gens	NOUN	O	O	O
de	de	ADP	O	O	O
votre	votre	DET	O	O	O
temps	temps	NOUN	O	O	O
en	en	PRON	O	O	O
pouvaient	pouvoir	VERB	O	O	O
-	-	PRON	O	O	O
ils	il	PRON	O	O	O
dire	dire	VERB	O	O	O
autant	autant	ADV	O	O	O
?	?	PUNCT	O	O	O

—	—	PUNCT	O	O	O
Comment	comment	ADV	O	O	O
rend	rendre	VERB	O	O	O
-	-	PRON	O	O	O
on	on	PRON	O	O	O
la	le	DET	O	O	O
justice	justice	NOUN	O	O	O
parmi	parmi	ADP	O	O	O
vous	vous	PRON	O	O	O
?	?	PUNCT	O	O	O

—	—	PUNCT	O	O	O
Il	il	PRON	O	O	O
n'	ne	ADV	O	O	O
y	y	PRON	O	O	O
a	avoir	VERB	O	O	O
ni	ni	CCONJ	O	O	O
cours	cours	NOUN	O	O	O
ni	ni	CCONJ	O	O	O
criminels	criminel	ADJ	O	O	O
.	.	PUNCT	O	O	O

On	on	PRON	O	O	O
n'	ne	ADV	O	O	O
a	avoir	VERB	O	O	O
plus	plus	ADV	O	O	O
l'	le	DET	O	O	O
embarras	embarras	NOUN	O	O	O
de	de	ADP	O	O	O
la	le	DET	O	O	O
propriété	propriété	NOUN	O	O	O
.	.	PUNCT	O	O	O

Pensez	penser	VERB	O	O	O
que	que	SCONJ	O	O	O
,	,	PUNCT	O	O	O
dans	dans	ADP	O	O	O
les	le	DET	O	O	O
années	année	NOUN	O	O	O
de	de	ADP	O	O	O
disette	disette	NOUN	O	O	O
il	il	PRON	O	O	O
n'	ne	ADV	O	O	O
y	y	PRON	O	O	O
a	avoir	VERB	O	O	O
qu'	que	ADV	O	O	O
à	à	ADP	O	O	O
électriser	électriser	VERB	O	O	O
les	le	DET	O	O	O
pauvres	pauvre	ADJ	O	O	O
gens	gens	NOUN	O	O	O
pour	pour	ADP	O	O	O
les	le	PRON	O	O	O
réveiller	réveiller	VERB	O	O	O
dans	dans	ADP	O	O	O
les	le	DET	O	O	O
années	année	NOUN	O	O	O
d'	de	ADP	O	O	O
abondance	abondance	NOUN	O	O	O
.	.	PUNCT	O	O	O

Quant	quant	ADV	O	O	O
aux	aux	DET	O	O	O
criminels	criminel	NOUN	O	O	O
,	,	PUNCT	O	O	O
l'	le	DET	O	O	O
absolue	absolu	ADJ	O	O	O
certitude	certitude	NOUN	O	O	O
d'	de	ADP	O	O	O
être	être	AUX	O	O	O
découverts	découvrir	VERB	O	O	O
les	le	PRON	O	O	O
a	avoir	AUX	O	O	O
tous	tout	ADJ	O	O	O
fait	faire	AUX	O	O	O
renoncer	renoncer	VERB	O	O	O
au	au	ADP	O	O	O
crime	crime	NOUN	O	O	O

.	.	PUNCT	O	O	O

Notre	notre	DET	O	O	O
moralité	moralité	NOUN	O	O	O
est	être	AUX	O	O	O
garantie	garantir	VERB	O	O	O
par	par	ADP	O	O	O
ce	ce	DET	O	O	O
fait	fait	NOUN	O	O	O
que	que	SCONJ	O	O	O
la	le	DET	O	O	O
pensée	pensée	NOUN	O	O	O
est	être	AUX	O	O	O
matière	matière	NOUN	O	O	O
,	,	PUNCT	O	O	O
et	et	CCONJ	O	O	O
palpable	palpable	ADJ	O	O	O
aux	à	ADP	O	O	O
sens	sens	NOUN	O	O	O
de	de	ADP	O	O	O
tout	tout	ADJ	O	O	O
le	le	DET	O	O	O
monde	monde	NOUN	O	O	O
.	.	PUNCT	O	O	O

—	—	PUNCT	O	O	O
Est	être	AUX	O	O	O
-	-	PRON	O	O	O
il	il	PRON	O	O	O
possible	possible	ADJ	O	O	O
?	?	PUNCT	O	O	O

...	...	PUNCT	O	O	O

—	—	PUNCT	O	O	O
Attendez	attendre	VERB	O	O	O
.	.	PUNCT	O	O	O

Le	le	DET	O	O	O
docteur	docteur	NOUN	O	O	O
tira	tirer	VERB	O	O	O
un	un	DET	O	O	O
petit	petit	ADJ	O	O	O
instrument	instrument	NOUN	O	O	O
de	de	ADP	O	O	O
sa	son	DET	O	O	O
poche	poche	NOUN	O	O	O
.	.	PUNCT	O	O	O

—	—	PUNCT	O	O	O
Regardez	regarder	VERB	O	O	O
là	là	ADV	O	O	O
une	un	DET	O	O	O
minute	minute	NOUN	O	O	O
.	.	PUNCT	O	O	O

Bien	bien	ADV	O	O	O
.	.	PUNCT	O	O	O

Lisez	lire	VERB	O	O	O
maintenant	maintenant	ADV	O	O	O
.	.	PUNCT	O	O	O

Je	je	PRON	O	O	O
lus'	lus'	VERB	O	O	O
ma	mon	DET	O	O	O
pensée	pensée	NOUN	O	O	O
transcrite	transcrire	VERB	O	O	O
en	en	ADP	O	O	O
entier	entier	ADJ	O	O	O
.	.	PUNCT	O	O	O

—	—	PUNCT	O	O	O
Mais	mais	CCONJ	O	O	O
alors	alors	ADV	O	O	O
,	,	PUNCT	O	O	O
fis	faire	VERB	O	O	O
-	-	PRON	O	O	O
je	je	PRON	O	O	O
tout	tout	ADV	O	O	O
anxieux	anxieux	ADJ	O	O	O
,	,	PUNCT	O	O	O
vous	vous	PRON	O	O	O
n'	ne	ADV	O	O	O
avez	avoir	VERB	O	O	O
plus	plus	ADV	O	O	O
besoin	besoin	NOUN	O	O	O
de	de	ADP	O	O	O
reporters	reporter	NOUN	O	O	O
,	,	PUNCT	O	O	O
ni	ni	CCONJ	O	O	O
de	de	ADP	O	O	O
correspondants	correspondant	NOUN	O	O	O
.	.	PUNCT	O	O	O

—	—	PUNCT	O	O	O
Sans	sans	ADP	O	O	O
doute	doute	NOUN	O	O	O
.	.	PUNCT	O	O	O

Avec	avec	ADP	O	O	O
cette	ce	DET	O	O	O
machine	machine	NOUN	O	O	O
,	,	PUNCT	O	O	O
un	un	DET	O	O	O
docteur	docteur	NOUN	O	O	O
peut	pouvoir	VERB	O	O	O
tout	tout	PRON	O	O	O
faire	faire	VERB	O	O	O
par	par	ADP	O	O	O
lui	luire	PRON	O	O	O
-	-	PRON	O	O	O
même	même	PRON	O	O	O
.	.	PUNCT	O	O	O

Et	et	CCONJ	O	O	O
puis	pouvoir	CCONJ	O	O	O
,	,	PUNCT	O	O	O
un	un	DET	O	O	O
autre	autre	ADJ	O	O	O
avantage	avantage	NOUN	O	O	O
du	de	ADP	O	O	O
système	système	NOUN	O	O	O
:	:	PUNCT	O	O	O

Plus	plus	PUNCT	O	O	O

de	de	PUNCT	O	O	O

fausses	faux	NOUN	O	O	O

nouvelles	nouveau	ADJ	O	O	O

,	,	PUNCT	O	O	O
plus	plus	ADV	O	O	O
de	de	ADP	O	O	O
polémique	polémique	NOUN	O	O	O
sur	sur	ADP	O	O	O
l'	le	DET	O	O	O
exactitude	exactitude	NOUN	O	O	O
d'	de	ADP	O	O	O
un	un	DET	O	O	O
fait	fait	NOUN	O	O	O

...	...	PUNCT	O	O	O

—	—	PUNCT	O	O	O
C'	ce	PRON	O	O	O
est	être	AUX	O	O	O
faux	faux	ADJ	O	O	O
!	!	PUNCT	O	O	O

C'	ce	PRON	O	O	O
est	être	AUX	O	O	O
impossible	impossible	ADJ	O	O	O
!	!	PUNCT	O	O	O

m'	me	PRON	O	O	O
écriais	écrier	VERB	O	O	O
-	-	PRON	O	O	O
je	je	PRON	O	O	O
avec	avec	ADP	O	O	O
l'	le	DET	O	O	O
énergie	énergie	NOUN	O	O	O
que	que	PRON	O	O	O
donne	donne	VERB	O	O	O
l'	le	DET	O	O	O
amour	amour	NOUN	O	O	O
du	de	ADP	O	O	O
métier	métier	NOUN	O	O	O
.	.	PUNCT	O	O	O

Et	et	CCONJ	O	O	O
pourquoi	pourquoi	ADV	O	O	O
pas	pas	ADV	O	O	O
,	,	PUNCT	O	O	O
reprit	reprendre	VERB	O	O	O
doucement	doucement	ADV	O	O	O
le	le	DET	O	O	O
docteur	docteur	NOUN	O	O	O
.	.	PUNCT	O	O	O

De	de	ADP	O	O	O
votre	votre	DET	O	O	O
temps	temps	NOUN	O	O	O
le	le	DET	O	O	O
pauvre	pauvre	ADJ	O	O	O
Edison	edison	PROPN	O	O	O
malgré	malgré	ADP	O	O	O
ses	son	DET	O	O	O
idées	idée	NOUN	O	O	O
arriérées	arriéré	ADJ	O	O	O
et	et	CCONJ	O	O	O
ses	son	DET	O	O	O
procédés	procédé	NOUN	O	O	O
enfantins	enfantin	ADJ	O	O	O

,	,	PUNCT	O	O	O
n'	ne	ADV	O	O	O
a	avoir	AUX	O	O	O
-	-	PRON	O	O	O
t	t	PRON	O	O	O
-	-	PRON	O	O	O
il	il	PRON	O	O	O
pas	pas	ADV	O	O	O
fixé	fixer	VERB	O	O	O
vos	votre	DET	O	O	O
paroles	parole	NOUN	O	O	O
.	.	PUNCT	O	O	O

Pourquoi	pourquoi	ADV	O	O	O
ne	ne	ADV	O	O	O
voulez	vouloir	VERB	O	O	O
-	-	PRON	O	O	O
vous	vous	PRON	O	O	O
pas	pas	ADV	O	O	O
que	que	SCONJ	O	O	O
nous	nous	PRON	O	O	O
puissions	pouvoir	VERB	O	O	O
photographier	photographier	VERB	O	O	O
vos	votre	DET	O	O	O
pensées	pensée	NOUN	O	O	O
.	.	PUNCT	O	O	O

—	—	PUNCT	O	O	O
Mais	mais	CCONJ	O	O	O
cela	celer	PRON	O	O	O
doit	devoir	VERB	O	O	O
arrêter	arrêter	VERB	O	O	O
les	le	DET	O	O	O
criminels	criminel	NOUN	O	O	O
.	.	PUNCT	O	O	O

—	—	PUNCT	O	O	O
Assurément	assurément	ADV	O	O	O
.	.	PUNCT	O	O	O

Les	le	DET	O	O	O
enfants	enfant	NOUN	O	O	O
à	à	ADP	O	O	O
l'	le	DET	O	O	O
école	école	NOUN	O	O	O
ont	avoir	VERB	O	O	O
leur	son	DET	O	O	O
cerveau	cerveau	NOUN	O	O	O
photographié	photographier	VERB	O	O	O
chaque	chaque	DET	O	O	O
soir	soir	NOUN	O	O	O
.	.	PUNCT	O	O	O

On	on	PRON	O	O	O
suit	suivre	VERB	O	O	O
ainsi	ainsi	ADV	O	O	O
les	le	DET	O	O	O
progrès	progrès	NOUN	O	O	O
de	de	ADP	O	O	O
leurs	leur	DET	O	O	O
idées	idée	NOUN	O	O	O
.	.	PUNCT	O	O	O

On	on	PRON	O	O	O
détruit	détruire	VERB	O	O	O
les	le	DET	O	O	O
mauvaises	mauvais	ADJ	O	O	O
et	et	CCONJ	O	O	O
on	on	PRON	O	O	O
les	le	PRON	O	O	O
remplace	remplacer	VERB	O	O	O
par	par	ADP	O	O	O
une	un	DET	O	O	O
infusion	infusion	NOUN	O	O	O
de	de	ADP	O	O	O
bonnes	bon	ADJ	O	O	O
.	.	PUNCT	O	O	O

Nous	nous	PRON	O	O	O
n'	ne	ADV	O	O	O
avons	avoir	VERB	O	O	O
plus	plus	ADV	O	O	O
ni	ni	CCONJ	O	O	O
avocats	avocat	NOUN	O	O	O
,	,	PUNCT	O	O	O
ni	ni	CCONJ	O	O	O
juges	juge	NOUN	O	O	O
,	,	PUNCT	O	O	O
ni	ni	CCONJ	O	O	O
hommes	homme	NOUN	O	O	O
de	de	ADP	O	O	O
loi	loi	NOUN	O	O	O
,	,	PUNCT	O	O	O
ni	ni	CCONJ	O	O	O
policemen	policeman	NOUN	O	O	O
,	,	PUNCT	O	O	O
ni	ni	CCONJ	O	O	O
prisons	prison	NOUN	O	O	O
.	.	PUNCT	O	O	O

Les	le	DET	O	O	O
criminels	criminel	NOUN	O	O	O
endurcis	endurcir	VERB	O	O	O
,	,	PUNCT	O	O	O
ceux	celui	PRON	O	O	O
qui	qui	PRON	O	O	O
ont	avoir	AUX	O	O	O
été	être	AUX	O	O	O
électrisés	électriser	VERB	O	O	O
de	de	ADP	O	O	O
votre	votre	DET	O	O	O
temps	temps	NOUN	O	O	O
,	,	PUNCT	O	O	O
sont	être	AUX	O	O	O
traités	traiter	VERB	O	O	O
comme	comme	ADP	O	O	O
les	le	DET	O	O	O
enfants	enfant	NOUN	O	O	O
;	;	PUNCT	O	O	O

s'	se	SCONJ	O	O	O
ils	il	PRON	O	O	O
résistent	résister	VERB	O	O	O
et	et	CCONJ	O	O	O
se	se	PRON	O	O	O
montrent	montrer	VERB	O	O	O
trop	trop	ADV	O	O	O
longs	long	ADJ	O	O	O
à	à	ADP	O	O	O
guérir	guérir	VERB	O	O	O
,	,	PUNCT	O	O	O
on	on	PRON	O	O	O
les	le	PRON	O	O	O
électrise	électriser	VERB	O	O	O
à	à	ADP	O	O	O
nouveau	nouveau	ADJ	O	O	O
.	.	PUNCT	O	O	O

Vous	vous	PRON	O	O	O
voyez	voir	VERB	O	O	O
l'	le	DET	O	O	O
économie	économie	NOUN	O	O	O
pour	pour	ADP	O	O	O
l'	le	DET	O	O	O
État	état	NOUN	O	O	O
.	.	PUNCT	O	O	O

Il	il	PRON	O	O	O
me	me	PRON	O	O	O
sembla	sembler	VERB	O	O	O
qu'	que	SCONJ	O	O	O
il	il	PRON	O	O	O
me	me	PRON	O	O	O
regardait	regarder	VERB	O	O	O
.	.	PUNCT	O	O	O

Je	je	PRON	O	O	O
devins	devenir	VERB	O	O	O
pâle	pâle	ADJ	O	O	O
.	.	PUNCT	O	O	O

—	—	PUNCT	O	O	O
Rassurez	rassurer	VERB	O	O	O
-	-	PRON	O	O	O
vous	vous	PRON	O	O	O
,	,	PUNCT	O	O	O
me	me	PRON	O	O	O
dit	dire	VERB	O	O	O
-	-	PRON	O	O	O
il	il	PRON	O	O	O
en	en	ADP	O	O	O
riant	rire	VERB	O	O	O
.	.	PUNCT	O	O	O

Les	le	DET	O	O	O
journalistes	journaliste	NOUN	O	O	O
sont	être	AUX	O	O	O
de	de	DET	O	O	O
bons	bon	ADJ	O	O	O
diables	diable	NOUN	O	O	O
,	,	PUNCT	O	O	O
et	et	CCONJ	O	O	O
puis	pouvoir	CCONJ	O	O	O
leur	son	DET	O	O	O
profession	profession	NOUN	O	O	O
leur	son	PRON	O	O	O
laisse	laisse	VERB	O	O	O
si	si	ADV	O	O	O
peu	peu	ADV	O	O	O
de	de	ADP	O	O	O
loisir	loisir	NOUN	O	O	O
,	,	PUNCT	O	O	O
qu'	que	SCONJ	O	O	O
ils	il	PRON	O	O	O
n'	ne	ADV	O	O	O
ont	avoir	VERB	O	O	O
pas	pas	ADV	O	O	O
le	le	DET	O	O	O
temps	temps	NOUN	O	O	O
de	de	ADP	O	O	O
songer	songer	VERB	O	O	O
à	à	ADP	O	O	O
mal	mal	NOUN	O	O	O
,	,	PUNCT	O	O	O
et	et	CCONJ	O	O	O
ils	il	PRON	O	O	O
arrivent	arriver	VERB	O	O	O
ici	ici	ADV	O	O	O
,	,	PUNCT	O	O	O
généralement	généralement	ADV	O	O	O
,	,	PUNCT	O	O	O
bien	bien	ADV	O	O	O
disciplinés	discipliné	ADJ	O	O	O
.	.	PUNCT	O	O	O

—	—	PUNCT	O	O	O
Mais	mais	CCONJ	O	O	O
j'	je	PRON	O	O	O
y	y	PRON	O	O	O
pense	penser	VERB	O	O	O
,	,	PUNCT	O	O	O
docteur	docteur	NOUN	O	O	O
,	,	PUNCT	O	O	O
avec	avec	ADP	O	O	O
toutes	tout	ADJ	O	O	O
ces	ce	DET	O	O	O
inventions	invention	NOUN	O	O	O
électro	électro	ADJ	O	O	O
—	—	PUNCT	O	O	O
comment	comment	ADV	O	O	O
dites	dire	VERB	O	O	O
-	-	PRON	O	O	O
vous	vous	PRON	O	O	O
cela	celer	PRON	O	O	O
?	?	PUNCT	O	O	O

—	—	PUNCT	O	O	O
Pourquoi	pourquoi	ADV	O	O	O
ne	ne	ADV	O	O	O
pas	pas	ADV	O	O	O
me	me	PRON	O	O	O
mettre	mettre	VERB	O	O	O
en	en	ADP	O	O	O
communication	communication	NOUN	O	O	O
immédiate	immédiat	ADJ	O	O	O
avec	avec	ADP	O	O	O
votre	votre	DET	O	O	O
cerveau	cerveau	NOUN	O	O	O
,	,	PUNCT	O	O	O
j'	je	PRON	O	O	O
y	y	PRON	O	O	O
lirai	lire	VERB	O	O	O
toutes	tout	ADJ	O	O	O
vos	votre	DET	O	O	O
pensées	pensée	NOUN	O	O	O
,	,	PUNCT	O	O	O
et	et	CCONJ	O	O	O
j'	je	PRON	O	O	O
apprendrai	apprendre	VERB	O	O	O
une	un	DET	O	O	O
à	à	ADP	O	O	O
une	un	DET	O	O	O
toutes	tout	ADJ	O	O	O
les	le	DET	O	O	O
merveilles	merveille	NOUN	O	O	O
qui	qui	PRON	O	O	O
découlent	découler	VERB	O	O	O
de	de	ADP	O	O	O
celles	celui	PRON	O	O	O
que	que	PRON	O	O	O
vous	vous	PRON	O	O	O
venez	venir	VERB	O	O	O
de	de	ADP	O	O	O
m'	me	PRON	O	O	O
apprendre	apprendre	VERB	O	O	O
.	.	PUNCT	O	O	O

—	—	PUNCT	O	O	O
Hélas	hélas	INTJ	O	O	O
!	!	PUNCT	O	O	O
jeune	jeune	ADJ	O	O	O
homme	homme	NOUN	O	O	O
(	(	PUNCT	O	O	O
ici	ici	ADV	O	O	O
l'	le	DET	O	O	O
expression	expression	NOUN	O	O	O
du	de	ADP	O	O	O
savant	savant	NOUN	O	O	O
devint	devenir	VERB	O	O	O
profondément	profondément	ADV	O	O	O
triste	triste	ADJ	O	O	O
,	,	PUNCT	O	O	O
)	)	PUNCT	O	O	O
votre	votre	DET	O	O	O
esprit	esprit	NOUN	O	O	O
serait	être	AUX	O	O	O
noyé	noyer	VERB	O	O	O
dans	dans	ADP	O	O	O
la	le	DET	O	O	O
masse	masse	NOUN	O	O	O
de	de	ADP	O	O	O
questions	question	NOUN	O	O	O
qui	qui	PRON	O	O	O
bouillonnent	bouillonner	VERB	O	O	O
sous	sou	ADP	O	O	O
ce	ce	DET	O	O	O
crâne	crâne	NOUN	O	O	O
...	...	PUNCT	O	O	O

—	—	PUNCT	O	O	O
Excusez	excuser	VERB	O	O	O
-	-	PRON	O	O	O
moi	moi	PRON	O	O	O
docteur	docteur	NOUN	O	O	O
,	,	PUNCT	O	O	O
et	et	CCONJ	O	O	O
permettez	permettre	VERB	O	O	O
-	-	PRON	O	O	O
moi	moi	PRON	O	O	O
une	un	DET	O	O	O
dernière	dernier	ADJ	O	O	O
question	question	NOUN	O	O	O
:	:	PUNCT	O	O	O
croyez	croire	VERB	O	O	O
-	-	PRON	O	O	O
vous	vous	PRON	O	O	O
qu'	que	SCONJ	O	O	O
avec	avec	ADP	O	O	O
tous	tout	ADJ	O	O	O
les	le	DET	O	O	O
appareils	appareil	NOUN	O	O	O
divers	divers	ADJ	O	O	O
,	,	PUNCT	O	O	O
les	le	DET	O	O	O
hommes	homme	NOUN	O	O	O
arriveront	arriver	VERB	O	O	O
à	à	ADP	O	O	O
vivre	vivre	VERB	O	O	O
éternellement	éternellement	ADV	O	O	O
?	?	PUNCT	O	O	O

—	—	PUNCT	O	O	O
C'	ce	PRON	O	O	O
est	être	AUX	O	O	O
difficile	difficile	ADJ	O	O	O
...	...	PUNCT	O	O	O

—	—	PUNCT	O	O	O
Mais	mais	CCONJ	O	O	O
,	,	PUNCT	O	O	O
ne	ne	ADV	O	O	O
pouvez	pouvoir	VERB	O	O	O
-	-	PRON	O	O	O
vous	vous	PRON	O	O	O
pas	pas	ADV	O	O	O
indéfiniment	indéfiniment	ADV	O	O	O
électriser	électriser	VERB	O	O	O
le	le	DET	O	O	O
corps	corps	NOUN	O	O	O
?	?	PUNCT	O	O	O

C'	ce	PRON	O	O	O
est	être	AUX	O	O	O
là	là	ADV	O	O	O
,	,	PUNCT	O	O	O
il	il	PRON	O	O	O
me	me	PRON	O	O	O
semble	sembler	VERB	O	O	O
,	,	PUNCT	O	O	O
une	un	DET	O	O	O
immortalité	immortalité	NOUN	O	O	O
pratique	pratique	ADJ	O	O	O
.	.	PUNCT	O	O	O

Il	il	PRON	O	O	O
y	y	PRON	O	O	O
a	avoir	VERB	O	O	O
une	un	DET	O	O	O
limite	limite	NOUN	O	O	O
à	à	ADP	O	O	O
tout	tout	PRON	O	O	O
.	.	PUNCT	O	O	O

A	à	ADP	O	O	O
chaque	chaque	DET	O	O	O
électrisation	électrisation	NOUN	O	O	O
,	,	PUNCT	O	O	O
le	le	DET	O	O	O
corps	corps	NOUN	O	O	O
perd	perdre	VERB	O	O	O
quelque	quelque	DET	O	O	O
chose	chose	NOUN	O	O	O
de	de	ADP	O	O	O
sa	son	DET	O	O	O
propre	propre	ADJ	O	O	O
personnalité	personnalité	NOUN	O	O	O
,	,	PUNCT	O	O	O
de	de	ADP	O	O	O
sa	son	DET	O	O	O
vitalité	vitalité	NOUN	O	O	O
particulière	particulier	ADJ	O	O	O
.	.	PUNCT	O	O	O

Toutefois	toutefois	ADV	O	O	O
,	,	PUNCT	O	O	O
nous	nous	PRON	O	O	O
vivons	vivre	VERB	O	O	O
plus	plus	ADV	O	O	O
longtemps	longtemps	ADV	O	O	O
que	que	SCONJ	O	O	O
vous	vous	PRON	O	O	O
,	,	PUNCT	O	O	O
500	500	NUM	O	O	O
ans	an	NOUN	O	O	O
en	en	ADP	O	O	O
moyenne	moyenne	NOUN	O	O	O
.	.	PUNCT	O	O	O

Nous	nous	PRON	O	O	O
arriverons	arriver	VERB	O	O	O
bien	bien	ADV	O	O	O
à	à	ADP	O	O	O
1000	1000	PRON	O	O	O
,	,	PUNCT	O	O	O
mais	mais	CCONJ	O	O	O
après	après	ADP	O	O	O
?	?	PUNCT	O	O	O

...	...	PUNCT	O	O	O
Je	je	PRON	O	O	O
vous	vous	PRON	O	O	O
quitte	quitte	VERB	O	O	O
,	,	PUNCT	O	O	O
je	je	PRON	O	O	O
suis	être	AUX	O	O	O
pressé	pressé	ADJ	O	O	O

...	...	PUNCT	O	O	O

—	—	PUNCT	O	O	O
Encore	encore	ADV	O	O	O
un	un	DET	O	O	O
mot	mot	NOUN	O	O	O
,	,	PUNCT	O	O	O
quel	quel	ADJ	O	O	O
est	être	AUX	O	O	O
le	le	DET	O	O	O
secret	secret	NOUN	O	O	O
de	de	ADP	O	O	O
la	le	DET	O	O	O
vie	vie	NOUN	O	O	O
humaine	humain	ADJ	O	O	O
?	?	PUNCT	O	O	O

Sans	sans	ADP	O	O	O
doute	doute	NOUN	O	O	O
le	le	DET	O	O	O
docteur	docteur	NOUN	O	O	O
n'	ne	ADV	O	O	O
était	être	AUX	O	O	O
pas	pas	ADV	O	O	O
habitué	habituer	VERB	O	O	O
aux	à	ADP	O	O	O
questions	question	NOUN	O	O	O
des	de	ADP	O	O	O
reporters	reporter	NOUN	O	O	O
.	.	PUNCT	O	O	O

Sans	sans	ADP	O	O	O
me	me	PRON	O	O	O
répondre	répondre	VERB	O	O	O
,	,	PUNCT	O	O	O
il	il	PRON	O	O	O
se	se	PRON	O	O	O
tourna	tourner	VERB	O	O	O
vers	vers	ADP	O	O	O
l'	le	DET	O	O	O
aide	aide	NOUN	O	O	O
qui	qui	PRON	O	O	O
ne	ne	ADV	O	O	O
l'	le	PRON	O	O	O
avait	avoir	AUX	O	O	O
pas	pas	ADV	O	O	O
quitté	quitter	VERB	O	O	O
.	.	PUNCT	O	O	O

Il	il	PRON	O	O	O
ne	ne	ADV	O	O	O
dit	dire	VERB	O	O	O
pas	pas	ADV	O	O	O
un	un	DET	O	O	O
mot	mot	NOUN	O	O	O
,	,	PUNCT	O	O	O
mais	mais	CCONJ	O	O	O
l'	le	DET	O	O	O
aide	aide	NOUN	O	O	O
,	,	PUNCT	O	O	O
me	me	PRON	O	O	O
prenant	prendre	VERB	O	O	O
sous	sou	ADP	O	O	O
les	le	DET	O	O	O
bras	bras	NOUN	O	O	O
,	,	PUNCT	O	O	O
me	me	PRON	O	O	O
poussa	pousser	VERB	O	O	O
dans	dans	ADP	O	O	O
un	un	DET	O	O	O
grand	grand	ADJ	O	O	O
tube	tube	NOUN	O	O	O
semblable	semblable	ADJ	O	O	O
à	à	ADP	O	O	O
un	un	DET	O	O	O
canon	canon	NOUN	O	O	O
de	de	ADP	O	O	O
fusil	fusil	NOUN	O	O	O
gigantesque	gigantesque	ADJ	O	O	O
.	.	PUNCT	O	O	O

Une	un	DET	O	O	O
détonation	détonation	NOUN	O	O	O
formidable	formidable	ADJ	O	O	O
retentit	retentir	VERB	O	O	O
.	.	PUNCT	O	O	O

Je	je	PRON	O	O	O
me	me	PRON	O	O	O
retrouvai	retrouver	VERB	O	O	O
«	«	PUNCT	O	O	O
fusillé	fusiller	VERB	O	O	O
en	en	ADP	O	O	O
arrière	arrière	NOUN	O	O	O
»	»	PUNCT	O	O	O
,	,	PUNCT	O	O	O
à	à	ADP	O	O	O
l'	le	DET	O	O	O
année	année	NOUN	O	O	O
1883	1883	NUM	O	O	O
,	,	PUNCT	O	O	O
et	et	CCONJ	O	O	O
tombant	tomber	VERB	O	O	O
sur	sur	ADP	O	O	O
le	le	DET	O	O	O
toit	toit	NOUN	O	O	O
de	de	ADP	O	O	O
ma	mon	DET	O	O	O
maison	maison	NOUN	O	O	O
,	,	PUNCT	O	O	O
j'	je	PRON	O	O	O
allai	aller	VERB	O	O	O
me	me	PRON	O	O	O
percher	percher	VERB	O	O	O
assez	assez	ADV	O	O	O
doucement	doucement	ADV	O	O	O
sur	sur	ADP	O	O	O
le	le	DET	O	O	O
crâne	crâne	NOUN	O	O	O
poli	polir	VERB	O	O	O
d'	de	ADP	O	O	O
un	un	DET	O	O	O
homme	homme	NOUN	O	O	O
aux	à	ADP	O	O	O
traits	trait	NOUN	O	O	O
graves	grave	ADJ	O	O	O
et	et	CCONJ	O	O	O
doux	doux	ADJ	O	O	O
à	à	ADP	O	O	O
la	le	DET	O	O	O
fois	fois	NOUN	O	O	O
.	.	PUNCT	O	O	O

Je	je	PRON	O	O	O
reconnus	reconnaître	VERB	O	O	O
mon	mon	DET	O	O	O
buste	buste	NOUN	O	O	O
de	de	ADP	O	O	O
B.	b.	PROPN	O	O	O
Franklin	franklin	PROPN	O	O	O
,	,	PUNCT	O	O	O
irrévéren	irrévéren	ADV	O	O	O
-	-	NOUN	O	O	O
cieusement	cieusement	ADV	O	O	O
relégué	reléguer	VERB	O	O	O
au	au	ADP	O	O	O
grenier	grenier	NOUN	O	O	O
,	,	PUNCT	O	O	O
à	à	ADP	O	O	O
cause	cause	NOUN	O	O	O
de	de	ADP	O	O	O
ses	son	DET	O	O	O
dimensions	dimension	NOUN	O	O	O
incommodes	incommode	ADJ	O	O	O
.	.	PUNCT	O	O	O

Je	je	PRON	O	O	O
garde	garde	VERB	O	O	O
depuis	depuis	ADP	O	O	O
lors	lors	ADV	O	O	O
un	un	DET	O	O	O
sentiment	sentiment	NOUN	O	O	O
encore	encore	ADV	O	O	O
plus	plus	ADV	O	O	O
vif	vif	ADJ	O	O	O
qu'	que	SCONJ	O	O	O
autrefois	autrefois	ADV	O	O	O
au	au	ADP	O	O	O
bonhomme	bonhomme	NOUN	O	O	O
Richard	richard	PROPN	O	O	O
.	.	PUNCT	O	O	O

En	en	ADP	O	O	O
réalité	réalité	NOUN	O	O	O
j'	je	PRON	O	O	O
avais	avoir	AUX	O	O	O
fait	faire	VERB	O	O	O
l'	le	DET	O	O	O
épreuve	épreuve	NOUN	O	O	O
de	de	ADP	O	O	O
sa	son	DET	O	O	O
forte	fort	ADJ	O	O	O
tête	tête	NOUN	O	O	O
.	.	PUNCT	O	O	O

Et	et	CCONJ	O	O	O
je	je	PRON	O	O	O
pense	penser	VERB	O	O	O
souvent	souvent	ADV	O	O	O
que	que	SCONJ	O	O	O
c'	ce	PRON	O	O	O
est	être	AUX	O	O	O
à	à	ADP	O	O	O
lui	luire	PRON	O	O	O
que	que	PRON	O	O	O
nous	nous	PRON	O	O	O
sommes	être	AUX	O	O	O
en	en	ADP	O	O	O
partie	partie	NOUN	O	O	O
redevables	redevable	ADJ	O	O	O
de	de	ADP	O	O	O
ces	ce	DET	O	O	O
merveilleux	merveilleux	ADJ	O	O	O
phones	phone	NOUN	O	O	O
,	,	PUNCT	O	O	O
graphes	graphe	NOUN	O	O	O
,	,	PUNCT	O	O	O
et	et	CCONJ	O	O	O
types	type	NOUN	O	O	O
qui	qui	PRON	O	O	O
travaillent	travailler	VERB	O	O	O
en	en	ADP	O	O	O
ce	ce	DET	O	O	O
moment	moment	NOUN	O	O	O
au	au	ADP	O	O	O
bonheur	bonheur	NOUN	O	O	O
possible	possible	ADJ	O	O	O
de	de	ADP	O	O	O
l'	le	DET	O	O	O
humanité	humanité	NOUN	O	O	O
.	.	PUNCT	O	O	O


