Elle	lui	PRON	O	O	O
était	être	AUX	O	O	O
superbe	superbe	ADJ	O	O	O
,	,	PUNCT	O	O	O
avec	avec	ADP	O	O	O
sa	son	DET	O	O	O
caisse	caisse	NOUN	O	O	O
ouvragée	ouvrager	VERB	O	O	O
,	,	PUNCT	O	O	O
avec	avec	ADP	O	O	O
son	son	DET	O	O	O
large	large	ADJ	O	O	O
cadran	cadran	NOUN	O	O	O
où	où	PRON	O	O	O
les	le	DET	O	O	O
heures	heure	NOUN	O	O	O
se	se	PRON	O	O	O
détachaient	détacher	VERB	O	O	O
en	en	ADP	O	O	O
chiffres	chiffre	NOUN	O	O	O
d	d	ADP	O	O	O
'	'	ADP	O	O	O
émail	émail	NOUN	O	O	O
,	,	PUNCT	O	O	O
avec	avec	ADP	O	O	O
son	son	DET	O	O	O
balancier	balancier	NOUN	O	O	O
de	de	ADP	O	O	O
cuivre	cuivre	NOUN	O	O	O
brillant	brillant	ADJ	O	O	O
comme	comme	ADP	O	O	O
l	l	DET	O	O	O
'	'	DET	O	O	O
or	or	NOUN	O	O	O
,	,	PUNCT	O	O	O
passant	passer	VERB	O	O	O
et	et	CCONJ	O	O	O
repassant	repasser	VERB	O	O	O
devant	devant	ADP	O	O	O
l	l	DET	O	O	O
'	'	DET	O	O	O
ouverture	ouverture	NOUN	O	O	O
garnie	garnir	VERB	O	O	O
d	d	ADP	O	O	O
'	'	ADP	O	O	O
un	un	DET	O	O	O
disque	disque	NOUN	O	O	O
de	de	ADP	O	O	O
verre	verre	NOUN	O	O	O
.	.	PUNCT	O	O	O

Tous	tout	ADJ	O	O	O
ceux	celui	PRON	O	O	O
qui	qui	PRON	O	O	O
l	l	PRON	O	O	O
'	'	PRON	O	O	O
apercevaient	apercevoir	VERB	O	O	O
à	à	ADP	O	O	O
travers	travers	NOUN	O	O	O
la	le	DET	O	O	O
vitrine	vitrine	NOUN	O	O	O
de	de	ADP	O	O	O
l	l	DET	O	O	O
'	'	DET	O	O	O
horloger	horloger	NOUN	O	O	O
Pierrot	pierrot	PROPN	O	O	O
tombaient	tomber	VERB	O	O	O
en	en	ADP	O	O	O
arrêt	arrêt	NOUN	O	O	O
,	,	PUNCT	O	O	O
et	et	CCONJ	O	O	O
il	il	PRON	O	O	O
se	se	PRON	O	O	O
formaît	formaît	VERB	O	O	O
des	un	DET	O	O	O
rassemblements	rassemblement	NOUN	O	O	O
à	à	ADP	O	O	O
sa	son	DET	O	O	O
porte	porte	NOUN	O	O	O
.	.	PUNCT	O	O	O

L	l	DET	O	O	O
'	'	DET	O	O	O
horloger	horloger	NOUN	O	O	O
Pierrot	pierrot	PROPN	O	O	O
était	être	AUX	O	O	O
un	un	DET	O	O	O
homme	homme	NOUN	O	O	O
encore	encore	ADV	O	O	O
jeune	jeune	ADJ	O	O	O
,	,	PUNCT	O	O	O
dans	dans	ADP	O	O	O
les	le	DET	O	O	O
trente	trente	NUM	O	O	O
ans	an	NOUN	O	O	O
,	,	PUNCT	O	O	O
pourtant	pourtant	ADV	O	O	O
triste	triste	ADJ	O	O	O
et	et	CCONJ	O	O	O
peu	peu	ADV	O	O	O
causeur	causeur	NOUN	O	O	O
.	.	PUNCT	O	O	O

C	c	PRON	O	O	O
'	'	PRON	O	O	O
est	être	VERB	O	O	O
qu	qu	SCONJ	O	O	O
'	'	PUNCT	O	O	O
aussi	aussi	ADV	O	O	O
il	il	PRON	O	O	O
y	y	PRON	O	O	O
avait	avoir	VERB	O	O	O
une	un	DET	O	O	O
grande	grand	ADJ	O	O	O
douleur	douleur	NOUN	O	O	O
dans	dans	ADP	O	O	O
sa	son	DET	O	O	O
vie	vie	NOUN	O	O	O
.	.	PUNCT	O	O	O

Sept	sept	NUM	O	O	O
ans	an	NOUN	O	O	O
auparavant	auparavant	ADV	O	O	O
,	,	PUNCT	O	O	O
alors	alors	ADV	O	O	O
qu	qu	SCONJ	O	O	O
'	'	SCONJ	O	O	O
il	il	PRON	O	O	O
était	être	VERB	O	O	O
au	au	ADP	O	O	O
service	service	NOUN	O	O	O
,	,	PUNCT	O	O	O
son	son	DET	O	O	O
père	père	NOUN	O	O	O
avait	avoir	AUX	O	O	O
été	être	AUX	O	O	O
assassiné	assassiner	VERB	O	O	O
en	en	ADP	O	O	O
cette	ce	DET	O	O	O
boutique	boutique	NOUN	O	O	O
même	même	ADV	O	O	O
qu	que	PRON	O	O	O
'	'	PRON	O	O	O
il	il	PRON	O	O	O
occupait	occuper	VERB	O	O	O
aujourd	aujourd	ADV	O	O	O
'	'	PUNCT	O	O	O
hui	hui	ADV	O	O	O
.	.	PUNCT	O	O	O

Il	il	PRON	O	O	O
avait	avoir	AUX	O	O	O
appris	apprendre	VERB	O	O	O
l	l	DET	O	O	O
'	'	DET	O	O	O
horrible	horrible	ADJ	O	O	O
catastrophe	catastrophe	NOUN	O	O	O
au	au	ADP	O	O	O
régiment	régiment	NOUN	O	O	O
et	et	CCONJ	O	O	O
était	être	AUX	O	O	O
accouru	accourir	VERB	O	O	O
.	.	PUNCT	O	O	O

Quel	quel	ADJ	O	O	O
était	être	AUX	O	O	O
l	l	DET	O	O	O
'	'	DET	O	O	O
assassin	assassin	NOUN	O	O	O
?	?	PUNCT	O	O	O

Qui	qui	PRON	O	O	O
qui	qui	PRON	O	O	O
venger	venger	VERB	O	O	O
le	le	DET	O	O	O
vieillard	vieillard	NOUN	O	O	O
qui	qui	PRON	O	O	O
n	ne	ADV	O	O	O
'	'	ADV	O	O	O
avait	avoir	AUX	O	O	O
jamais	jamais	ADV	O	O	O
fait	faire	VERB	O	O	O
de	de	DET	O	O	O
mal	mal	NOUN	O	O	O
à	à	ADP	O	O	O
personne	personne	PRON	O	O	O
et	et	CCONJ	O	O	O
qui	qui	PRON	O	O	O
lui	luire	PRON	O	O	O
avait	avoir	AUX	O	O	O
fait	faire	VERB	O	O	O
tant	tant	ADV	O	O	O
de	de	ADP	O	O	O
bien	bien	NOUN	O	O	O
à	à	ADP	O	O	O
lui	luire	PRON	O	O	O
!	!	PUNCT	O	O	O

La	le	DET	O	O	O
justice	justice	NOUN	O	O	O
n	ne	ADV	O	O	O
'	'	ADV	O	O	O
avait	avoir	AUX	O	O	O
rien	rien	PRON	O	O	O
trouvé	trouver	VERB	O	O	O
,	,	PUNCT	O	O	O
quoique	quoique	ADV	O	O	O
l	l	DET	O	O	O
'	'	DET	O	O	O
assassin	assassin	NOUN	O	O	O
eût	avoir	AUX	O	O	O
dérobé	dérober	VERB	O	O	O
une	un	DET	O	O	O
somme	somme	NOUN	O	O	O
de	de	ADP	O	O	O
dix	dix	DET	O	O	O
mille	mille	NUM	O	O	O
francs	franc	NOUN	O	O	O
amassée	amasser	VERB	O	O	O
sou	sou	NOUN	O	O	O
à	à	ADP	O	O	O
sou	sou	NOUN	O	O	O
par	par	ADP	O	O	O
le	le	DET	O	O	O
père	père	NOUN	O	O	O
pour	pour	ADP	O	O	O
son	son	DET	O	O	O
fils	fils	NOUN	O	O	O
.	.	PUNCT	O	O	O

Toutes	tout	ADJ	O	O	O
les	le	DET	O	O	O
recherches	recherche	NOUN	O	O	O
avaient	avoir	AUX	O	O	O
été	être	AUX	O	O	O
vaines	vain	ADJ	O	O	O
.	.	PUNCT	O	O	O

Pierret	pierret	PROPN	O	O	O
avait	avoir	AUX	O	O	O
achevé	achever	VERB	O	O	O
son	son	DET	O	O	O
temps	temps	NOUN	O	O	O
de	de	ADP	O	O	O
soldat	soldat	NOUN	O	O	O
;	;	PUNCT	O	O	O
puis	pouvoir	CCONJ	O	O	O
,	,	PUNCT	O	O	O
libéré	libérer	VERB	O	O	O
du	de	ADP	O	O	O
service	service	NOUN	O	O	O
,	,	PUNCT	O	O	O
il	il	PRON	O	O	O
était	être	AUX	O	O	O
revenu	revenir	VERB	O	O	O
s	s	PRON	O	O	O
'	'	PRON	O	O	O
établir	établir	VERB	O	O	O
dans	dans	ADP	O	O	O
la	le	DET	O	O	O
maison	maison	NOUN	O	O	O
de	de	ADP	O	O	O
l	l	DET	O	O	O
'	'	DET	O	O	O
assassiné	assassiné	NOUN	O	O	O
,	,	PUNCT	O	O	O
ayant	avoir	AUX	O	O	O
pris	prendre	VERB	O	O	O
sans	sans	ADP	O	O	O
doute	doute	NOUN	O	O	O
vaillamment	vaillamment	ADV	O	O	O
son	son	DET	O	O	O
parti	parti	NOUN	O	O	O
et	et	CCONJ	O	O	O
ayant	avoir	AUX	O	O	O
chassé	chasser	VERB	O	O	O
le	le	DET	O	O	O
souci	souci	NOUN	O	O	O
par	par	ADP	O	O	O
le	le	DET	O	O	O
travail	travail	NOUN	O	O	O
.	.	PUNCT	O	O	O

Seulement	seulement	ADV	O	O	O
,	,	PUNCT	O	O	O
il	il	PRON	O	O	O
était	être	AUX	O	O	O
clair	clair	ADJ	O	O	O
que	que	SCONJ	O	O	O
son	son	DET	O	O	O
chagrin	chagrin	NOUN	O	O	O
le	le	PRON	O	O	O
rongeait	ronger	VERB	O	O	O
.	.	PUNCT	O	O	O

On	on	PRON	O	O	O
le	le	PRON	O	O	O
voyait	voir	VERB	O	O	O
,	,	PUNCT	O	O	O
à	à	ADP	O	O	O
la	le	DET	O	O	O
nuit	nuit	NOUN	O	O	O
close	clore	VERB	O	O	O
,	,	PUNCT	O	O	O
rôder	rôder	VERB	O	O	O
par	par	ADP	O	O	O
le	le	DET	O	O	O
village	village	NOUN	O	O	O
comme	comme	ADP	O	O	O
s	s	SCONJ	O	O	O
'	'	SCONJ	O	O	O
il	il	PRON	O	O	O
cherchait	chercher	VERB	O	O	O
quelqu	quelqu	DET	O	O	O
'	'	DET	O	O	O
un	un	PRON	O	O	O
.	.	PUNCT	O	O	O

Ce	ce	DET	O	O	O
quelqu	quelqu	PRON	O	O	O
'	'	PRON	O	O	O
un	un	PRON	O	O	O
-	-	PRON	O	O	O
là	là	PRON	O	O	O
,	,	PUNCT	O	O	O
bien	bien	ADV	O	O	O
sûr	sûr	ADJ	O	O	O
,	,	PUNCT	O	O	O
c	c	PRON	O	O	O
'	'	PRON	O	O	O
était	être	AUX	O	O	O
le	le	DET	O	O	O
criminel	criminel	NOUN	O	O	O
.	.	PUNCT	O	O	O

Mais	mais	CCONJ	O	O	O
il	il	PRON	O	O	O
s	s	PRON	O	O	O
'	'	PRON	O	O	O
était	être	AUX	O	O	O
trop	trop	ADV	O	O	O
bien	bien	ADV	O	O	O
terré	terrer	VERB	O	O	O
pour	pour	ADP	O	O	O
qu	qu	SCONJ	O	O	O
'	'	SCONJ	O	O	O
on	on	PRON	O	O	O
le	le	PRON	O	O	O
découvrît	découvrir	VERB	O	O	O
.	.	PUNCT	O	O	O

Et	et	CCONJ	O	O	O
le	le	DET	O	O	O
temps	temps	NOUN	O	O	O
avait	avoir	AUX	O	O	O
passé	passer	VERB	O	O	O
,	,	PUNCT	O	O	O
semaines	semaine	NOUN	O	O	O
,	,	PUNCT	O	O	O
mois	mois	NOUN	O	O	O
et	et	CCONJ	O	O	O
années	année	NOUN	O	O	O
.	.	PUNCT	O	O	O

Nul	nul	PRON	O	O	O
n	ne	ADV	O	O	O
'	'	ADV	O	O	O
y	y	PRON	O	O	O
songeait	songer	VERB	O	O	O
plus	plus	ADV	O	O	O
,	,	PUNCT	O	O	O
sauf	sauf	ADP	O	O	O
l	l	DET	O	O	O
'	'	DET	O	O	O
orphelin	orphelin	NOUN	O	O	O
certainement	certainement	ADV	O	O	O
...	...	PUNCT	O	O	O
et	et	CCONJ	O	O	O
l	l	DET	O	O	O
'	'	DET	O	O	O
autre	autre	PRON	O	O	O
aussi	aussi	ADV	O	O	O
,	,	PUNCT	O	O	O
l	l	DET	O	O	O
'	'	DET	O	O	O
inconnu	inconnu	NOUN	O	O	O
,	,	PUNCT	O	O	O
qui	qui	PRON	O	O	O
devait	devoir	VERB	O	O	O
se	se	PRON	O	O	O
souvenir	souvenir	VERB	O	O	O
.	.	PUNCT	O	O	O

Tout	tout	ADV	O	O	O
récemment	récemment	ADV	O	O	O
,	,	PUNCT	O	O	O
Pierret	pierret	PROPN	O	O	O
,	,	PUNCT	O	O	O
grand	grand	ADJ	O	O	O
liseur	liseur	NOUN	O	O	O
de	de	ADP	O	O	O
journaux	journal	NOUN	O	O	O
,	,	PUNCT	O	O	O
était	être	AUX	O	O	O
allé	aller	VERB	O	O	O
à	à	ADP	O	O	O
Paris	paris	PROPN	O	O	O
et	et	CCONJ	O	O	O
y	y	PRON	O	O	O
avait	avoir	AUX	O	O	O
passé	passer	VERB	O	O	O
quelques	quelque	DET	O	O	O
jours	jour	NOUN	O	O	O
,	,	PUNCT	O	O	O
pour	pour	ADP	O	O	O
des	un	DET	O	O	O
achats	achat	NOUN	O	O	O
.	.	PUNCT	O	O	O

Or	or	CCONJ	O	O	O
,	,	PUNCT	O	O	O
il	il	PRON	O	O	O
avait	avoir	AUX	O	O	O
rapporté	rapporter	VERB	O	O	O
cette	ce	DET	O	O	O
comtoise	comtoise	NOUN	O	O	O
,	,	PUNCT	O	O	O
vrai	vrai	ADJ	O	O	O
chef	chef	NOUN	O	O	O
-	-	NOUN	O	O	O
d	d	ADP	O	O	O
'	'	ADP	O	O	O
oeuvre	oeuvre	NOUN	O	O	O
et	et	CCONJ	O	O	O
qui	qui	PRON	O	O	O
faisait	faire	VERB	O	O	O
envie	envie	NOUN	O	O	O
à	à	ADP	O	O	O
tout	tout	ADJ	O	O	O
le	le	DET	O	O	O
monde	monde	NOUN	O	O	O
.	.	PUNCT	O	O	O

On	on	PRON	O	O	O
aime	aimer	VERB	O	O	O
en	en	ADP	O	O	O
province	province	NOUN	O	O	O
les	le	DET	O	O	O
meubles	meuble	NOUN	O	O	O
lourds	lourd	ADJ	O	O	O
,	,	PUNCT	O	O	O
solides	solide	ADJ	O	O	O
,	,	PUNCT	O	O	O
cossus	cossu	ADJ	O	O	O
et	et	CCONJ	O	O	O
,	,	PUNCT	O	O	O
de	de	ADP	O	O	O
fait	fait	NOUN	O	O	O
,	,	PUNCT	O	O	O
la	le	DET	O	O	O
caisse	caisse	NOUN	O	O	O
du	de	ADP	O	O	O
cadran	cadran	NOUN	O	O	O
était	être	AUX	O	O	O
d	d	ADP	O	O	O
'	'	ADP	O	O	O
une	un	DET	O	O	O
ampleur	ampleur	NOUN	O	O	O
peu	peu	ADV	O	O	O
commune	commun	ADJ	O	O	O
.	.	PUNCT	O	O	O

Mais	mais	CCONJ	O	O	O
combien	combien	ADV	O	O	O
cette	ce	DET	O	O	O
merveille	merveille	NOUN	O	O	O
pouvait	pouvoir	VERB	O	O	O
-	-	PRON	O	O	O
elle	lui	PRON	O	O	O
coûter	coûter	VERB	O	O	O
?	?	PUNCT	O	O	O

—	—	PUNCT	O	O	O
Entrez	entrer	VERB	O	O	O
donc	donc	ADV	O	O	O
,	,	PUNCT	O	O	O
messieurs	monsieur	NOUN	O	O	O
,	,	PUNCT	O	O	O
dit	dire	VERB	O	O	O
simplement	simplement	ADV	O	O	O
Pierret	pierret	PROPN	O	O	O
aux	à	ADP	O	O	O
gens	gens	NOUN	O	O	O
qui	qui	PRON	O	O	O
se	se	PRON	O	O	O
pressaient	presser	VERB	O	O	O
devant	devant	ADP	O	O	O
sa	son	DET	O	O	O
boutique	boutique	NOUN	O	O	O
.	.	PUNCT	O	O	O

Alors	alors	ADV	O	O	O
,	,	PUNCT	O	O	O
ce	ce	PRON	O	O	O
furent	être	AUX	O	O	O
des	un	DET	O	O	O
exclamations	exclamation	NOUN	O	O	O
,	,	PUNCT	O	O	O
des	un	DET	O	O	O
éloges	éloge	NOUN	O	O	O
à	à	ADP	O	O	O
n	ne	ADV	O	O	O
'	'	ADV	O	O	O
en	en	PRON	O	O	O
plus	plus	ADV	O	O	O
finir	finir	VERB	O	O	O
.	.	PUNCT	O	O	O

—	—	PUNCT	O	O	O
Et	et	CCONJ	O	O	O
ça	cela	PRON	O	O	O
vaut	valoir	VERB	O	O	O
?	?	PUNCT	O	O	O

—	—	PUNCT	O	O	O
Dame	dame	NOUN	O	O	O
,	,	PUNCT	O	O	O
un	un	DET	O	O	O
peu	peu	ADV	O	O	O
cher	cher	ADJ	O	O	O
!	!	PUNCT	O	O	O

—	—	PUNCT	O	O	O
Mais	mais	CCONJ	O	O	O
encore	encore	ADV	O	O	O
?	?	PUNCT	O	O	O

—	—	PUNCT	O	O	O
Cent	cent	NUM	O	O	O
écus	écu	NOUN	O	O	O
.	.	PUNCT	O	O	O

Alors	alors	ADV	O	O	O
il	il	PRON	O	O	O
y	y	PRON	O	O	O
eut	avoir	VERB	O	O	O
un	un	DET	O	O	O
cri	cri	NOUN	O	O	O
de	de	ADP	O	O	O
désappointement	désappointement	NOUN	O	O	O
.	.	PUNCT	O	O	O

Certes	certes	ADV	O	O	O
,	,	PUNCT	O	O	O
la	le	DET	O	O	O
comtoise	comtoise	NOUN	O	O	O
valait	valoir	VERB	O	O	O
cela	celer	PRON	O	O	O
,	,	PUNCT	O	O	O
étant	être	AUX	O	O	O
très	très	ADV	O	O	O
belle	bel	ADJ	O	O	O
...	...	PUNCT	O	O	O
et	et	CCONJ	O	O	O
unique	unique	ADJ	O	O	O
,	,	PUNCT	O	O	O
affirmait	affirmer	VERB	O	O	O
Pierret	pierret	PROPN	O	O	O
.	.	PUNCT	O	O	O

Mais	mais	CCONJ	O	O	O
cent	cent	NUM	O	O	O
écus	écu	NOUN	O	O	O
!	!	PUNCT	O	O	O

...	...	PUNCT	O	O	O
pour	pour	ADP	O	O	O
une	un	DET	O	O	O
horloge	horloge	NOUN	O	O	O
!	!	PUNCT	O	O	O

Estce	estce	PRON	O	O	O
qu	qu	SCONJ	O	O	O
'	'	SCONJ	O	O	O
elle	lui	PRON	O	O	O
sonnait	sonner	VERB	O	O	O
?	?	PUNCT	O	O	O

—	—	PUNCT	O	O	O
Certainement	certainement	ADV	O	O	O
,	,	PUNCT	O	O	O
écoutez	écouter	VERB	O	O	O
!	!	PUNCT	O	O	O

L	l	DET	O	O	O
'	'	DET	O	O	O
horloger	horloger	NOUN	O	O	O
avait	avoir	AUX	O	O	O
fait	faire	AUX	O	O	O
vibrer	vibrer	VERB	O	O	O
le	le	DET	O	O	O
timbre	timbre	NOUN	O	O	O
,	,	PUNCT	O	O	O
clair	clair	ADJ	O	O	O
,	,	PUNCT	O	O	O
sonore	sonore	ADJ	O	O	O
,	,	PUNCT	O	O	O
argentin	argentin	ADJ	O	O	O
.	.	PUNCT	O	O	O

—	—	PUNCT	O	O	O
Mais	mais	CCONJ	O	O	O
personne	personne	PRON	O	O	O
ne	ne	ADV	O	O	O
m	m	PRON	O	O	O
'	'	PRON	O	O	O
achètera	acheter	VERB	O	O	O
cela	celer	PRON	O	O	O
ici	ici	ADV	O	O	O
,	,	PUNCT	O	O	O
dit	dire	VERB	O	O	O
Pierret	pierret	PROPN	O	O	O
.	.	PUNCT	O	O	O

J	j	PRON	O	O	O
'	'	PRON	O	O	O
ai	avoir	VERB	O	O	O
bien	bien	ADV	O	O	O
peur	peur	NOUN	O	O	O
d	d	ADP	O	O	O
'	'	ADP	O	O	O
avoir	avoir	AUX	O	O	O
fait	faire	VERB	O	O	O
une	un	DET	O	O	O
sottise	sottise	NOUN	O	O	O
.	.	PUNCT	O	O	O

—	—	PUNCT	O	O	O
Personne	personne	PRON	O	O	O
,	,	PUNCT	O	O	O
c	c	PRON	O	O	O
'	'	PRON	O	O	O
est	être	AUX	O	O	O
selon	selon	ADP	O	O	O
,	,	PUNCT	O	O	O
Pierret	pierret	PROPN	O	O	O
.	.	PUNCT	O	O	O

Nous	nous	PRON	O	O	O
ne	ne	ADV	O	O	O
sommes	être	AUX	O	O	O
pas	pas	ADV	O	O	O
assez	assez	ADV	O	O	O
riches	riche	ADJ	O	O	O
,	,	PUNCT	O	O	O
mais	mais	CCONJ	O	O	O
il	il	PRON	O	O	O
y	y	PRON	O	O	O
a	avoir	VERB	O	O	O
ici	ici	ADV	O	O	O
quelqu	quelqu	DET	O	O	O
'	'	DET	O	O	O
un	un	PRON	O	O	O
...	...	PUNCT	O	O	O
—	—	PUNCT	O	O	O
Vraiment	vraiment	ADV	O	O	O
,	,	PUNCT	O	O	O
qui	qui	PRON	O	O	O
?	?	PUNCT	O	O	O

—	—	PUNCT	O	O	O
Eh	eh	INTJ	O	O	O
!	!	PUNCT	O	O	O

Locard	locard	PROPN	O	O	O
donc	donc	ADV	O	O	O
!	!	PUNCT	O	O	O

le	le	DET	O	O	O
beau	beau	ADJ	O	O	O
Locard	locard	PROPN	O	O	O
,	,	PUNCT	O	O	O
qui	qui	PRON	O	O	O
va	aller	VERB	O	O	O
se	se	PRON	O	O	O
marier	marier	VERB	O	O	O
et	et	CCONJ	O	O	O
ne	ne	ADV	O	O	O
regarde	regarder	VERB	O	O	O
pas	pas	ADV	O	O	O
à	à	ADP	O	O	O
l	l	DET	O	O	O
'	'	DET	O	O	O
argent	argent	NOUN	O	O	O
.	.	PUNCT	O	O	O

—	—	PUNCT	O	O	O
Si	si	SCONJ	O	O	O
vous	vous	PRON	O	O	O
vouliez	vouloir	VERB	O	O	O
lui	luire	PRON	O	O	O
en	en	PRON	O	O	O
toucher	toucher	VERB	O	O	O
un	un	DET	O	O	O
mot	mot	NOUN	O	O	O
.	.	PUNCT	O	O	O

—	—	PUNCT	O	O	O
Vo	vo	SYM	O	O	O
'	'	SYM	O	O	O
lontiers	lontier	NOUN	O	O	O
...	...	PUNCT	O	O	O
qui	qui	PRON	O	O	O
sait	savoir	VERB	O	O	O
?	?	PUNCT	O	O	O

En	en	ADP	O	O	O
le	le	PRON	O	O	O
prenant	prendre	VERB	O	O	O
par	par	ADP	O	O	O
l	l	DET	O	O	O
'	'	DET	O	O	O
orgueil	orgueil	NOUN	O	O	O
!	!	PUNCT	O	O	O

—	—	PUNCT	O	O	O
Vous	vous	PRON	O	O	O
me	me	PRON	O	O	O
rendriez	rendre	VERB	O	O	O
un	un	DET	O	O	O
fier	fier	ADJ	O	O	O
service	service	NOUN	O	O	O
...	...	PUNCT	O	O	O
Jacques	jacques	PROPN	O	O	O
Locard	locard	PROPN	O	O	O
n	ne	ADV	O	O	O
'	'	ADV	O	O	O
était	être	AUX	O	O	O
pas	pas	ADV	O	O	O
très	très	ADV	O	O	O
aimé	aimé	ADJ	O	O	O
,	,	PUNCT	O	O	O
pour	pour	ADP	O	O	O
plusieurs	plusieurs	DET	O	O	O
raisons	raison	NOUN	O	O	O
.	.	PUNCT	O	O	O

D	d	ADP	O	O	O
'	'	ADP	O	O	O
abord	abord	NOUN	O	O	O
,	,	PUNCT	O	O	O
il	il	PRON	O	O	O
avait	avoir	AUX	O	O	O
fait	faire	VERB	O	O	O
trop	trop	ADV	O	O	O
soudainement	soudainement	ADV	O	O	O
fortune	fortune	NOUN	O	O	O
.	.	PUNCT	O	O	O

Il	il	PRON	O	O	O
lui	luire	PRON	O	O	O
était	être	AUX	O	O	O
tombé	tomber	VERB	O	O	O
du	de	ADP	O	O	O
ciel	ciel	NOUN	O	O	O
,	,	PUNCT	O	O	O
par	par	ADP	O	O	O
l	l	DET	O	O	O
'	'	DET	O	O	O
entremise	entremise	NOUN	O	O	O
d	d	ADP	O	O	O
'	'	ADP	O	O	O
un	un	DET	O	O	O
notaire	notaire	NOUN	O	O	O
—	—	PUNCT	O	O	O
oh	oh	INTJ	O	O	O
!	!	PUNCT	O	O	O

pas	pas	ADV	O	O	O
d	d	ADP	O	O	O
'	'	ADP	O	O	O
ici	ici	ADV	O	O	O
,	,	PUNCT	O	O	O
de	de	ADP	O	O	O
là	là	ADV	O	O	O
-	-	NOUN	O	O	O
bas	bas	NOUN	O	O	O
,	,	PUNCT	O	O	O
au	au	ADP	O	O	O
delà	delà	ADV	O	O	O
des	de	ADP	O	O	O
montagnes	montagne	NOUN	O	O	O
—	—	PUNCT	O	O	O
un	un	DET	O	O	O
héritage	héritage	NOUN	O	O	O
qui	qui	PRON	O	O	O
,	,	PUNCT	O	O	O
tout	tout	ADV	O	O	O
de	de	ADP	O	O	O
suite	suite	NOUN	O	O	O
,	,	PUNCT	O	O	O
l	l	PRON	O	O	O
'	'	PRON	O	O	O
avait	avoir	AUX	O	O	O
mis	mettre	VERB	O	O	O
à	à	ADP	O	O	O
son	son	DET	O	O	O
aise	aise	NOUN	O	O	O
,	,	PUNCT	O	O	O
et	et	CCONJ	O	O	O
il	il	PRON	O	O	O
l	l	PRON	O	O	O
'	'	PRON	O	O	O
avait	avoir	AUX	O	O	O
arrondi	arrondir	VERB	O	O	O
dans	dans	ADP	O	O	O
des	un	DET	O	O	O
affaires	affaire	NOUN	O	O	O
où	où	PRON	O	O	O
il	il	PRON	O	O	O
y	y	PRON	O	O	O
a	avoir	VERB	O	O	O
toujours	toujours	ADV	O	O	O
un	un	DET	O	O	O
volé	voler	VERB	O	O	O
—	—	PUNCT	O	O	O
pas	pas	ADV	O	O	O
souvent	souvent	ADV	O	O	O
le	le	DET	O	O	O
prêteur	prêteur	NOUN	O	O	O
.	.	PUNCT	O	O	O

Il	il	PRON	O	O	O
avait	avoir	AUX	O	O	O
eu	avoir	VERB	O	O	O
de	de	ADP	O	O	O
la	le	DET	O	O	O
chance	chance	NOUN	O	O	O
,	,	PUNCT	O	O	O
et	et	CCONJ	O	O	O
en	en	PRON	O	O	O
montrait	montrer	VERB	O	O	O
trop	trop	ADV	O	O	O
de	de	ADP	O	O	O
vanité	vanité	NOUN	O	O	O
.	.	PUNCT	O	O	O

Il	il	PRON	O	O	O
écrasait	écraser	VERB	O	O	O
le	le	DET	O	O	O
petit	petit	ADJ	O	O	O
monde	monde	NOUN	O	O	O
,	,	PUNCT	O	O	O
faisait	faire	VERB	O	O	O
parade	parade	NOUN	O	O	O
de	de	ADP	O	O	O
son	son	DET	O	O	O
argent	argent	NOUN	O	O	O
,	,	PUNCT	O	O	O
sans	sans	ADP	O	O	O
compter	compter	VERB	O	O	O
que	que	SCONJ	O	O	O
,	,	PUNCT	O	O	O
très	très	ADV	O	O	O
dépensier	dépensier	ADJ	O	O	O
quand	quand	SCONJ	O	O	O
il	il	PRON	O	O	O
s	s	PRON	O	O	O
'	'	PRON	O	O	O
agissait	agir	VERB	O	O	O
de	de	ADP	O	O	O
lui	luire	PRON	O	O	O
,	,	PUNCT	O	O	O
i	i	PRON	O	O	O
-	-	PUNCT	O	O	O
était	être	AUX	O	O	O
très	très	ADV	O	O	O
serré	serrer	ADJ	O	O	O
quand	quand	SCONJ	O	O	O
il	il	PRON	O	O	O
s	s	PRON	O	O	O
'	'	PRON	O	O	O
agissait	agir	VERB	O	O	O
d	d	ADP	O	O	O
'	'	ADP	O	O	O
autrui	autrui	PRON	O	O	O
.	.	PUNCT	O	O	O

N	ne	ADV	O	O	O
'	'	PRON	O	O	O
importe	importer	VERB	O	O	O
.	.	PUNCT	O	O	O

Il	il	PRON	O	O	O
parlait	parler	VERB	O	O	O
haut	haut	ADV	O	O	O
,	,	PUNCT	O	O	O
portait	porter	VERB	O	O	O
beau	beau	ADJ	O	O	O
par	par	ADP	O	O	O
les	le	DET	O	O	O
rues	rue	NOUN	O	O	O
,	,	PUNCT	O	O	O
buvait	boire	VERB	O	O	O
sec	sec	ADJ	O	O	O
et	et	CCONJ	O	O	O
avait	avoir	VERB	O	O	O
sa	son	DET	O	O	O
cour	cour	NOUN	O	O	O
.	.	PUNCT	O	O	O

Quand	quand	SCONJ	O	O	O
on	on	PRON	O	O	O
voulait	vouloir	VERB	O	O	O
dénouer	dénouer	VERB	O	O	O
les	le	DET	O	O	O
cordons	cordon	NOUN	O	O	O
de	de	ADP	O	O	O
sa	son	DET	O	O	O
bourse	bourse	NOUN	O	O	O
—	—	PUNCT	O	O	O
pour	pour	ADP	O	O	O
un	un	DET	O	O	O
bol	bol	NOUN	O	O	O
de	de	ADP	O	O	O
punch	punch	NOUN	O	O	O
ou	ou	CCONJ	O	O	O
une	un	DET	O	O	O
fiole	fiole	NOUN	O	O	O
de	de	ADP	O	O	O
champagne	champagne	NOUN	O	O	O
—	—	PUNCT	O	O	O
on	on	PRON	O	O	O
savait	savoir	VERB	O	O	O
par	par	ADP	O	O	O
où	où	ADV	O	O	O
le	le	PRON	O	O	O
prendre	prendre	VERB	O	O	O
.	.	PUNCT	O	O	O

Un	un	DET	O	O	O
homme	homme	NOUN	O	O	O
comme	comme	ADP	O	O	O
lui	luire	PRON	O	O	O
!	!	PUNCT	O	O	O

Le	le	DET	O	O	O
roi	roi	NOUN	O	O	O
du	de	ADP	O	O	O
pays	pays	NOUN	O	O	O
!	!	PUNCT	O	O	O

Il	il	PRON	O	O	O
dodelinai	dodeliner	VERB	O	O	O
:	:	PUNCT	O	O	O
de	de	ADP	O	O	O
la	le	DET	O	O	O
tête	tête	NOUN	O	O	O
et	et	CCONJ	O	O	O
se	se	PRON	O	O	O
laissait	laisser	VERB	O	O	O
empaumer	empaumer	VERB	O	O	O
.	.	PUNCT	O	O	O

Pourquoi	pourquoi	ADV	O	O	O
,	,	PUNCT	O	O	O
une	un	DET	O	O	O
fois	fois	NOUN	O	O	O
par	par	ADP	O	O	O
hasard	hasard	NOUN	O	O	O
,	,	PUNCT	O	O	O
ne	ne	ADV	O	O	O
pas	pas	ADV	O	O	O
jouer	jouer	VERB	O	O	O
de	de	ADP	O	O	O
sa	son	DET	O	O	O
vanité	vanité	NOUN	O	O	O
pour	pour	ADP	O	O	O
lui	luire	PRON	O	O	O
soutirer	soutirer	VERB	O	O	O
une	un	DET	O	O	O
bonne	bon	ADJ	O	O	O
action	action	NOUN	O	O	O
?	?	PUNCT	O	O	O

Pierrez	pierrez	PROPN	O	O	O
était	être	AUX	O	O	O
intéressant	intéressant	ADJ	O	O	O
.	.	PUNCT	O	O	O

Locard	locard	PROPN	O	O	O
ne	ne	ADV	O	O	O
lui	luire	PRON	O	O	O
aurait	avoir	AUX	O	O	O
jamais	jamais	ADV	O	O	O
donné	donner	VERB	O	O	O
sa	son	DET	O	O	O
montre	montre	NOUN	O	O	O
à	à	ADP	O	O	O
repasser	repasser	VERB	O	O	O
.	.	PUNCT	O	O	O

Il	il	PRON	O	O	O
ne	ne	ADV	O	O	O
daignait	daigner	VERB	O	O	O
même	même	ADV	O	O	O
pas	pas	ADV	O	O	O
regarder	regarder	VERB	O	O	O
sa	son	DET	O	O	O
boutique	boutique	NOUN	O	O	O
.	.	PUNCT	O	O	O

Il	il	PRON	O	O	O
le	le	PRON	O	O	O
méprisait	mépriser	VERB	O	O	O
,	,	PUNCT	O	O	O
quoi	quoi	PRON	O	O	O
!	!	PUNCT	O	O	O

parce	parce	SCONJ	O	O	O
que	que	SCONJ	O	O	O
la	le	DET	O	O	O
fortune	fortune	NOUN	O	O	O
avait	avoir	AUX	O	O	O
tourné	tourner	VERB	O	O	O
et	et	CCONJ	O	O	O
que	que	SCONJ	O	O	O
,	,	PUNCT	O	O	O
pauvre	pauvre	ADJ	O	O	O
autrefois	autrefois	ADV	O	O	O
,	,	PUNCT	O	O	O
il	il	PRON	O	O	O
était	être	AUX	O	O	O
riche	riche	ADJ	O	O	O
,	,	PUNCT	O	O	O
tandis	tandis	ADV	O	O	O
que	que	SCONJ	O	O	O
Pierret	pierret	PROPN	O	O	O
,	,	PUNCT	O	O	O
dépouillé	dépouiller	VERB	O	O	O
de	de	ADP	O	O	O
tout	tout	PRON	O	O	O
par	par	ADP	O	O	O
un	un	DET	O	O	O
crime	crime	NOUN	O	O	O
,	,	PUNCT	O	O	O
en	en	PRON	O	O	O
était	être	AUX	O	O	O
réduit	réduire	VERB	O	O	O
à	à	ADP	O	O	O
ne	ne	ADV	O	O	O
vivre	vivre	VERB	O	O	O
que	que	ADV	O	O	O
de	de	ADP	O	O	O
son	son	DET	O	O	O
travail	travail	NOUN	O	O	O
.	.	PUNCT	O	O	O

Attends	attendre	VERB	O	O	O
un	un	DET	O	O	O
peu	peu	ADV	O	O	O
!	!	PUNCT	O	O	O

La	le	DET	O	O	O
chose	chose	NOUN	O	O	O
se	se	PRON	O	O	O
manigança	manigancer	VERB	O	O	O
au	au	ADP	O	O	O
café	café	NOUN	O	O	O
de	de	ADP	O	O	O
la	le	DET	O	O	O
Grand	grand	ADJ	O	O	O
'	'	PUNCT	O	O	O
Place	place	NOUN	O	O	O
,	,	PUNCT	O	O	O
à	à	ADP	O	O	O
l	l	DET	O	O	O
'	'	DET	O	O	O
absinthe	absinthe	NOUN	O	O	O
.	.	PUNCT	O	O	O

Ce	ce	PRON	O	O	O
ne	ne	ADV	O	O	O
fut	être	AUX	O	O	O
pas	pas	ADV	O	O	O
si	si	ADV	O	O	O
facile	facile	ADJ	O	O	O
qu	qu	SCONJ	O	O	O
'	'	SCONJ	O	O	O
on	on	PRON	O	O	O
l	l	PRON	O	O	O
'	'	PRON	O	O	O
avait	avoir	AUX	O	O	O
cru	croire	VERB	O	O	O
d	d	ADP	O	O	O
'	'	ADP	O	O	O
abord	abord	NOUN	O	O	O
.	.	PUNCT	O	O	O

Quand	quand	SCONJ	O	O	O
on	on	PRON	O	O	O
prononça	prononcer	VERB	O	O	O
devant	devant	ADP	O	O	O
Locard	locard	PROPN	O	O	O
le	le	DET	O	O	O
nom	nom	NOUN	O	O	O
de	de	ADP	O	O	O
Pierret	pierret	PROPN	O	O	O
,	,	PUNCT	O	O	O
il	il	PRON	O	O	O
eut	avoir	VERB	O	O	O
un	un	DET	O	O	O
mauvais	mauvais	ADJ	O	O	O
geste	geste	NOUN	O	O	O
.	.	PUNCT	O	O	O

Il	il	PRON	O	O	O
ne	ne	ADV	O	O	O
l	l	PRON	O	O	O
'	'	PRON	O	O	O
aimait	aimer	VERB	O	O	O
pas	pas	ADV	O	O	O
,	,	PUNCT	O	O	O
c	c	PRON	O	O	O
'	'	PRON	O	O	O
était	être	AUX	O	O	O
clair	clair	ADJ	O	O	O
.	.	PUNCT	O	O	O

Parbleu	parbleu	NOUN	O	O	O
!	!	PUNCT	O	O	O

on	on	PRON	O	O	O
est	être	VERB	O	O	O
bien	bien	ADV	O	O	O
libre	libre	ADJ	O	O	O
d	d	ADP	O	O	O
'	'	ADP	O	O	O
aimer	aimer	VERB	O	O	O
ou	ou	CCONJ	O	O	O
de	de	ADP	O	O	O
détester	détester	VERB	O	O	O
qui	qui	PRON	O	O	O
on	on	PRON	O	O	O
veut	vouloir	VERB	O	O	O
.	.	PUNCT	O	O	O

—	—	PUNCT	O	O	O
Pierret	pierret	PROPN	O	O	O
,	,	PUNCT	O	O	O
un	un	DET	O	O	O
fainéant	fainéant	NOUN	O	O	O
!	!	PUNCT	O	O	O

—	—	PUNCT	O	O	O
Pour	pour	ADP	O	O	O
ça	cela	PRON	O	O	O
,	,	PUNCT	O	O	O
non	non	ADV	O	O	O
,	,	PUNCT	O	O	O
ça	cela	PRON	O	O	O
n	ne	ADV	O	O	O
'	'	ADV	O	O	O
était	être	AUX	O	O	O
pas	pas	ADV	O	O	O
juste	juste	ADJ	O	O	O
.	.	PUNCT	O	O	O

Mais	mais	CCONJ	O	O	O
,	,	PUNCT	O	O	O
en	en	ADP	O	O	O
somme	somme	NOUN	O	O	O
,	,	PUNCT	O	O	O
qu	que	PRON	O	O	O
'	'	PRON	O	O	O
est	être	AUX	O	O	O
-	-	PRON	O	O	O
ce	ce	PRON	O	O	O
que	que	PRON	O	O	O
ça	cela	PRON	O	O	O
faisait	faire	VERB	O	O	O
,	,	PUNCT	O	O	O
quand	quand	SCONJ	O	O	O
il	il	PRON	O	O	O
s	s	PRON	O	O	O
'	'	PRON	O	O	O
agissait	agir	VERB	O	O	O
de	de	ADP	O	O	O
la	le	DET	O	O	O
merveille	merveille	NOUN	O	O	O
des	de	ADP	O	O	O
merveilles	merveille	NOUN	O	O	O
,	,	PUNCT	O	O	O
comme	comme	SCONJ	O	O	O
il	il	PRON	O	O	O
n	ne	ADV	O	O	O
'	'	ADV	O	O	O
y	y	PRON	O	O	O
en	en	PRON	O	O	O
avait	avoir	VERB	O	O	O
peut	pouvoir	ADV	O	O	O
-	-	ADV	O	O	O
être	être	ADV	O	O	O
pas	pas	ADV	O	O	O
à	à	ADP	O	O	O
la	le	DET	O	O	O
ville	ville	NOUN	O	O	O
...	...	PUNCT	O	O	O
en	en	ADP	O	O	O
tout	tout	DET	O	O	O
cas	cas	NOUN	O	O	O
,	,	PUNCT	O	O	O
ni	ni	CCONJ	O	O	O
chez	chez	ADP	O	O	O
le	le	DET	O	O	O
maire	maire	NOUN	O	O	O
,	,	PUNCT	O	O	O
ni	ni	CCONJ	O	O	O
chez	chez	ADP	O	O	O
le	le	DET	O	O	O
receveur	receveur	NOUN	O	O	O
,	,	PUNCT	O	O	O
pas	pas	ADV	O	O	O
même	même	ADV	O	O	O
au	au	ADP	O	O	O
château	château	NOUN	O	O	O
?	?	PUNCT	O	O	O

On	on	PRON	O	O	O
pouvait	pouvoir	VERB	O	O	O
voir	voir	VERB	O	O	O
d	d	ADP	O	O	O
'	'	ADP	O	O	O
ailleurs	ailleurs	ADV	O	O	O
,	,	PUNCT	O	O	O
la	le	DET	O	O	O
vue	vue	NOUN	O	O	O
ne	ne	ADV	O	O	O
coûtait	coûter	VERB	O	O	O
rien	rien	PRON	O	O	O
.	.	PUNCT	O	O	O

—	—	PUNCT	O	O	O
Ah	ah	INTJ	O	O	O
!	!	PUNCT	O	O	O

vraiment	vraiment	ADV	O	O	O
,	,	PUNCT	O	O	O
pas	pas	ADV	O	O	O
même	même	ADV	O	O	O
au	au	ADP	O	O	O
château	château	NOUN	O	O	O
!	!	PUNCT	O	O	O

—	—	PUNCT	O	O	O
Et	et	CCONJ	O	O	O
quel	quel	DET	O	O	O
effet	effet	NOUN	O	O	O
dans	dans	ADP	O	O	O
la	le	DET	O	O	O
salle	salle	NOUN	O	O	O
à	à	ADP	O	O	O
manger	manger	NOUN	O	O	O
de	de	ADP	O	O	O
la	le	DET	O	O	O
maison	maison	NOUN	O	O	O
Locard	locard	PROPN	O	O	O
,	,	PUNCT	O	O	O
en	en	ADP	O	O	O
face	face	NOUN	O	O	O
du	de	ADP	O	O	O
grand	grand	ADJ	O	O	O
buffet	buffet	NOUN	O	O	O
ciré	cirer	VERB	O	O	O
!	!	PUNCT	O	O	O

...	...	PUNCT	O	O	O
Car	car	CCONJ	O	O	O
enfin	enfin	ADV	O	O	O
il	il	PRON	O	O	O
faut	falloir	VERB	O	O	O
une	un	DET	O	O	O
horloge	horloge	NOUN	O	O	O
.	.	PUNCT	O	O	O

Autant	autant	ADV	O	O	O
acheter	acheter	VERB	O	O	O
du	de	DET	O	O	O
bon	bon	ADJ	O	O	O
et	et	CCONJ	O	O	O
du	de	ADP	O	O	O
beau	beau	ADJ	O	O	O
que	que	SCONJ	O	O	O
de	de	ADP	O	O	O
la	le	DET	O	O	O
camelote	camelote	NOUN	O	O	O
!	!	PUNCT	O	O	O

C	c	PRON	O	O	O
'	'	PRON	O	O	O
est	être	AUX	O	O	O
vrai	vrai	ADJ	O	O	O
que	que	SCONJ	O	O	O
cent	cent	NUM	O	O	O
écus	écu	NOUN	O	O	O
...	...	PUNCT	O	O	O
mais	mais	CCONJ	O	O	O
pour	pour	ADP	O	O	O
lui	luire	PRON	O	O	O
!	!	PUNCT	O	O	O

...	...	PUNCT	O	O	O
il	il	PRON	O	O	O
n	ne	ADV	O	O	O
'	'	ADV	O	O	O
en	en	PRON	O	O	O
était	être	VERB	O	O	O
pas	pas	ADV	O	O	O
à	à	ADP	O	O	O
cent	cent	NUM	O	O	O
écus	écu	NOUN	O	O	O
près	près	ADV	O	O	O
...	...	PUNCT	O	O	O
Locard	locard	PROPN	O	O	O
,	,	PUNCT	O	O	O
en	en	ADP	O	O	O
causant	causer	VERB	O	O	O
,	,	PUNCT	O	O	O
buvait	boire	VERB	O	O	O
beaucoup	beaucoup	ADV	O	O	O
.	.	PUNCT	O	O	O

Il	il	PRON	O	O	O
commençait	commencer	VERB	O	O	O
à	à	ADP	O	O	O
s	s	PRON	O	O	O
'	'	PRON	O	O	O
échauder	échauder	VERB	O	O	O
,	,	PUNCT	O	O	O
disant	dire	VERB	O	O	O
oui	oui	NOUN	O	O	O
,	,	PUNCT	O	O	O
disant	dire	VERB	O	O	O
non	non	NOUN	O	O	O
,	,	PUNCT	O	O	O
jurant	jurer	VERB	O	O	O
,	,	PUNCT	O	O	O
sacrant	sacrer	VERB	O	O	O
,	,	PUNCT	O	O	O
consentant	consentir	VERB	O	O	O
à	à	ADP	O	O	O
aller	aller	VERB	O	O	O
faire	faire	VERB	O	O	O
un	un	DET	O	O	O
tour	tour	NOUN	O	O	O
jusque	jusque	ADP	O	O	O
-	-	ADV	O	O	O
là	là	ADV	O	O	O
,	,	PUNCT	O	O	O
puis	pouvoir	CCONJ	O	O	O
se	se	PRON	O	O	O
dé	der	VERB	O	O	O
-	-	VERB	O	O	O
disant	dire	VERB	O	O	O
.	.	PUNCT	O	O	O

—	—	PUNCT	O	O	O
Vrai	vrai	ADJ	O	O	O
!	!	PUNCT	O	O	O

on	on	PRON	O	O	O
dirait	dire	VERB	O	O	O
que	que	SCONJ	O	O	O
vous	vous	PRON	O	O	O
avez	avoir	VERB	O	O	O
peur	peur	NOUN	O	O	O
d	d	ADP	O	O	O
'	'	ADP	O	O	O
aller	aller	VERB	O	O	O
chez	chez	ADP	O	O	O
Pierret	pierret	PROPN	O	O	O
...	...	PUNCT	O	O	O
—	—	PUNCT	O	O	O
Peur	peur	NOUN	O	O	O
!	!	PUNCT	O	O	O

je	je	PRON	O	O	O
me	me	PRON	O	O	O
...	...	PUNCT	O	O	O
moque	moque	VERB	O	O	O
bien	bien	ADV	O	O	O
de	de	ADP	O	O	O
Pierret	pierret	PROPN	O	O	O
.	.	PUNCT	O	O	O

Allons	aller	VERB	O	O	O
!	!	PUNCT	O	O	O

Le	le	DET	O	O	O
petit	petit	ADJ	O	O	O
horloger	horloger	NOUN	O	O	O
était	être	AUX	O	O	O
à	à	ADP	O	O	O
son	son	DET	O	O	O
établi	établi	NOUN	O	O	O
,	,	PUNCT	O	O	O
la	le	DET	O	O	O
loupe	loupe	NOUN	O	O	O
à	à	ADP	O	O	O
l	l	DET	O	O	O
'	'	DET	O	O	O
oeil	oeil	NOUN	O	O	O
,	,	PUNCT	O	O	O
courbé	courber	VERB	O	O	O
sur	sur	ADP	O	O	O
une	un	DET	O	O	O
montre	montre	NOUN	O	O	O
qu	que	PRON	O	O	O
'	'	PRON	O	O	O
il	il	PRON	O	O	O
touchait	toucher	VERB	O	O	O
de	de	ADP	O	O	O
sa	son	DET	O	O	O
pointe	pointe	NOUN	O	O	O
d	d	ADP	O	O	O
'	'	ADP	O	O	O
acier	acier	NOUN	O	O	O
.	.	PUNCT	O	O	O

Il	il	PRON	O	O	O
ne	ne	ADV	O	O	O
regardait	regarder	VERB	O	O	O
pas	pas	ADV	O	O	O
au	au	ADP	O	O	O
dehors	dehors	NOUN	O	O	O
,	,	PUNCT	O	O	O
certes	certes	ADV	O	O	O
non	non	ADV	O	O	O
.	.	PUNCT	O	O	O

Pourtant	pourtant	ADV	O	O	O
,	,	PUNCT	O	O	O
il	il	PRON	O	O	O
vit	voir	VERB	O	O	O
très	très	ADV	O	O	O
bien	bien	ADV	O	O	O
le	le	DET	O	O	O
groupe	groupe	NOUN	O	O	O
s	s	PRON	O	O	O
'	'	PRON	O	O	O
approcher	approcher	VERB	O	O	O
,	,	PUNCT	O	O	O
à	à	ADP	O	O	O
telles	tel	DET	O	O	O
enseignes	enseigne	NOUN	O	O	O
qu	que	PRON	O	O	O
'	'	PRON	O	O	O
il	il	PRON	O	O	O
eut	avoir	VERB	O	O	O
aux	à	ADP	O	O	O
lèvres	lèvre	NOUN	O	O	O
quelque	quelque	DET	O	O	O
chose	chose	NOUN	O	O	O
qui	qui	PRON	O	O	O
ressemblait	ressembler	VERB	O	O	O
à	à	ADP	O	O	O
un	un	DET	O	O	O
sourire	sourire	NOUN	O	O	O
.	.	PUNCT	O	O	O

Il	il	PRON	O	O	O
espérait	espérer	VERB	O	O	O
vendre	vendre	VERB	O	O	O
,	,	PUNCT	O	O	O
et	et	CCONJ	O	O	O
c	c	PRON	O	O	O
'	'	PRON	O	O	O
est	être	AUX	O	O	O
toujours	toujours	ADV	O	O	O
agréable	agréable	ADJ	O	O	O
de	de	ADP	O	O	O
gagner	gagner	VERB	O	O	O
de	de	ADP	O	O	O
l	l	DET	O	O	O
'	'	DET	O	O	O
argent	argent	NOUN	O	O	O
,	,	PUNCT	O	O	O
n	ne	ADV	O	O	O
'	'	PRON	O	O	O
est	être	VERB	O	O	O
-	-	PRON	O	O	O
il	il	PRON	O	O	O
pas	pas	ADV	O	O	O
vrai	vrai	ADJ	O	O	O
?	?	PUNCT	O	O	O

Locard	locard	PROPN	O	O	O
entra	entrer	VERB	O	O	O
.	.	PUNCT	O	O	O

—	—	PUNCT	O	O	O
C	c	PRON	O	O	O
'	'	PRON	O	O	O
est	être	AUX	O	O	O
ça	cela	PRON	O	O	O
?	?	PUNCT	O	O	O

fit	faire	VERB	O	O	O
-	-	PRON	O	O	O
il	il	PRON	O	O	O
avec	avec	ADP	O	O	O
une	un	DET	O	O	O
moue	moue	NOUN	O	O	O
de	de	ADP	O	O	O
dédain	dédain	NOUN	O	O	O
.	.	PUNCT	O	O	O

En	en	ADP	O	O	O
vérité	vérité	NOUN	O	O	O
,	,	PUNCT	O	O	O
il	il	PRON	O	O	O
ne	ne	ADV	O	O	O
disait	dire	VERB	O	O	O
pas	pas	ADV	O	O	O
ce	ce	PRON	O	O	O
qu	que	PRON	O	O	O
'	'	PRON	O	O	O
il	il	PRON	O	O	O
pensait	penser	VERB	O	O	O
.	.	PUNCT	O	O	O

Il	il	PRON	O	O	O
était	être	AUX	O	O	O
ébloui	éblouir	VERB	O	O	O
.	.	PUNCT	O	O	O

Mais	mais	CCONJ	O	O	O
il	il	PRON	O	O	O
ne	ne	ADV	O	O	O
faut	falloir	VERB	O	O	O
jamais	jamais	ADV	O	O	O
avoir	avoir	VERB	O	O	O
l	l	DET	O	O	O
'	'	DET	O	O	O
air	air	NOUN	O	O	O
;	;	PUNCT	O	O	O
on	on	PRON	O	O	O
se	se	PRON	O	O	O
ferait	faire	AUX	O	O	O
voler	voler	VERB	O	O	O
.	.	PUNCT	O	O	O

Pierret	pierret	PROPN	O	O	O
s	s	PRON	O	O	O
'	'	PRON	O	O	O
était	être	AUX	O	O	O
levé	lever	VERB	O	O	O
,	,	PUNCT	O	O	O
poli	poli	ADJ	O	O	O
.	.	PUNCT	O	O	O

Locard	locard	PROPN	O	O	O
lui	luire	PRON	O	O	O
tourna	tourner	VERB	O	O	O
le	le	DET	O	O	O
dos	dos	NOUN	O	O	O
,	,	PUNCT	O	O	O
par	par	ADP	O	O	O
humeur	humeur	NOUN	O	O	O
évidemment	évidemment	ADV	O	O	O
.	.	PUNCT	O	O	O

Bref	bref	ADV	O	O	O
,	,	PUNCT	O	O	O
il	il	PRON	O	O	O
en	en	PRON	O	O	O
donnait	donner	VERB	O	O	O
deux	deux	NUM	O	O	O
cent	cent	NUM	O	O	O
cinquante	cinquante	NUM	O	O	O
francs	franc	NOUN	O	O	O
,	,	PUNCT	O	O	O
tout	tout	ADV	O	O	O
de	de	ADP	O	O	O
suite	suite	ADV	O	O	O
,	,	PUNCT	O	O	O
comptant	compter	VERB	O	O	O
sur	sur	ADP	O	O	O
table	table	NOUN	O	O	O
,	,	PUNCT	O	O	O
et	et	CCONJ	O	O	O
encore	encore	ADV	O	O	O
à	à	ADP	O	O	O
une	un	DET	O	O	O
condition	condition	NOUN	O	O	O
,	,	PUNCT	O	O	O
c	c	PRON	O	O	O
'	'	PRON	O	O	O
est	être	VERB	O	O	O
que	que	SCONJ	O	O	O
la	le	DET	O	O	O
comtoise	comtoise	NOUN	O	O	O
serait	être	AUX	O	O	O
installée	installer	VERB	O	O	O
le	le	DET	O	O	O
soir	soir	NOUN	O	O	O
même	même	ADV	O	O	O
dans	dans	ADP	O	O	O
la	le	DET	O	O	O
salle	salle	NOUN	O	O	O
à	à	ADP	O	O	O
manger	manger	VERB	O	O	O
.	.	PUNCT	O	O	O

Vous	vous	PRON	O	O	O
savez	savoir	VERB	O	O	O
,	,	PUNCT	O	O	O
la	le	DET	O	O	O
maison	maison	NOUN	O	O	O
,	,	PUNCT	O	O	O
la	le	DET	O	O	O
grande	grand	ADJ	O	O	O
maison	maison	NOUN	O	O	O
devant	devant	ADP	O	O	O
l	l	DET	O	O	O
'	'	DET	O	O	O
église	église	NOUN	O	O	O
.	.	PUNCT	O	O	O

Qu	que	PRON	O	O	O
'	'	PRON	O	O	O
est	être	AUX	O	O	O
-	-	PRON	O	O	O
ce	ce	PRON	O	O	O
qui	qui	PRON	O	O	O
ne	ne	ADV	O	O	O
connaît	connaître	VERB	O	O	O
pas	pas	ADV	O	O	O
la	le	DET	O	O	O
maison	maison	NOUN	O	O	O
Locard	locard	PROPN	O	O	O
?	?	PUNCT	O	O	O

Dans	dans	ADP	O	O	O
une	un	DET	O	O	O
heure	heure	NOUN	O	O	O
,	,	PUNCT	O	O	O
la	le	DET	O	O	O
comtoise	comtoise	NOUN	O	O	O
y	y	PRON	O	O	O
serait	être	VERB	O	O	O
.	.	PUNCT	O	O	O

—	—	PUNCT	O	O	O
Et	et	CCONJ	O	O	O
ce	ce	DET	O	O	O
soir	soir	NOUN	O	O	O
,	,	PUNCT	O	O	O
les	le	DET	O	O	O
amis	ami	NOUN	O	O	O
,	,	PUNCT	O	O	O
fit	faire	VERB	O	O	O
Locard	locard	PROPN	O	O	O
(	(	PUNCT	O	O	O
il	il	PRON	O	O	O
ne	ne	ADV	O	O	O
regardait	regarder	VERB	O	O	O
toujours	toujours	ADV	O	O	O
pas	pas	ADV	O	O	O
Pierret	pierret	PROPN	O	O	O
,	,	PUNCT	O	O	O
bien	bien	ADV	O	O	O
entendu	entendre	VERB	O	O	O
)	)	PUNCT	O	O	O
,	,	PUNCT	O	O	O
un	un	DET	O	O	O
bol	bol	NOUN	O	O	O
de	de	ADP	O	O	O
vin	vin	NOUN	O	O	O
blanc	blanc	ADJ	O	O	O
,	,	PUNCT	O	O	O
premier	premier	ADJ	O	O	O
crû	crû	NOUN	O	O	O
...	...	PUNCT	O	O	O
nous	nous	PRON	O	O	O
boirons	boire	VERB	O	O	O
à	à	ADP	O	O	O
la	le	DET	O	O	O
comtoise	comtoise	NOUN	O	O	O
.	.	PUNCT	O	O	O

—	—	PUNCT	O	O	O
C	c	PRON	O	O	O
'	'	PRON	O	O	O
est	être	AUX	O	O	O
dit	dire	VERB	O	O	O
!	!	PUNCT	O	O	O

—	—	PUNCT	O	O	O
A	à	ADP	O	O	O
quelle	quel	DET	O	O	O
heure	heure	NOUN	O	O	O
?	?	PUNCT	O	O	O

—	—	PUNCT	O	O	O
Neuf	neuf	NUM	O	O	O
heures	heure	NOUN	O	O	O
.	.	PUNCT	O	O	O

M.	m.	NOUN	O	O	O
Locard	locard	PROPN	O	O	O
sortit	sortir	VERB	O	O	O
,	,	PUNCT	O	O	O
ayant	avoir	AUX	O	O	O
jeté	jeter	VERB	O	O	O
cent	cent	NUM	O	O	O
francs	franc	NOUN	O	O	O
d	d	ADP	O	O	O
'	'	ADP	O	O	O
arrhes	arrhes	NOUN	O	O	O
sur	sur	ADP	O	O	O
l	l	DET	O	O	O
'	'	DET	O	O	O
établi	établi	NOUN	O	O	O
.	.	PUNCT	O	O	O

Pierret	pierret	PROPN	O	O	O
,	,	PUNCT	O	O	O
resté	rester	VERB	O	O	O
seul	seul	ADJ	O	O	O
,	,	PUNCT	O	O	O
brûla	brûler	VERB	O	O	O
le	le	DET	O	O	O
billet	billet	NOUN	O	O	O
à	à	ADP	O	O	O
la	le	DET	O	O	O
flamme	flamme	NOUN	O	O	O
d	d	ADP	O	O	O
'	'	ADP	O	O	O
une	un	DET	O	O	O
allumette	allumette	NOUN	O	O	O
;	;	PUNCT	O	O	O
puis	pouvoir	CCONJ	O	O	O
il	il	PRON	O	O	O
alla	aller	VERB	O	O	O
dans	dans	ADP	O	O	O
la	le	DET	O	O	O
pièce	pièce	NOUN	O	O	O
du	de	ADP	O	O	O
fond	fond	NOUN	O	O	O
d	d	ADP	O	O	O
'	'	PUNCT	O	O	O
où	où	PRON	O	O	O
il	il	PRON	O	O	O
rapporta	rapporter	VERB	O	O	O
une	un	DET	O	O	O
petite	petit	ADJ	O	O	O
caisse	caisse	NOUN	O	O	O
sur	sur	ADP	O	O	O
laquelle	lequel	PRON	O	O	O
il	il	PRON	O	O	O
y	y	PRON	O	O	O
avait	avoir	VERB	O	O	O
des	un	DET	O	O	O
étiquettes	étiquette	NOUN	O	O	O
en	en	ADP	O	O	O
anglais	anglais	NOUN	O	O	O
.	.	PUNCT	O	O	O

Et	et	CCONJ	O	O	O
s	s	PRON	O	O	O
'	'	PRON	O	O	O
approchant	approcher	VERB	O	O	O
de	de	ADP	O	O	O
la	le	DET	O	O	O
comtoise	comtoise	NOUN	O	O	O
,	,	PUNCT	O	O	O
il	il	PRON	O	O	O
ouvrit	ouvrir	VERB	O	O	O
la	le	DET	O	O	O
boîte	boîte	NOUN	O	O	O
du	de	ADP	O	O	O
mouvement	mouvement	NOUN	O	O	O
,	,	PUNCT	O	O	O
sans	sans	ADP	O	O	O
doute	doute	NOUN	O	O	O
pour	pour	ADP	O	O	O
le	le	PRON	O	O	O
régler	régler	VERB	O	O	O
.	.	PUNCT	O	O	O

Elle	lui	PRON	O	O	O
est	être	VERB	O	O	O
à	à	ADP	O	O	O
sa	son	DET	O	O	O
place	place	NOUN	O	O	O
,	,	PUNCT	O	O	O
bien	bien	ADV	O	O	O
campée	camper	VERB	O	O	O
dans	dans	ADP	O	O	O
sa	son	DET	O	O	O
gaîne	gaîne	NOUN	O	O	O
qui	qui	PRON	O	O	O
reluit	reluire	VERB	O	O	O
.	.	PUNCT	O	O	O

Le	le	DET	O	O	O
balancier	balancier	NOUN	O	O	O
fait	faire	VERB	O	O	O
son	son	DET	O	O	O
tic	tic	NOUN	O	O	O
-	-	NOUN	O	O	O
tac	tac	NOUN	O	O	O
lent	lent	ADJ	O	O	O
et	et	CCONJ	O	O	O
doux	doux	ADJ	O	O	O
.	.	PUNCT	O	O	O

En	en	ADP	O	O	O
vérité	vérité	NOUN	O	O	O
,	,	PUNCT	O	O	O
elle	lui	PRON	O	O	O
est	être	AUX	O	O	O
d	d	ADP	O	O	O
'	'	ADP	O	O	O
un	un	DET	O	O	O
effet	effet	NOUN	O	O	O
merveilleux	merveilleux	ADJ	O	O	O
,	,	PUNCT	O	O	O
entre	entrer	ADP	O	O	O
les	le	DET	O	O	O
faïences	faïence	NOUN	O	O	O
campagnardes	campagnard	ADJ	O	O	O
et	et	CCONJ	O	O	O
les	le	DET	O	O	O
gravures	gravure	NOUN	O	O	O
à	à	ADP	O	O	O
teintes	teinte	NOUN	O	O	O
roses	rose	ADJ	O	O	O
.	.	PUNCT	O	O	O

Autour	autour	ADV	O	O	O
de	de	ADP	O	O	O
la	le	DET	O	O	O
table	table	NOUN	O	O	O
,	,	PUNCT	O	O	O
d	d	ADP	O	O	O
'	'	ADP	O	O	O
où	où	PRON	O	O	O
pointent	pointer	VERB	O	O	O
de	de	DET	O	O	O
longs	long	ADJ	O	O	O
cous	cou	NOUN	O	O	O
de	de	ADP	O	O	O
bouteilles	bouteille	NOUN	O	O	O
,	,	PUNCT	O	O	O
Locard	locard	PROPN	O	O	O
et	et	CCONJ	O	O	O
ses	son	DET	O	O	O
amis	ami	NOUN	O	O	O
boivent	boire	VERB	O	O	O
,	,	PUNCT	O	O	O
rient	rire	VERB	O	O	O
et	et	CCONJ	O	O	O
chantent	chanter	VERB	O	O	O
.	.	PUNCT	O	O	O

Bombance	bombance	NOUN	O	O	O
!	!	PUNCT	O	O	O

La	le	DET	O	O	O
grosse	gros	ADJ	O	O	O
servante	servante	NOUN	O	O	O
se	se	PRON	O	O	O
pâme	pâmer	VERB	O	O	O
d	d	ADP	O	O	O
'	'	ADP	O	O	O
aise	aise	NOUN	O	O	O
.	.	PUNCT	O	O	O

Ah	ah	INTJ	O	O	O
!	!	PUNCT	O	O	O

la	le	DET	O	O	O
maison	maison	NOUN	O	O	O
ne	ne	ADV	O	O	O
sera	être	AUX	O	O	O
plus	plus	ADV	O	O	O
si	si	ADV	O	O	O
gaie	gai	ADJ	O	O	O
quand	quand	SCONJ	O	O	O
la	le	DET	O	O	O
«	«	PUNCT	O	O	O
madame	monsieur	NOUN	O	O	O
»	»	PUNCT	O	O	O
y	y	PRON	O	O	O
sera	être	VERB	O	O	O
.	.	PUNCT	O	O	O

Où	où	ADV	O	O	O
la	le	PRON	O	O	O
voulez	vouloir	VERB	O	O	O
-	-	PRON	O	O	O
vous	vous	PRON	O	O	O
?	?	PUNCT	O	O	O

Il	il	PRON	O	O	O
faut	falloir	VERB	O	O	O
bien	bien	ADV	O	O	O
faire	faire	VERB	O	O	O
une	un	DET	O	O	O
fin	fin	NOUN	O	O	O
.	.	PUNCT	O	O	O

Et	et	CCONJ	O	O	O
puis	pouvoir	CCONJ	O	O	O
quand	quand	SCONJ	O	O	O
on	on	PRON	O	O	O
a	avoir	VERB	O	O	O
des	un	DET	O	O	O
moyens	moyen	NOUN	O	O	O
comme	comme	ADP	O	O	O
monsieur	monsieur	NOUN	O	O	O
,	,	PUNCT	O	O	O
on	on	PRON	O	O	O
peut	pouvoir	VERB	O	O	O
bien	bien	ADV	O	O	O
se	se	PRON	O	O	O
payer	payer	VERB	O	O	O
une	un	DET	O	O	O
femme	femme	NOUN	O	O	O
à	à	ADP	O	O	O
soi	soi	PRON	O	O	O
tout	tout	ADV	O	O	O
seul	seul	ADJ	O	O	O
.	.	PUNCT	O	O	O

Onze	onze	NUM	O	O	O
heures	heure	NOUN	O	O	O
!	!	PUNCT	O	O	O

la	le	DET	O	O	O
comtoise	comtoise	NOUN	O	O	O
sonne	sonner	VERB	O	O	O
!	!	PUNCT	O	O	O

Tout	tout	ADJ	O	O	O
le	le	DET	O	O	O
monde	monde	NOUN	O	O	O
se	se	PRON	O	O	O
tait	taire	VERB	O	O	O
,	,	PUNCT	O	O	O
Locard	locard	PROPN	O	O	O
savoure	savourer	VERB	O	O	O
.	.	PUNCT	O	O	O

Quelle	quel	DET	O	O	O
voix	voix	NOUN	O	O	O
!	!	PUNCT	O	O	O

on	on	PRON	O	O	O
dirait	dire	VERB	O	O	O
un	un	DET	O	O	O
chant	chant	NOUN	O	O	O
,	,	PUNCT	O	O	O
on	on	PRON	O	O	O
l	l	PRON	O	O	O
'	'	PRON	O	O	O
écouterait	écouter	VERB	O	O	O
toute	tout	ADJ	O	O	O
la	le	DET	O	O	O
nuit	nuit	NOUN	O	O	O
.	.	PUNCT	O	O	O

Ma	mon	DET	O	O	O
foi	foi	NOUN	O	O	O
,	,	PUNCT	O	O	O
on	on	PRON	O	O	O
attendra	attendre	VERB	O	O	O
minuit	minuit	NOUN	O	O	O
.	.	PUNCT	O	O	O

La	le	DET	O	O	O
sonnerie	sonnerie	NOUN	O	O	O
battra	battre	VERB	O	O	O
son	son	DET	O	O	O
plein	plein	NOUN	O	O	O
.	.	PUNCT	O	O	O

Plus	plus	ADV	O	O	O
de	de	ADP	O	O	O
vin	vin	NOUN	O	O	O
!	!	PUNCT	O	O	O

eh	eh	INTJ	O	O	O
bien	bien	ADV	O	O	O
!	!	PUNCT	O	O	O

du	de	DET	O	O	O
punch	punch	NOUN	O	O	O
...	...	PUNCT	O	O	O
et	et	CCONJ	O	O	O
on	on	PRON	O	O	O
le	le	PRON	O	O	O
brûlera	brûler	VERB	O	O	O
,	,	PUNCT	O	O	O
on	on	PRON	O	O	O
éteindra	éteindre	VERB	O	O	O
les	le	DET	O	O	O
lumières	lumière	NOUN	O	O	O
.	.	PUNCT	O	O	O

A	à	ADP	O	O	O
minuit	minuit	NOUN	O	O	O
,	,	PUNCT	O	O	O
ça	cela	PRON	O	O	O
sera	être	AUX	O	O	O
drôle	drôle	ADJ	O	O	O
,	,	PUNCT	O	O	O
avec	avec	ADP	O	O	O
la	le	DET	O	O	O
comtoise	comtoise	NOUN	O	O	O
qui	qui	PRON	O	O	O
roucoulera	roucouler	VERB	O	O	O
.	.	PUNCT	O	O	O

Ils	il	PRON	O	O	O
sont	être	VERB	O	O	O
à	à	ADP	O	O	O
demi	demi	NOUN	O	O	O
-	-	NOUN	O	O	O
ivres	ivre	ADJ	O	O	O
.	.	PUNCT	O	O	O

La	le	DET	O	O	O
chaleur	chaleur	NOUN	O	O	O
est	être	AUX	O	O	O
étouffante	étouffant	ADJ	O	O	O
.	.	PUNCT	O	O	O

Entr	entr	NOUN	O	O	O
'	'	ADP	O	O	O
ouvroux	ouvrou	NOUN	O	O	O
la	le	DET	O	O	O
fenêtre	fenêtre	NOUN	O	O	O
.	.	PUNCT	O	O	O

D	d	ADP	O	O	O
'	'	ADP	O	O	O
ailleurs	ailleurs	ADV	O	O	O
,	,	PUNCT	O	O	O
il	il	PRON	O	O	O
est	être	AUX	O	O	O
bon	bon	ADJ	O	O	O
qu	qu	SCONJ	O	O	O
'	'	SCONJ	O	O	O
on	on	PRON	O	O	O
sache	savoir	VERB	O	O	O
qu	qu	SCONJ	O	O	O
'	'	SCONJ	O	O	O
on	on	PRON	O	O	O
ne	ne	ADV	O	O	O
s	s	PRON	O	O	O
'	'	PRON	O	O	O
ennuie	ennuyer	VERB	O	O	O
pas	pas	ADV	O	O	O
chez	chez	ADP	O	O	O
M.	m.	NOUN	O	O	O
Locard	locard	PROPN	O	O	O
.	.	PUNCT	O	O	O

Attention	attention	NOUN	O	O	O
!	!	PUNCT	O	O	O

moins	moins	ADV	O	O	O
cinq	cinq	PRON	O	O	O
!	!	PUNCT	O	O	O

une	un	DET	O	O	O
,	,	PUNCT	O	O	O
deux	deux	NUM	O	O	O
,	,	PUNCT	O	O	O
allumez	allumer	VERB	O	O	O
...	...	PUNCT	O	O	O
punch	punch	NOUN	O	O	O
!	!	PUNCT	O	O	O

La	le	DET	O	O	O
flamme	flamme	NOUN	O	O	O
jaillit	jaillir	VERB	O	O	O
du	de	ADP	O	O	O
saladier	saladier	NOUN	O	O	O
,	,	PUNCT	O	O	O
la	le	DET	O	O	O
cuiller	cuiller	NOUN	O	O	O
joue	joue	VERB	O	O	O
dans	dans	ADP	O	O	O
le	le	DET	O	O	O
flot	flot	NOUN	O	O	O
qui	qui	PRON	O	O	O
jaillit	jaillir	VERB	O	O	O
en	en	ADP	O	O	O
langues	langue	NOUN	O	O	O
jaunes	jaune	ADJ	O	O	O
et	et	CCONJ	O	O	O
bleues	bleu	ADJ	O	O	O
.	.	PUNCT	O	O	O

Le	le	DET	O	O	O
sucre	sucre	NOUN	O	O	O
grésille	grésiller	VERB	O	O	O
.	.	PUNCT	O	O	O

—	—	PUNCT	O	O	O
Éteignez	éteindre	VERB	O	O	O
la	le	DET	O	O	O
lampe	lampe	NOUN	O	O	O
!	!	PUNCT	O	O	O

Les	le	DET	O	O	O
faces	face	NOUN	O	O	O
congestionnées	congestionner	ADJ	O	O	O
prennent	prendre	VERB	O	O	O
des	un	DET	O	O	O
reflets	reflet	NOUN	O	O	O
violacés	violacé	ADJ	O	O	O
.	.	PUNCT	O	O	O

C	c	PRON	O	O	O
'	'	PRON	O	O	O
est	être	AUX	O	O	O
très	très	ADV	O	O	O
joyeux	joyeux	ADJ	O	O	O
!	!	PUNCT	O	O	O

Chut	chut	PROPN	O	O	O
!	!	PUNCT	O	O	O

elle	lui	PRON	O	O	O
sonne	sonner	VERB	O	O	O
...	...	PUNCT	O	O	O
Non	non	ADV	O	O	O
!	!	PUNCT	O	O	O

elle	lui	PRON	O	O	O
parle	parler	VERB	O	O	O
...	...	PUNCT	O	O	O
—	—	PUNCT	O	O	O
Jacques	jacques	PROPN	O	O	O
Locard	locard	PROPN	O	O	O
!	!	PUNCT	O	O	O

Jacques	jacques	PROPN	O	O	O
Locard	locard	PROPN	O	O	O
!	!	PUNCT	O	O	O

Hein	hein	PRON	O	O	O
?	?	PUNCT	O	O	O

Qui	qui	PRON	O	O	O
a	avoir	AUX	O	O	O
dit	dire	VERB	O	O	O
cela	celer	PRON	O	O	O
!	!	PUNCT	O	O	O

Qu	que	PRON	O	O	O
'	'	PRON	O	O	O
est	être	AUX	O	O	O
-	-	PRON	O	O	O
ce	ce	PRON	O	O	O
que	que	SCONJ	O	O	O
cette	ce	DET	O	O	O
voix	voix	NOUN	O	O	O
vieillote	vieillot	ADJ	O	O	O
et	et	CCONJ	O	O	O
fêlée	fêler	VERB	O	O	O
!	!	PUNCT	O	O	O

d	d	ADP	O	O	O
'	'	ADP	O	O	O
où	où	ADV	O	O	O
sort	sortir	VERB	O	O	O
-	-	PRON	O	O	O
elle	lui	PRON	O	O	O
?	?	PUNCT	O	O	O

—	—	PUNCT	O	O	O
Jacques	jacques	PROPN	O	O	O
Locard	locard	PROPN	O	O	O
...	...	PUNCT	O	O	O
avoue	avouer	VERB	O	O	O
...	...	PUNCT	O	O	O
avoue	avouer	VERB	O	O	O
...	...	PUNCT	O	O	O
Folie	folie	NOUN	O	O	O
!	!	PUNCT	O	O	O

qui	qui	PRON	O	O	O
parle	parler	VERB	O	O	O
?	?	PUNCT	O	O	O

Eh	eh	INTJ	O	O	O
!	!	PUNCT	O	O	O

Locard	locard	PROPN	O	O	O
,	,	PUNCT	O	O	O
quelle	quell	ADJ	O	O	O
est	être	AUX	O	O	O
cette	ce	DET	O	O	O
farce	farce	NOUN	O	O	O
?	?	PUNCT	O	O	O

—	—	PUNCT	O	O	O
Comme	comme	SCONJ	O	O	O
tu	tu	PRON	O	O	O
es	être	AUX	O	O	O
pâle	pâle	ADJ	O	O	O
!	!	PUNCT	O	O	O

La	le	DET	O	O	O
voix	voix	NOUN	O	O	O
a	avoir	VERB	O	O	O
l	l	DET	O	O	O
'	'	DET	O	O	O
air	air	NOUN	O	O	O
de	de	ADP	O	O	O
venir	venir	VERB	O	O	O
de	de	ADP	O	O	O
la	le	DET	O	O	O
cave	cave	NOUN	O	O	O
.	.	PUNCT	O	O	O

—	—	PUNCT	O	O	O
Jacques	jacques	PROPN	O	O	O
Locard	locard	PROPN	O	O	O
,	,	PUNCT	O	O	O
tu	tu	PRON	O	O	O
es	être	AUX	O	O	O
un	un	DET	O	O	O
assassin	assassin	NOUN	O	O	O
!	!	PUNCT	O	O	O

—	—	PUNCT	O	O	O
Ce	ce	PRON	O	O	O
n	ne	ADV	O	O	O
'	'	ADV	O	O	O
est	être	AUX	O	O	O
pas	pas	ADV	O	O	O
vrai	vrai	ADJ	O	O	O
!	!	PUNCT	O	O	O

qui	qui	PRON	O	O	O
a	avoir	AUX	O	O	O
dit	dire	VERB	O	O	O
cela	celer	PRON	O	O	O
?	?	PUNCT	O	O	O

Cclui	cclui	PROPN	O	O	O
-	-	PRON	O	O	O
là	là	ADV	O	O	O
en	en	PRON	O	O	O
a	avoir	AUX	O	O	O
menti	mentir	VERB	O	O	O
!	!	PUNCT	O	O	O

—	—	PUNCT	O	O	O
Jacques	jacques	PROPN	O	O	O
Locard	locard	PROPN	O	O	O
,	,	PUNCT	O	O	O
c	c	PRON	O	O	O
'	'	PRON	O	O	O
est	être	AUX	O	O	O
toi	toi	PRON	O	O	O
qui	qui	PRON	O	O	O
as	avoir	AUX	O	O	O
tué	tuer	VERB	O	O	O
le	le	DET	O	O	O
vieux	vieux	ADJ	O	O	O
Pierret	pierret	PROPN	O	O	O
...	...	PUNCT	O	O	O
Assassin	assassin	NOUN	O	O	O
!	!	PUNCT	O	O	O

Il	il	PRON	O	O	O
y	y	PRON	O	O	O
a	avoir	VERB	O	O	O
des	un	DET	O	O	O
cris	cri	NOUN	O	O	O
,	,	PUNCT	O	O	O
des	un	DET	O	O	O
hoquets	hoquet	NOUN	O	O	O
,	,	PUNCT	O	O	O
des	un	DET	O	O	O
râles	râle	NOUN	O	O	O
.	.	PUNCT	O	O	O

Locard	locard	PROPN	O	O	O
s	s	PRON	O	O	O
'	'	PRON	O	O	O
est	être	AUX	O	O	O
dressé	dresser	VERB	O	O	O
,	,	PUNCT	O	O	O
éperdu	éperdre	VERB	O	O	O
,	,	PUNCT	O	O	O
fou	fou	ADJ	O	O	O
.	.	PUNCT	O	O	O

Il	il	PRON	O	O	O
porte	porte	VERB	O	O	O
sa	son	DET	O	O	O
main	main	NOUN	O	O	O
à	à	ADP	O	O	O
sa	son	DET	O	O	O
cravate	cravate	NOUN	O	O	O
pour	pour	ADP	O	O	O
l	l	PRON	O	O	O
'	'	PRON	O	O	O
arracher	arracher	VERB	O	O	O
.	.	PUNCT	O	O	O

La	le	DET	O	O	O
voix	voix	NOUN	O	O	O
continue	continuer	VERB	O	O	O
,	,	PUNCT	O	O	O
impitoyable	impitoyable	ADJ	O	O	O
,	,	PUNCT	O	O	O
toujours	toujours	ADV	O	O	O
cassée	casser	VERB	O	O	O
,	,	PUNCT	O	O	O
toujours	toujours	ADV	O	O	O
fêlée	fêler	VERB	O	O	O
,	,	PUNCT	O	O	O
lointaine	lointain	ADJ	O	O	O
comme	comme	ADP	O	O	O
si	si	SCONJ	O	O	O
elle	lui	PRON	O	O	O
venait	venir	VERB	O	O	O
d	d	ADP	O	O	O
'	'	ADP	O	O	O
une	un	DET	O	O	O
tombe	tombe	NOUN	O	O	O
.	.	PUNCT	O	O	O

Elle	lui	PRON	O	O	O
répète	répéter	VERB	O	O	O
,	,	PUNCT	O	O	O
répète	répéter	VERB	O	O	O
,	,	PUNCT	O	O	O
répète	répéter	VERB	O	O	O
le	le	DET	O	O	O
mot	mot	NOUN	O	O	O
assassin	assassin	ADJ	O	O	O
!	!	PUNCT	O	O	O

...	...	PUNCT	O	O	O
Locard	locard	PROPN	O	O	O
tombe	tombe	VERB	O	O	O
à	à	ADP	O	O	O
genoux	genou	NOUN	O	O	O
,	,	PUNCT	O	O	O
se	se	PRON	O	O	O
relève	relever	VERB	O	O	O
,	,	PUNCT	O	O	O
retombe	retomber	VERB	O	O	O
...	...	PUNCT	O	O	O
Eh	eh	INTJ	O	O	O
bien	bien	ADV	O	O	O
!	!	PUNCT	O	O	O

oui	oui	INTJ	O	O	O
!	!	PUNCT	O	O	O

il	il	PRON	O	O	O
avoue	avouer	VERB	O	O	O
!	!	PUNCT	O	O	O

...	...	PUNCT	O	O	O
oui	oui	ADV	O	O	O
,	,	PUNCT	O	O	O
c	c	PRON	O	O	O
'	'	PRON	O	O	O
est	être	AUX	O	O	O
lui	luire	PRON	O	O	O
qui	qui	PRON	O	O	O
a	avoir	AUX	O	O	O
tué	tuer	VERB	O	O	O
le	le	DET	O	O	O
vieillard	vieillard	NOUN	O	O	O
,	,	PUNCT	O	O	O
qui	qui	PRON	O	O	O
l	l	PRON	O	O	O
'	'	PRON	O	O	O
a	avoir	AUX	O	O	O
volé	voler	VERB	O	O	O
...	...	PUNCT	O	O	O
mais	mais	CCONJ	O	O	O
que	que	SCONJ	O	O	O
la	le	DET	O	O	O
voix	voix	NOUN	O	O	O
se	se	PRON	O	O	O
taise	taire	VERB	O	O	O
!	!	PUNCT	O	O	O

Elle	lui	PRON	O	O	O
ne	ne	ADV	O	O	O
se	se	PRON	O	O	O
tait	taire	VERB	O	O	O
pas	pas	ADV	O	O	O
.	.	PUNCT	O	O	O

On	on	PRON	O	O	O
dirait	dire	VERB	O	O	O
une	un	DET	O	O	O
mécanique	mécanique	NOUN	O	O	O
qui	qui	PRON	O	O	O
marche	marche	VERB	O	O	O
.	.	PUNCT	O	O	O

Locard	locard	PROPN	O	O	O
dit	dire	VERB	O	O	O
que	que	SCONJ	O	O	O
c	c	PRON	O	O	O
'	'	PRON	O	O	O
est	être	AUX	O	O	O
la	le	DET	O	O	O
comtoise	comtoise	NOUN	O	O	O
qui	qui	PRON	O	O	O
parle	parler	VERB	O	O	O
,	,	PUNCT	O	O	O
il	il	PRON	O	O	O
s	s	PRON	O	O	O
'	'	PRON	O	O	O
accroche	accroche	VERB	O	O	O
à	à	ADP	O	O	O
elle	lui	PRON	O	O	O
,	,	PUNCT	O	O	O
la	le	PRON	O	O	O
secoue	secouer	VERB	O	O	O
,	,	PUNCT	O	O	O
l	l	PRON	O	O	O
'	'	PRON	O	O	O
entraîne	entraîner	VERB	O	O	O
,	,	PUNCT	O	O	O
la	le	PRON	O	O	O
renverse	renverse	VERB	O	O	O
...	...	PUNCT	O	O	O
le	le	DET	O	O	O
mouvement	mouvement	NOUN	O	O	O
roule	roule	VERB	O	O	O
sur	sur	ADP	O	O	O
le	le	DET	O	O	O
plancher	plancher	NOUN	O	O	O
et	et	CCONJ	O	O	O
avec	avec	ADP	O	O	O
lui	luire	PRON	O	O	O
un	un	DET	O	O	O
rouleau	rouleau	NOUN	O	O	O
,	,	PUNCT	O	O	O
couvert	couvrir	VERB	O	O	O
d	d	ADP	O	O	O
'	'	ADP	O	O	O
un	un	DET	O	O	O
papier	papier	NOUN	O	O	O
métallique	métallique	ADJ	O	O	O
...	...	PUNCT	O	O	O
Pierrot	pierrot	PROPN	O	O	O
,	,	PUNCT	O	O	O
qui	qui	PRON	O	O	O
était	être	AUX	O	O	O
aux	à	ADP	O	O	O
écoutes	écoute	NOUN	O	O	O
,	,	PUNCT	O	O	O
saute	saute	VERB	O	O	O
de	de	ADP	O	O	O
la	le	DET	O	O	O
fenêtre	fenêtre	NOUN	O	O	O
et	et	CCONJ	O	O	O
saisit	saisir	VERB	O	O	O
Locard	locard	PROPN	O	O	O
à	à	ADP	O	O	O
la	le	DET	O	O	O
gorge	gorge	NOUN	O	O	O
,	,	PUNCT	O	O	O
en	en	ADP	O	O	O
criant	crier	VERB	O	O	O
:	:	PUNCT	O	O	O
—	—	PUNCT	O	O	O
Vous	vous	PRON	O	O	O
êtes	être	AUX	O	O	O
tous	tout	ADJ	O	O	O
témoins	témoin	NOUN	O	O	O
!	!	PUNCT	O	O	O

cet	ce	DET	O	O	O
homme	homme	NOUN	O	O	O
est	être	AUX	O	O	O
l	l	DET	O	O	O
'	'	DET	O	O	O
assassin	assassin	NOUN	O	O	O
de	de	ADP	O	O	O
mon	mon	DET	O	O	O
père	père	NOUN	O	O	O
!	!	PUNCT	O	O	O

—	—	PUNCT	O	O	O
Et	et	CCONJ	O	O	O
voyez	voir	VERB	O	O	O
,	,	PUNCT	O	O	O
messieurs	monsieur	NOUN	O	O	O
les	le	DET	O	O	O
jurés	juré	NOUN	O	O	O
,	,	PUNCT	O	O	O
s	s	PRON	O	O	O
'	'	PRON	O	O	O
écrie	écrier	VERB	O	O	O
le	le	DET	O	O	O
procureur	procureur	NOUN	O	O	O
général	général	ADJ	O	O	O
,	,	PUNCT	O	O	O
de	de	ADP	O	O	O
quelle	quel	DET	O	O	O
utilité	utilité	NOUN	O	O	O
sociale	social	ADJ	O	O	O
sont	être	AUX	O	O	O
les	le	DET	O	O	O
progrès	progrès	NOUN	O	O	O
de	de	ADP	O	O	O
la	le	DET	O	O	O
science	science	NOUN	O	O	O
.	.	PUNCT	O	O	O

N	ne	ADV	O	O	O
'	'	ADV	O	O	O
est	être	AUX	O	O	O
-	-	PRON	O	O	O
ce	ce	PRON	O	O	O
pas	pas	ADV	O	O	O
un	un	DET	O	O	O
trait	trait	NOUN	O	O	O
de	de	ADP	O	O	O
génie	génie	NOUN	O	O	O
de	de	ADP	O	O	O
la	le	DET	O	O	O
part	part	NOUN	O	O	O
de	de	ADP	O	O	O
ce	ce	DET	O	O	O
humble	humble	ADJ	O	O	O
horloger	horloger	NOUN	O	O	O
que	que	SCONJ	O	O	O
d	d	ADP	O	O	O
'	'	ADP	O	O	O
avoir	avoir	AUX	O	O	O
utilisé	utiliser	VERB	O	O	O
,	,	PUNCT	O	O	O
en	en	ADP	O	O	O
l	l	PRON	O	O	O
'	'	PRON	O	O	O
adaptant	adapter	VERB	O	O	O
à	à	ADP	O	O	O
un	un	DET	O	O	O
mouvement	mouvement	NOUN	O	O	O
d	d	ADP	O	O	O
'	'	ADP	O	O	O
horlogerie	horlogerie	NOUN	O	O	O
,	,	PUNCT	O	O	O
l	l	DET	O	O	O
'	'	DET	O	O	O
immortelle	immortel	ADJ	O	O	O
invention	invention	NOUN	O	O	O
d	d	ADP	O	O	O
'	'	ADP	O	O	O
Edison	edison	PROPN	O	O	O
,	,	PUNCT	O	O	O
le	le	DET	O	O	O
phonographe	phonographe	NOUN	O	O	O
?	?	PUNCT	O	O	O

