I	i	PUNCT	O	O	O

L'	le	DET	O	O	O
histoire	histoire	NOUN	O	O	O
que	que	PRON	O	O	O
je	je	PRON	O	O	O
vous	vous	PRON	O	O	O
vais	aller	VERB	O	O	O
dire	dire	VERB	O	O	O
,	,	PUNCT	O	O	O
et	et	CCONJ	O	O	O
qui	qui	PRON	O	O	O
vaut	valoir	VERB	O	O	O
surtout	surtout	ADV	O	O	O
par	par	ADP	O	O	O
sa	son	DET	O	O	O
portée	portée	NOUN	O	O	O
morale	moral	ADJ	O	O	O
et	et	CCONJ	O	O	O
philosophique	philosophique	ADJ	O	O	O
,	,	PUNCT	O	O	O
est	être	AUX	O	O	O
moins	moins	ADV	O	O	O
pour	pour	ADP	O	O	O
mes	mon	DET	O	O	O
lecteurs	lecteur	NOUN	O	O	O
ordinaires	ordinaire	ADJ	O	O	O
que	que	SCONJ	O	O	O
pour	pour	ADP	O	O	O
les	le	DET	O	O	O
mélancoliques	mélancolique	NOUN	O	O	O
qui	qui	PRON	O	O	O
aiment	aimer	VERB	O	O	O
les	le	DET	O	O	O
récits	récit	NOUN	O	O	O
sérieux	sérieux	ADJ	O	O	O
,	,	PUNCT	O	O	O
congrus	congru	NOUN	O	O	O
,	,	PUNCT	O	O	O
instructifs	instructif	ADJ	O	O	O
,	,	PUNCT	O	O	O
documentaires	documentaire	ADJ	O	O	O
,	,	PUNCT	O	O	O
raisonnables	raisonnable	ADJ	O	O	O
et	et	CCONJ	O	O	O
même	même	ADV	O	O	O
un	un	DET	O	O	O
peu	peu	ADV	O	O	O
bourgeois	bourgeois	ADJ	O	O	O
.	.	PUNCT	O	O	O

Il	il	PRON	O	O	O
convient	convier	VERB	O	O	O
d'	de	ADP	O	O	O
y	y	PRON	O	O	O
chercher	chercher	VERB	O	O	O
,	,	PUNCT	O	O	O
non	non	ADV	O	O	O
pas	pas	ADV	O	O	O
une	un	DET	O	O	O
fantaisie	fantaisie	NOUN	O	O	O
plaisante	plaisant	ADJ	O	O	O
,	,	PUNCT	O	O	O
mais	mais	CCONJ	O	O	O
la	le	DET	O	O	O
profondeur	profondeur	NOUN	O	O	O
de	de	ADP	O	O	O
la	le	DET	O	O	O
pensée	pensée	NOUN	O	O	O
.	.	PUNCT	O	O	O

J'	je	PRON	O	O	O
ai	avoir	AUX	O	O	O
assez	assez	ADV	O	O	O
écrit	écrire	VERB	O	O	O
pour	pour	ADP	O	O	O
les	le	DET	O	O	O
gens	gens	NOUN	O	O	O
futiles	futile	ADJ	O	O	O
qui	qui	PRON	O	O	O
ne	ne	ADV	O	O	O
souhaitent	souhaiter	VERB	O	O	O
que	que	ADV	O	O	O
rire	rire	VERB	O	O	O
.	.	PUNCT	O	O	O

Au	au	ADP	O	O	O
tour	tour	NOUN	O	O	O
de	de	ADP	O	O	O
ceux	celui	PRON	O	O	O
qui	qui	PRON	O	O	O
entendent	entendre	VERB	O	O	O
méditer	méditer	VERB	O	O	O
!	!	PUNCT	O	O	O

Faites	faire	VERB	O	O	O
-	-	PRON	O	O	O
moi	moi	PRON	O	O	O
bon	bon	ADJ	O	O	O
accueil	accueil	NOUN	O	O	O
,	,	PUNCT	O	O	O
gens	gens	NOUN	O	O	O
graves	grave	ADJ	O	O	O
,	,	PUNCT	O	O	O
esprits	esprit	NOUN	O	O	O
sévères	sévère	ADJ	O	O	O
,	,	PUNCT	O	O	O
personnes	personne	NOUN	O	O	O
embêtantes	embêtant	ADJ	O	O	O
mais	mais	CCONJ	O	O	O
dont	dont	PRON	O	O	O
je	je	PRON	O	O	O
veux	vouloir	VERB	O	O	O
aussi	aussi	ADV	O	O	O
mériter	mériter	VERB	O	O	O
l'	le	DET	O	O	O
estime	estime	NOUN	O	O	O
et	et	CCONJ	O	O	O
les	le	DET	O	O	O
suffrages	suffrage	NOUN	O	O	O
devant	devant	ADP	O	O	O
la	le	DET	O	O	O
postérité	postérité	NOUN	O	O	O
.	.	PUNCT	O	O	O

Le	le	DET	O	O	O
savant	savant	ADJ	O	O	O
docteur	docteur	NOUN	O	O	O
Cornelius	cornelius	PROPN	O	O	O
Van	van	X	O	O	O
de	de	ADP	O	O	O
Mounisch	mounisch	PROPN	O	O	O
n'	ne	ADV	O	O	O
était	être	AUX	O	O	O
pas	pas	ADV	O	O	O
un	un	PRON	O	O	O
de	de	ADP	O	O	O
ces	ce	DET	O	O	O
savants	savant	NOUN	O	O	O
inutiles	inutile	ADJ	O	O	O
qui	qui	PRON	O	O	O
n'	ne	ADV	O	O	O
apportent	apporter	VERB	O	O	O
,	,	PUNCT	O	O	O
par	par	ADP	O	O	O
leurs	leur	DET	O	O	O
travaux	travail	NOUN	O	O	O
,	,	PUNCT	O	O	O
aucun	aucun	DET	O	O	O
bien	bien	NOUN	O	O	O
-	-	NOUN	O	O	O
être	être	AUX	O	O	O
nouveau	nouveau	ADJ	O	O	O
à	à	ADP	O	O	O
l'	le	DET	O	O	O
humanité	humanité	NOUN	O	O	O
.	.	PUNCT	O	O	O

Ses	son	DET	O	O	O
recherches	recherche	NOUN	O	O	O
avait	avoir	VERB	O	O	O
une	un	DET	O	O	O
ambition	ambition	NOUN	O	O	O
pratique	pratique	ADJ	O	O	O
,	,	PUNCT	O	O	O
et	et	CCONJ	O	O	O
ses	son	DET	O	O	O
nobles	noble	ADJ	O	O	O
découvertes	découverte	NOUN	O	O	O
ne	ne	ADV	O	O	O
tendaient	tendre	VERB	O	O	O
à	à	ADP	O	O	O
rien	rien	PRON	O	O	O
moins	moins	ADV	O	O	O
qu'	que	SCONJ	O	O	O
à	à	ADP	O	O	O
la	le	DET	O	O	O
régénération	régénération	NOUN	O	O	O
de	de	ADP	O	O	O
la	le	DET	O	O	O
peinture	peinture	NOUN	O	O	O
dans	dans	ADP	O	O	O
son	son	DET	O	O	O
glorieux	glorieux	ADJ	O	O	O
pays	pays	NOUN	O	O	O
.	.	PUNCT	O	O	O

Il	il	PRON	O	O	O
avait	avoir	AUX	O	O	O
,	,	PUNCT	O	O	O
en	en	ADP	O	O	O
effet	effet	NOUN	O	O	O
,	,	PUNCT	O	O	O
la	le	DET	O	O	O
prétention	prétention	NOUN	O	O	O
d'	de	ADP	O	O	O
avoir	avoir	AUX	O	O	O
inventé	inventer	VERB	O	O	O
des	un	DET	O	O	O
couleurs	couleur	NOUN	O	O	O
absolument	absolument	ADV	O	O	O
inaltérables	inaltérable	ADJ	O	O	O
,	,	PUNCT	O	O	O
comme	comme	SCONJ	O	O	O
les	le	DET	O	O	O
maîtres	maître	NOUN	O	O	O
anciens	ancien	ADJ	O	O	O
les	le	PRON	O	O	O
composaient	composer	VERB	O	O	O
et	et	CCONJ	O	O	O
les	le	PRON	O	O	O
broyaient	broyer	VERB	O	O	O
eux	lui	PRON	O	O	O
-	-	PRON	O	O	O
mêmes	même	PRON	O	O	O
,	,	PUNCT	O	O	O
suivant	suivre	VERB	O	O	O
des	un	DET	O	O	O
secrets	secret	NOUN	O	O	O
aujourd'hui	aujourd'hui	ADV	O	O	O
perdus	perdre	VERB	O	O	O
.	.	PUNCT	O	O	O

Au	au	ADP	O	O	O
moment	moment	NOUN	O	O	O
où	où	PRON	O	O	O
commence	commencer	VERB	O	O	O
l'	le	DET	O	O	O
aventure	aventure	NOUN	O	O	O
que	que	PRON	O	O	O
je	je	PRON	O	O	O
vous	vous	PRON	O	O	O
recommande	recommander	VERB	O	O	O
,	,	PUNCT	O	O	O
il	il	PRON	O	O	O
était	être	VERB	O	O	O
précisément	précisément	ADV	O	O	O
dans	dans	ADP	O	O	O
son	son	DET	O	O	O
laboratoire	laboratoire	NOUN	O	O	O
,	,	PUNCT	O	O	O
en	en	ADP	O	O	O
train	train	NOUN	O	O	O
de	de	ADP	O	O	O
mettre	mettre	VERB	O	O	O
la	le	DET	O	O	O
dernière	dernier	ADJ	O	O	O
main	main	NOUN	O	O	O
à	à	ADP	O	O	O
une	un	DET	O	O	O
terrine	terrine	NOUN	O	O	O
de	de	ADP	O	O	O
vert	vert	NOUN	O	O	O
,	,	PUNCT	O	O	O
mais	mais	CCONJ	O	O	O
d'	de	ADP	O	O	O
un	un	DET	O	O	O
vert	vert	NOUN	O	O	O
autrement	autrement	ADV	O	O	O
subtil	subtil	ADJ	O	O	O
,	,	PUNCT	O	O	O
pénétrant	pénétrant	ADJ	O	O	O
,	,	PUNCT	O	O	O
indélébile	indélébile	ADJ	O	O	O
et	et	CCONJ	O	O	O
inattaquable	inattaquable	ADJ	O	O	O
par	par	ADP	O	O	O
le	le	DET	O	O	O
temps	temps	NOUN	O	O	O
que	que	SCONJ	O	O	O
le	le	DET	O	O	O
Véronèse	véronèse	PROPN	O	O	O
.	.	PUNCT	O	O	O

Car	car	CCONJ	O	O	O
séchant	sécher	VERB	O	O	O
avec	avec	ADP	O	O	O
une	un	DET	O	O	O
rapidité	rapidité	NOUN	O	O	O
terrible	terrible	ADJ	O	O	O
,	,	PUNCT	O	O	O
il	il	PRON	O	O	O
était	être	AUX	O	O	O
impossible	impossible	ADJ	O	O	O
de	de	ADP	O	O	O
le	le	PRON	O	O	O
faire	faire	AUX	O	O	O
disparaître	disparaître	VERB	O	O	O
ensuite	ensuite	ADV	O	O	O
,	,	PUNCT	O	O	O
tant	tant	SCONJ	O	O	O
il	il	PRON	O	O	O
imprégnait	imprégner	VERB	O	O	O
le	le	DET	O	O	O
système	système	NOUN	O	O	O
moléculaire	moléculaire	ADJ	O	O	O
lui	luire	PRON	O	O	O
-	-	PRON	O	O	O
même	même	PRON	O	O	O
des	un	DET	O	O	O
surfaces	surface	NOUN	O	O	O
sur	sur	ADP	O	O	O
lesquelles	lequel	PRON	O	O	O
on	on	PRON	O	O	O
l'	le	PRON	O	O	O
étendait	étendre	VERB	O	O	O
.	.	PUNCT	O	O	O

Ce	ce	DET	O	O	O
vert	vert	NOUN	O	O	O
était	être	AUX	O	O	O
la	le	DET	O	O	O
vraie	vrai	ADJ	O	O	O
gloire	gloire	NOUN	O	O	O
du	de	ADP	O	O	O
savant	savant	ADJ	O	O	O
docteur	docteur	NOUN	O	O	O
Cornelius	cornelius	PROPN	O	O	O
Van	van	X	O	O	O
de	de	ADP	O	O	O
Mounisch	mounisch	PROPN	O	O	O
;	;	PUNCT	O	O	O

il	il	PRON	O	O	O
en	en	PRON	O	O	O
voulait	vouloir	VERB	O	O	O
tendre	tendre	VERB	O	O	O
le	le	DET	O	O	O
laurier	laurier	NOUN	O	O	O
dont	dont	PRON	O	O	O
son	son	DET	O	O	O
front	front	NOUN	O	O	O
serait	être	AUX	O	O	O
ceint	ceindre	VERB	O	O	O
dans	dans	ADP	O	O	O
l'	le	DET	O	O	O
immortalité	immortalité	NOUN	O	O	O
.	.	PUNCT	O	O	O

Quel	quel	DET	O	O	O
mémoire	mémoire	NOUN	O	O	O
il	il	PRON	O	O	O
allait	aller	VERB	O	O	O
soumettre	soumettre	VERB	O	O	O
aux	à	ADP	O	O	O
académies	académie	NOUN	O	O	O
!	!	PUNCT	O	O	O

Il	il	PRON	O	O	O
en	en	PRON	O	O	O
méditait	méditer	VERB	O	O	O
les	le	DET	O	O	O
premières	premier	ADJ	O	O	O
lignes	ligne	NOUN	O	O	O
,	,	PUNCT	O	O	O
tout	tout	ADV	O	O	O
en	en	ADP	O	O	O
continuant	continuer	VERB	O	O	O
à	à	ADP	O	O	O
tripoter	tripoter	VERB	O	O	O
avec	avec	ADP	O	O	O
une	un	DET	O	O	O
baguette	baguette	NOUN	O	O	O
sa	son	DET	O	O	O
nuance	nuance	NOUN	O	O	O
favorite	favori	ADJ	O	O	O
,	,	PUNCT	O	O	O
quand	quand	SCONJ	O	O	O
un	un	DET	O	O	O
bruit	bruit	NOUN	O	O	O
qui	qui	PRON	O	O	O
lui	luire	PRON	O	O	O
sembla	sembler	VERB	O	O	O
venir	venir	VERB	O	O	O
de	de	ADP	O	O	O
la	le	DET	O	O	O
chambre	chambre	NOUN	O	O	O
de	de	ADP	O	O	O
sa	son	DET	O	O	O
femme	femme	NOUN	O	O	O
détourna	détourner	VERB	O	O	O
,	,	PUNCT	O	O	O
malgré	malgré	ADP	O	O	O
lui	luire	PRON	O	O	O
,	,	PUNCT	O	O	O
son	son	DET	O	O	O
attention	attention	NOUN	O	O	O
.	.	PUNCT	O	O	O

Les	le	DET	O	O	O
deux	deux	NUM	O	O	O
pièces	pièce	NOUN	O	O	O
étaient	être	AUX	O	O	O
voisines	voisin	ADJ	O	O	O
,	,	PUNCT	O	O	O
en	en	ADP	O	O	O
effet	effet	NOUN	O	O	O
,	,	PUNCT	O	O	O
le	le	DET	O	O	O
docteur	docteur	NOUN	O	O	O
ayant	avoir	VERB	O	O	O
l'	le	DET	O	O	O
habitude	habitude	NOUN	O	O	O
de	de	ADP	O	O	O
sauter	sauter	VERB	O	O	O
quelquefois	quelquefois	ADV	O	O	O
du	de	ADP	O	O	O
lit	lit	NOUN	O	O	O
au	au	ADP	O	O	O
milieu	milieu	NOUN	O	O	O
de	de	ADP	O	O	O
la	le	DET	O	O	O
nuit	nuit	NOUN	O	O	O
,	,	PUNCT	O	O	O
pour	pour	ADP	O	O	O
courir	courir	VERB	O	O	O
à	à	ADP	O	O	O
ses	son	DET	O	O	O
cornues	cornue	NOUN	O	O	O
,	,	PUNCT	O	O	O
quand	quand	SCONJ	O	O	O
l'	le	DET	O	O	O
inspiration	inspiration	NOUN	O	O	O
lui	luire	PRON	O	O	O
venait	venir	VERB	O	O	O
,	,	PUNCT	O	O	O
quand	quand	SCONJ	O	O	O
le	le	DET	O	O	O
ecce	ecce	PROPN	O	O	O
,	,	PUNCT	O	O	O
ecce	ecce	PROPN	O	O	O
Deus	deus	PROPN	O	O	O
!	!	PUNCT	O	O	O
lui	luire	PRON	O	O	O
poussait	pousser	VERB	O	O	O
sa	son	DET	O	O	O
fanfare	fanfare	NOUN	O	O	O
au	au	ADP	O	O	O
cerveau	cerveau	NOUN	O	O	O
.	.	PUNCT	O	O	O

Le	le	DET	O	O	O
savant	savant	NOUN	O	O	O
prêta	prêter	VERB	O	O	O
l'	le	DET	O	O	O
oreille	oreille	NOUN	O	O	O
:	:	PUNCT	O	O	O
un	un	DET	O	O	O
second	second	ADJ	O	O	O
bruit	bruit	NOUN	O	O	O
pareil	pareil	ADJ	O	O	O
au	au	ADP	O	O	O
premier	premier	ADJ	O	O	O
retentit	retentir	VERB	O	O	O
:	:	PUNCT	O	O	O

—	—	PUNCT	O	O	O
Le	le	DET	O	O	O
diable	diable	NOUN	O	O	O
soit	être	AUX	O	O	O
de	de	ADP	O	O	O
moi	moi	PRON	O	O	O
si	si	SCONJ	O	O	O
ce	ce	PRON	O	O	O
ne	ne	ADV	O	O	O
sont	être	AUX	O	O	O
des	un	DET	O	O	O
baisers	baiser	NOUN	O	O	O
!	!	PUNCT	O	O	O

fit	faire	VERB	O	O	O
-	-	PRON	O	O	O
il	il	PRON	O	O	O
en	en	ADP	O	O	O
devenant	devenir	VERB	O	O	O
très	très	ADV	O	O	O
pâle	pâle	ADJ	O	O	O
.	.	PUNCT	O	O	O

Sa	son	DET	O	O	O
femme	femme	NOUN	O	O	O
le	le	PRON	O	O	O
croyait	croire	VERB	O	O	O
sorti	sortir	VERB	O	O	O
.	.	PUNCT	O	O	O

Que	que	PRON	O	O	O
se	se	PRON	O	O	O
passait	passer	VERB	O	O	O
-	-	PRON	O	O	O
il	il	PRON	O	O	O
donc	donc	ADV	O	O	O
?	?	PUNCT	O	O	O

Van	van	PROPN	O	O	O
de	de	ADP	O	O	O
Mounisch	mounisch	PROPN	O	O	O
n'	ne	ADV	O	O	O
était	être	AUX	O	O	O
pas	pas	ADV	O	O	O
de	de	ADP	O	O	O
ces	ce	DET	O	O	O
impétueux	impétueux	ADJ	O	O	O
qui	qui	PRON	O	O	O
se	se	PRON	O	O	O
ruent	ruer	VERB	O	O	O
aux	à	ADP	O	O	O
tueries	tuerie	NOUN	O	O	O
.	.	PUNCT	O	O	O

Il	il	PRON	O	O	O
s'	se	PRON	O	O	O
arma	armer	VERB	O	O	O
tout	tout	ADV	O	O	O
d'	de	ADP	O	O	O
abord	abord	ADV	O	O	O
d'	de	ADP	O	O	O
une	un	DET	O	O	O
canne	canne	NOUN	O	O	O
énorme	énorme	ADJ	O	O	O
et	et	CCONJ	O	O	O
essentiellement	essentiellement	ADV	O	O	O
défensive	défensif	ADJ	O	O	O
,	,	PUNCT	O	O	O
et	et	CCONJ	O	O	O
se	se	PRON	O	O	O
dirigea	diriger	VERB	O	O	O
vers	vers	ADP	O	O	O
la	le	DET	O	O	O
porte	porte	NOUN	O	O	O
en	en	ADP	O	O	O
faisant	faire	VERB	O	O	O
de	de	DET	O	O	O
tous	tout	ADJ	O	O	O
petits	petit	ADJ	O	O	O
pas	pas	NOUN	O	O	O
qui	qui	PRON	O	O	O
ne	ne	ADV	O	O	O
faisaient	faire	VERB	O	O	O
aucun	aucun	DET	O	O	O
bruit	bruit	NOUN	O	O	O
sur	sur	ADP	O	O	O
le	le	DET	O	O	O
plancher	plancher	NOUN	O	O	O
.	.	PUNCT	O	O	O

II	ii	PUNCT	O	O	O

—	—	PUNCT	O	O	O
Misérable	misérable	ADJ	O	O	O
!	!	PUNCT	O	O	O

La	le	DET	O	O	O
belle	bel	ADJ	O	O	O
madame	monsieur	NOUN	O	O	O
Van	van	X	O	O	O
de	de	ADP	O	O	O
Mounisch	mounisch	PROPN	O	O	O
se	se	PRON	O	O	O
tordait	tordre	VERB	O	O	O
les	le	DET	O	O	O
bras	bras	NOUN	O	O	O
,	,	PUNCT	O	O	O
à	à	ADP	O	O	O
demi	demi	NOUN	O	O	O
-	-	NOUN	O	O	O
nue	nu	ADJ	O	O	O
sur	sur	ADP	O	O	O
son	son	DET	O	O	O
lit	lit	NOUN	O	O	O
,	,	PUNCT	O	O	O
tandis	tandis	ADV	O	O	O
que	que	SCONJ	O	O	O
cette	ce	DET	O	O	O
exclamation	exclamation	NOUN	O	O	O
sonnait	sonner	VERB	O	O	O
à	à	ADP	O	O	O
briser	briser	VERB	O	O	O
les	le	DET	O	O	O
vitres	vitre	NOUN	O	O	O
.	.	PUNCT	O	O	O

Durant	durer	ADP	O	O	O
ce	ce	DET	O	O	O
temps	temps	NOUN	O	O	O
inappréciable	inappréciable	ADJ	O	O	O
aux	à	ADP	O	O	O
instruments	instrument	NOUN	O	O	O
les	le	DET	O	O	O
plus	plus	ADV	O	O	O
délicats	délicat	ADJ	O	O	O
,	,	PUNCT	O	O	O
un	un	DET	O	O	O
jeune	jeune	ADJ	O	O	O
homme	homme	NOUN	O	O	O
,	,	PUNCT	O	O	O
encore	encore	ADV	O	O	O
moins	moins	ADV	O	O	O
vêtu	vêtir	ADJ	O	O	O
qu'	que	SCONJ	O	O	O
elle	lui	PRON	O	O	O
,	,	PUNCT	O	O	O
se	se	PRON	O	O	O
sauvait	sauver	VERB	O	O	O
par	par	ADP	O	O	O
l'	le	DET	O	O	O
autre	autre	ADJ	O	O	O
porte	porte	NOUN	O	O	O
de	de	ADP	O	O	O
la	le	DET	O	O	O
chambre	chambre	NOUN	O	O	O
,	,	PUNCT	O	O	O
poursuivi	poursuivre	VERB	O	O	O
par	par	ADP	O	O	O
le	le	DET	O	O	O
gourdin	gourdin	NOUN	O	O	O
vengeur	vengeur	ADJ	O	O	O
du	de	ADP	O	O	O
savant	savant	NOUN	O	O	O
.	.	PUNCT	O	O	O

Il	il	PRON	O	O	O
traversait	traverser	VERB	O	O	O
le	le	DET	O	O	O
laboratoire	laboratoire	NOUN	O	O	O
,	,	PUNCT	O	O	O
s'	se	PRON	O	O	O
asseyait	asseoir	VERB	O	O	O
,	,	PUNCT	O	O	O
en	en	ADP	O	O	O
courant	courir	VERB	O	O	O
,	,	PUNCT	O	O	O
dans	dans	ADP	O	O	O
la	le	DET	O	O	O
fameuse	fameux	ADJ	O	O	O
ferraille	ferraille	NOUN	O	O	O
de	de	ADP	O	O	O
vert	vert	NOUN	O	O	O
,	,	PUNCT	O	O	O
se	se	PRON	O	O	O
relevait	relever	VERB	O	O	O
à	à	ADP	O	O	O
temps	temps	NOUN	O	O	O
et	et	CCONJ	O	O	O
sautait	sauter	VERB	O	O	O
par	par	ADP	O	O	O
la	le	DET	O	O	O
fenêtre	fenêtre	NOUN	O	O	O
,	,	PUNCT	O	O	O
avant	avant	ADP	O	O	O
que	que	SCONJ	O	O	O
son	son	DET	O	O	O
ennemi	ennemi	NOUN	O	O	O
ait	avoir	AUX	O	O	O
pu	pouvoir	VERB	O	O	O
rien	rien	PRON	O	O	O
voir	voir	VERB	O	O	O
autre	autre	ADJ	O	O	O
chose	chose	NOUN	O	O	O
que	que	SCONJ	O	O	O
son	son	DET	O	O	O
derrière	derrière	NOUN	O	O	O
,	,	PUNCT	O	O	O
ce	ce	PRON	O	O	O
qui	qui	PRON	O	O	O
ne	ne	ADV	O	O	O
constitue	constituer	VERB	O	O	O
pas	pas	ADV	O	O	O
le	le	DET	O	O	O
plus	plus	ADV	O	O	O
distinctif	distinctif	ADJ	O	O	O
des	de	ADP	O	O	O
signalements	signalement	NOUN	O	O	O
.	.	PUNCT	O	O	O

Désespérant	désespérer	VERB	O	O	O
de	de	ADP	O	O	O
le	le	PRON	O	O	O
rejoindre	rejoindre	VERB	O	O	O
,	,	PUNCT	O	O	O
le	le	DET	O	O	O
docteur	docteur	NOUN	O	O	O
rentra	rentrer	VERB	O	O	O
dans	dans	ADP	O	O	O
la	le	DET	O	O	O
chambre	chambre	NOUN	O	O	O
de	de	ADP	O	O	O
madame	monsieur	NOUN	O	O	O
Van	van	X	O	O	O
de	de	ADP	O	O	O
Mounisch	mounisch	PROPN	O	O	O
et	et	CCONJ	O	O	O
lui	luire	PRON	O	O	O
fit	faire	VERB	O	O	O
les	le	DET	O	O	O
plus	plus	ADV	O	O	O
véhémens	véhémen	ADJ	O	O	O
reproches	reproche	NOUN	O	O	O
.	.	PUNCT	O	O	O

Avait	avoir	VERB	O	O	O
-	-	PRON	O	O	O
elle	lui	PRON	O	O	O
réfléchi	réfléchir	VERB	O	O	O
à	à	ADP	O	O	O
l'	le	DET	O	O	O
énormité	énormité	NOUN	O	O	O
de	de	ADP	O	O	O
son	son	DET	O	O	O
crime	crime	NOUN	O	O	O
et	et	CCONJ	O	O	O
pensé	penser	VERB	O	O	O
à	à	ADP	O	O	O
l'	le	DET	O	O	O
homme	homme	NOUN	O	O	O
qu'	que	PRON	O	O	O
elle	lui	PRON	O	O	O
trompait	tromper	VERB	O	O	O
!	!	PUNCT	O	O	O

Et	et	CCONJ	O	O	O
,	,	PUNCT	O	O	O
comme	comme	SCONJ	O	O	O
elle	lui	PRON	O	O	O
pleurait	pleurer	VERB	O	O	O
beaucoup	beaucoup	ADV	O	O	O
en	en	ADP	O	O	O
protestant	protester	VERB	O	O	O
de	de	ADP	O	O	O
5	5	NUM	O	O	O
son	son	DET	O	O	O
innocence	innocence	NOUN	O	O	O
,	,	PUNCT	O	O	O
—	—	PUNCT	O	O	O
ce	ce	PRON	O	O	O
qui	qui	PRON	O	O	O
était	être	AUX	O	O	O
un	un	DET	O	O	O
comble	comble	NOUN	O	O	O
entre	entrer	ADP	O	O	O
nous	nous	PRON	O	O	O
,	,	PUNCT	O	O	O
—	—	PUNCT	O	O	O
son	son	DET	O	O	O
miséricordieux	miséricordieux	ADJ	O	O	O
mari	mari	NOUN	O	O	O
se	se	PRON	O	O	O
radoucit	radoucir	VERB	O	O	O
et	et	CCONJ	O	O	O
lui	luire	PRON	O	O	O
tint	tenir	VERB	O	O	O
ce	ce	DET	O	O	O
langage	langage	NOUN	O	O	O
:	:	PUNCT	O	O	O

—	—	PUNCT	O	O	O
Soit	soit	ADV	O	O	O
,	,	PUNCT	O	O	O
madame	monsieur	NOUN	O	O	O
,	,	PUNCT	O	O	O
je	je	PRON	O	O	O
ne	ne	ADV	O	O	O
vous	vous	PRON	O	O	O
ferai	faire	VERB	O	O	O
aucun	aucun	DET	O	O	O
mal	mal	NOUN	O	O	O
à	à	ADP	O	O	O
vous	vous	PRON	O	O	O
;	;	PUNCT	O	O	O
car	car	CCONJ	O	O	O
ce	ce	PRON	O	O	O
serait	être	VERB	O	O	O
en	en	PRON	O	O	O
faire	faire	VERB	O	O	O
à	à	ADP	O	O	O
moi	moi	PRON	O	O	O
-	-	PRON	O	O	O
même	même	PRON	O	O	O
qui	qui	PRON	O	O	O
vous	vous	PRON	O	O	O
aime	aimer	VERB	O	O	O
!	!	PUNCT	O	O	O

Mais	mais	CCONJ	O	O	O
vous	vous	PRON	O	O	O
m'	me	PRON	O	O	O
allez	aller	VERB	O	O	O
nommer	nommer	VERB	O	O	O
le	le	DET	O	O	O
galant	galant	NOUN	O	O	O
que	que	PRON	O	O	O
j'	je	PRON	O	O	O
ai	avoir	AUX	O	O	O
surpris	surprendre	VERB	O	O	O
dans	dans	ADP	O	O	O
vos	votre	DET	O	O	O
bras	bras	NOUN	O	O	O
,	,	PUNCT	O	O	O
et	et	CCONJ	O	O	O
celui	celui	PRON	O	O	O
-	-	PRON	O	O	O
là	là	NOUN	O	O	O
!	!	PUNCT	O	O	O

...	...	PUNCT	O	O	O
je	je	PRON	O	O	O
le	le	PRON	O	O	O
tuerai	tuer	VERB	O	O	O
.	.	PUNCT	O	O	O

Madame	monsieur	NOUN	O	O	O
Van	van	X	O	O	O
de	de	ADP	O	O	O
Mounisch	mounisch	PROPN	O	O	O
,	,	PUNCT	O	O	O
qui	qui	PRON	O	O	O
était	être	AUX	O	O	O
une	un	DET	O	O	O
honnête	honnête	ADJ	O	O	O
femme	femme	NOUN	O	O	O
,	,	PUNCT	O	O	O
refusa	refuser	VERB	O	O	O
net	net	ADJ	O	O	O
de	de	ADP	O	O	O
nommer	nommer	VERB	O	O	O
son	son	DET	O	O	O
complice	complice	NOUN	O	O	O
.	.	PUNCT	O	O	O

—	—	PUNCT	O	O	O
Bien	bien	ADV	O	O	O
,	,	PUNCT	O	O	O
madame	monsieur	NOUN	O	O	O
!	!	PUNCT	O	O	O

fit	faire	VERB	O	O	O
son	son	DET	O	O	O
époux	époux	NOUN	O	O	O
.	.	PUNCT	O	O	O

Mais	mais	CCONJ	O	O	O
je	je	PRON	O	O	O
vous	vous	PRON	O	O	O
jure	jurer	VERB	O	O	O
bien	bien	ADV	O	O	O
que	que	SCONJ	O	O	O
je	je	PRON	O	O	O
le	le	PRON	O	O	O
retrouverai	retrouver	VERB	O	O	O
.	.	PUNCT	O	O	O

Car	car	CCONJ	O	O	O
il	il	PRON	O	O	O
porte	porte	VERB	O	O	O
certainement	certainement	ADV	O	O	O
aux	à	ADP	O	O	O
fesses	fesse	NOUN	O	O	O
une	un	DET	O	O	O
tache	tache	NOUN	O	O	O
verte	vert	ADJ	O	O	O
qu'	que	PRON	O	O	O
il	il	PRON	O	O	O
n'	ne	ADV	O	O	O
en	en	PRON	O	O	O
pourra	pouvoir	VERB	O	O	O
jamais	jamais	ADV	O	O	O
faire	faire	AUX	O	O	O
disparaître	disparaître	VERB	O	O	O
,	,	PUNCT	O	O	O
et	et	CCONJ	O	O	O
quand	quand	SCONJ	O	O	O
je	je	PRON	O	O	O
devrais	devoir	VERB	O	O	O
déculotter	déculotter	VERB	O	O	O
la	le	DET	O	O	O
ville	ville	NOUN	O	O	O
tout	tout	ADV	O	O	O
entière	entier	ADJ	O	O	O
...	...	PUNCT	O	O	O

Madame	monsieur	NOUN	O	O	O
Van	van	X	O	O	O
de	de	ADP	O	O	O
Mounisch	mounisch	PROPN	O	O	O
se	se	PRON	O	O	O
mit	mettre	VERB	O	O	O
à	à	ADP	O	O	O
rire	rire	VERB	O	O	O
à	à	ADP	O	O	O
cette	ce	DET	O	O	O
pensée	pensée	NOUN	O	O	O
.	.	PUNCT	O	O	O

Cette	ce	DET	O	O	O
hilarité	hilarité	NOUN	O	O	O
inconvenante	inconvenant	ADJ	O	O	O
rendit	rendre	VERB	O	O	O
le	le	DET	O	O	O
docteur	docteur	NOUN	O	O	O
plus	plus	ADV	O	O	O
soucieux	soucieux	ADJ	O	O	O
encore	encore	ADV	O	O	O
.	.	PUNCT	O	O	O

C'	ce	PRON	O	O	O
est	être	AUX	O	O	O
un	un	DET	O	O	O
difficile	difficile	ADJ	O	O	O
travail	travail	NOUN	O	O	O
qu'	que	PRON	O	O	O
il	il	PRON	O	O	O
allait	aller	VERB	O	O	O
entreprendre	entreprendre	VERB	O	O	O
là	là	ADV	O	O	O
;	;	PUNCT	O	O	O

plus	plus	ADV	O	O	O
malaisé	malaiser	VERB	O	O	O
encore	encore	ADV	O	O	O
,	,	PUNCT	O	O	O
que	que	SCONJ	O	O	O
la	le	DET	O	O	O
recherche	recherche	NOUN	O	O	O
des	de	ADP	O	O	O
couleurs	couleur	NOUN	O	O	O
inaltérables	inaltérable	ADJ	O	O	O
.	.	PUNCT	O	O	O

Car	car	CCONJ	O	O	O
c'	ce	PRON	O	O	O
est	être	AUX	O	O	O
toujours	toujours	ADV	O	O	O
une	un	DET	O	O	O
chose	chose	NOUN	O	O	O
délicate	délicat	ADJ	O	O	O
que	que	SCONJ	O	O	O
de	de	ADP	O	O	O
demander	demander	VERB	O	O	O
à	à	ADP	O	O	O
un	un	DET	O	O	O
monsieur	monsieur	NOUN	O	O	O
qu'	que	PRON	O	O	O
on	on	PRON	O	O	O
ne	ne	ADV	O	O	O
connaît	connaître	VERB	O	O	O
d'	de	ADP	O	O	O
avoir	avoir	VERB	O	O	O
l'	le	DET	O	O	O
obligeance	obligeance	NOUN	O	O	O
de	de	ADP	O	O	O
vous	vous	PRON	O	O	O
montrer	montrer	VERB	O	O	O
son	son	DET	O	O	O
arrière	arrière	NOUN	O	O	O
-	-	NOUN	O	O	O
visage	visage	NOUN	O	O	O
,	,	PUNCT	O	O	O
ce	ce	PRON	O	O	O
que	que	PRON	O	O	O
les	le	DET	O	O	O
géographes	géographe	NOUN	O	O	O
appellent	appeler	VERB	O	O	O
la	le	DET	O	O	O
Rose	rose	PROPN	O	O	O
des	de	ADP	O	O	O
Vents	vent	NOUN	O	O	O
.	.	PUNCT	O	O	O

Quant	quant	ADV	O	O	O
à	à	ADP	O	O	O
employer	employer	VERB	O	O	O
la	le	DET	O	O	O
force	force	NOUN	O	O	O
,	,	PUNCT	O	O	O
il	il	PRON	O	O	O
n'	ne	ADV	O	O	O
y	y	PRON	O	O	O
fallait	falloir	VERB	O	O	O
pas	pas	ADV	O	O	O
songer	songer	VERB	O	O	O
.	.	PUNCT	O	O	O

Alors	alors	ADV	O	O	O
,	,	PUNCT	O	O	O
une	un	DET	O	O	O
vie	vie	NOUN	O	O	O
vraiment	vraiment	ADV	O	O	O
épouvantable	épouvantable	ADJ	O	O	O
commença	commencer	VERB	O	O	O
pour	pour	ADP	O	O	O
l'	le	DET	O	O	O
obstiné	obstiné	ADJ	O	O	O
savant	savant	NOUN	O	O	O
,	,	PUNCT	O	O	O
une	un	DET	O	O	O
vie	vie	NOUN	O	O	O
de	de	ADP	O	O	O
ruses	ruse	NOUN	O	O	O
et	et	CCONJ	O	O	O
d'	de	ADP	O	O	O
expédients	expédient	NOUN	O	O	O
qui	qui	PRON	O	O	O
eussent	avoir	AUX	O	O	O
fait	faire	VERB	O	O	O
honneur	honneur	NOUN	O	O	O
à	à	ADP	O	O	O
un	un	DET	O	O	O
cannibale	cannibale	NOUN	O	O	O
affamé	affamer	VERB	O	O	O
de	de	ADP	O	O	O
faux	faux	ADJ	O	O	O
-	-	NOUN	O	O	O
filet	filet	NOUN	O	O	O
humain	humain	ADJ	O	O	O
.	.	PUNCT	O	O	O

Il	il	PRON	O	O	O
se	se	PRON	O	O	O
cachait	cacher	VERB	O	O	O
pour	pour	ADP	O	O	O
scruter	scruter	VERB	O	O	O
tous	tout	ADJ	O	O	O
les	le	DET	O	O	O
endroits	endroit	NOUN	O	O	O
où	où	PRON	O	O	O
les	le	DET	O	O	O
hommes	homme	NOUN	O	O	O
ont	avoir	VERB	O	O	O
coutume	coutume	NOUN	O	O	O
de	de	ADP	O	O	O
se	se	PRON	O	O	O
dévêtir	dévêtir	VERB	O	O	O
partiellement	partiellement	ADV	O	O	O
,	,	PUNCT	O	O	O
regardant	regarder	VERB	O	O	O
traîtreusement	traîtreusement	ADV	O	O	O
par	par	ADP	O	O	O
de	de	DET	O	O	O
petites	petit	ADJ	O	O	O
fentes	fente	NOUN	O	O	O
et	et	CCONJ	O	O	O
de	de	DET	O	O	O
petits	petit	ADJ	O	O	O
trous	trou	NOUN	O	O	O
.	.	PUNCT	O	O	O

En	en	ADP	O	O	O
été	été	NOUN	O	O	O
,	,	PUNCT	O	O	O
il	il	PRON	O	O	O
ne	ne	ADV	O	O	O
quitta	quitter	VERB	O	O	O
pas	pas	ADV	O	O	O
un	un	DET	O	O	O
seul	seul	ADJ	O	O	O
jour	jour	NOUN	O	O	O
les	le	DET	O	O	O
bains	bain	NOUN	O	O	O
froids	froid	ADJ	O	O	O
.	.	PUNCT	O	O	O

Un	un	DET	O	O	O
Hammam	hammam	PROPN	O	O	O
s'	se	PRON	O	O	O
é	er	VERB	O	O	O
-	-	PRON	O	O	O
 	 	SPACE	O	O	O
tant	tant	ADV	O	O	O
installé	installer	VERB	O	O	O
dans	dans	ADP	O	O	O
la	le	DET	O	O	O
ville	ville	NOUN	O	O	O
,	,	PUNCT	O	O	O
il	il	PRON	O	O	O
postula	postuler	VERB	O	O	O
,	,	PUNCT	O	O	O
en	en	ADP	O	O	O
hiver	hiver	NOUN	O	O	O
,	,	PUNCT	O	O	O
la	le	DET	O	O	O
situation	situation	NOUN	O	O	O
infime	infime	ADJ	O	O	O
cependant	cependant	ADV	O	O	O
de	de	ADP	O	O	O
masseur	masseur	NOUN	O	O	O
.	.	PUNCT	O	O	O

Il	il	PRON	O	O	O
lui	luire	PRON	O	O	O
arrivait	arriver	VERB	O	O	O
également	également	ADV	O	O	O
de	de	ADP	O	O	O
s'	se	PRON	O	O	O
offrir	offrir	VERB	O	O	O
comme	comme	ADP	O	O	O
aide	aide	NOUN	O	O	O
aux	à	ADP	O	O	O
apothicaires	apothicaire	NOUN	O	O	O
qui	qui	PRON	O	O	O
,	,	PUNCT	O	O	O
dans	dans	ADP	O	O	O
ce	ce	DET	O	O	O
temps	temps	NOUN	O	O	O
-	-	NOUN	O	O	O
là	là	NOUN	O	O	O
,	,	PUNCT	O	O	O
en	en	ADP	O	O	O
Hollande	hollande	PROPN	O	O	O
,	,	PUNCT	O	O	O
pratiquaient	pratiquer	VERB	O	O	O
encore	encore	ADV	O	O	O
eux	lui	PRON	O	O	O
-	-	PRON	O	O	O
mêmes	même	PRON	O	O	O
.	.	PUNCT	O	O	O

Ce	ce	PRON	O	O	O
qu'	que	SCONJ	O	O	O
il	il	PRON	O	O	O
en	en	PRON	O	O	O
vit	voir	VERB	O	O	O
de	de	ADP	O	O	O
toutes	tout	ADJ	O	O	O
les	le	DET	O	O	O
couleurs	couleur	NOUN	O	O	O
,	,	PUNCT	O	O	O
de	de	ADP	O	O	O
toutes	tout	ADJ	O	O	O
les	le	DET	O	O	O
formes	forme	NOUN	O	O	O
,	,	PUNCT	O	O	O
d'	de	ADP	O	O	O
ascétiques	ascétique	NOUN	O	O	O
et	et	CCONJ	O	O	O
de	de	ADP	O	O	O
joufflus	joufflu	NOUN	O	O	O
!	!	PUNCT	O	O	O

...	...	PUNCT	O	O	O
Mire	mire	VERB	O	O	O
dans	dans	ADP	O	O	O
tes	ton	DET	O	O	O
yeux	oeil	NOUN	O	O	O
mes	mon	DET	O	O	O
yeux	oeil	NOUN	O	O	O
!	!	PUNCT	O	O	O

...	...	PUNCT	O	O	O
eût	avoir	AUX	O	O	O
-	-	PRON	O	O	O
il	il	PRON	O	O	O
pu	pouvoir	VERB	O	O	O
chanter	chanter	VERB	O	O	O
comme	comme	ADP	O	O	O
dans	dans	ADP	O	O	O
la	le	DET	O	O	O
vieille	vieux	ADJ	O	O	O
romance	romance	NOUN	O	O	O
,	,	PUNCT	O	O	O

Mais	mais	CCONJ	O	O	O
sur	sur	ADP	O	O	O
aucun	aucun	PRON	O	O	O
,	,	PUNCT	O	O	O
la	le	DET	O	O	O
fameuse	fameux	ADJ	O	O	O
tache	tache	NOUN	O	O	O
verte	vert	ADJ	O	O	O
,	,	PUNCT	O	O	O
le	le	DET	O	O	O
stigmate	stigmate	NOUN	O	O	O
révélateur	révélateur	ADJ	O	O	O
...	...	PUNCT	O	O	O

Où	où	ADV	O	O	O
donc	donc	ADV	O	O	O
le	le	DET	O	O	O
lâche	lâche	NOUN	O	O	O
avait	avoir	AUX	O	O	O
-	-	PRON	O	O	O
il	il	PRON	O	O	O
fui	fuir	VERB	O	O	O
?	?	PUNCT	O	O	O

M.	m.	NOUN	O	O	O
Van	van	X	O	O	O
de	de	ADP	O	O	O
Mounisch	mounisch	PROPN	O	O	O
dépérissait	dépérir	VERB	O	O	O
à	à	ADP	O	O	O
vue	vue	NOUN	O	O	O
d'	de	ADP	O	O	O
oeil	oeil	NOUN	O	O	O
,	,	PUNCT	O	O	O
mais	mais	CCONJ	O	O	O
sans	sans	ADP	O	O	O
renoncer	renoncer	VERB	O	O	O
à	à	ADP	O	O	O
son	son	DET	O	O	O
dessein	dessein	NOUN	O	O	O
.	.	PUNCT	O	O	O

III	iii	PUNCT	O	O	O

Il	il	PRON	O	O	O
eut	avoir	VERB	O	O	O
une	un	DET	O	O	O
fausse	faux	ADJ	O	O	O
joie	joie	NOUN	O	O	O
.	.	PUNCT	O	O	O

L'	le	DET	O	O	O
Allemagne	allemagne	PROPN	O	O	O
ayant	avoir	AUX	O	O	O
,	,	PUNCT	O	O	O
dès	dès	ADP	O	O	O
ce	ce	DET	O	O	O
temps	temps	NOUN	O	O	O
-	-	NOUN	O	O	O
là	là	NOUN	O	O	O
,	,	PUNCT	O	O	O
l'	le	DET	O	O	O
habitude	habitude	NOUN	O	O	O
d'	de	ADP	O	O	O
inquiéter	inquiéter	VERB	O	O	O
ceux	celui	PRON	O	O	O
-	-	PRON	O	O	O
ci	ci	PRON	O	O	O
ou	ou	CCONJ	O	O	O
ceux	celui	PRON	O	O	O
-	-	PRON	O	O	O
là	là	PRON	O	O	O
,	,	PUNCT	O	O	O
des	un	DET	O	O	O
rumeurs	rumeur	NOUN	O	O	O
d'	de	ADP	O	O	O
invasion	invasion	NOUN	O	O	O
traversèrent	traverser	VERB	O	O	O
le	le	DET	O	O	O
pays	pays	NOUN	O	O	O
.	.	PUNCT	O	O	O

On	on	PRON	O	O	O
médita	méditer	VERB	O	O	O
une	un	DET	O	O	O
levée	levée	NOUN	O	O	O
en	en	ADP	O	O	O
masse	masse	NOUN	O	O	O
de	de	ADP	O	O	O
tous	tout	ADJ	O	O	O
les	le	DET	O	O	O
hommes	homme	NOUN	O	O	O
valides	valide	ADJ	O	O	O
.	.	PUNCT	O	O	O

—	—	PUNCT	O	O	O
Quelle	quel	DET	O	O	O
chance	chance	NOUN	O	O	O
!	!	PUNCT	O	O	O

s'	se	PRON	O	O	O
écria	écrier	VERB	O	O	O
Van	van	PRON	O	O	O
de	de	ADP	O	O	O
Mounisch	mounisch	PROPN	O	O	O
,	,	PUNCT	O	O	O
qui	qui	PRON	O	O	O
était	être	AUX	O	O	O
exempté	exempter	VERB	O	O	O
comme	comme	ADP	O	O	O
myope	myope	NOUN	O	O	O
,	,	PUNCT	O	O	O
j'	je	PRON	O	O	O
assisterai	assister	VERB	O	O	O
à	à	ADP	O	O	O
tous	tout	ADJ	O	O	O
les	le	DET	O	O	O
conseils	conseil	NOUN	O	O	O
de	de	ADP	O	O	O
revision	revision	NOUN	O	O	O
.	.	PUNCT	O	O	O

Ils	il	PRON	O	O	O
défileront	défiler	VERB	O	O	O
là	là	ADV	O	O	O
tous	tout	ADJ	O	O	O
sous	sou	ADP	O	O	O
mes	mon	DET	O	O	O
yeux	oeil	NOUN	O	O	O
!	!	PUNCT	O	O	O

Impossible	impossible	ADJ	O	O	O
à	à	ADP	O	O	O
celui	celui	PRON	O	O	O
qui	qui	PRON	O	O	O
porte	porte	VERB	O	O	O
la	le	DET	O	O	O
tache	tache	NOUN	O	O	O
verte	vert	ADJ	O	O	O
de	de	ADP	O	O	O
m'	me	PRON	O	O	O
échapper	échapper	VERB	O	O	O
!	!	PUNCT	O	O	O

Je	je	PRON	O	O	O
connaîtrai	connaître	VERB	O	O	O
donc	donc	ADV	O	O	O
enfin	enfin	ADV	O	O	O
le	le	DET	O	O	O
bourreau	bourreau	NOUN	O	O	O
de	de	ADP	O	O	O
mon	mon	DET	O	O	O
honneur	honneur	NOUN	O	O	O
et	et	CCONJ	O	O	O
je	je	PRON	O	O	O
le	le	PRON	O	O	O
pourrai	pouvoir	VERB	O	O	O
châtier	châtier	VERB	O	O	O
!	!	PUNCT	O	O	O

Il	il	PRON	O	O	O
se	se	PRON	O	O	O
fit	faire	VERB	O	O	O
,	,	PUNCT	O	O	O
en	en	ADP	O	O	O
effet	effet	NOUN	O	O	O
,	,	PUNCT	O	O	O
nommer	nommer	VERB	O	O	O
,	,	PUNCT	O	O	O
comme	comme	ADP	O	O	O
savant	savant	NOUN	O	O	O
,	,	PUNCT	O	O	O
de	de	ADP	O	O	O
la	le	DET	O	O	O
commission	commission	NOUN	O	O	O
supérieure	supérieur	ADJ	O	O	O
chargée	charger	VERB	O	O	O
de	de	ADP	O	O	O
visiter	visiter	VERB	O	O	O
tous	tout	ADJ	O	O	O
les	le	DET	O	O	O
citoyens	citoyen	NOUN	O	O	O
en	en	ADP	O	O	O
état	état	NOUN	O	O	O
de	de	ADP	O	O	O
porter	porter	VERB	O	O	O
les	le	DET	O	O	O
armes	arme	NOUN	O	O	O
.	.	PUNCT	O	O	O

Cette	ce	DET	O	O	O
longue	long	ADJ	O	O	O
opération	opération	NOUN	O	O	O
excita	exciter	VERB	O	O	O
,	,	PUNCT	O	O	O
parmi	parmi	ADP	O	O	O
les	le	DET	O	O	O
membres	membre	NOUN	O	O	O
de	de	ADP	O	O	O
ladite	ledit	DET	O	O	O
commission	commission	NOUN	O	O	O
,	,	PUNCT	O	O	O
un	un	DET	O	O	O
patriotisme	patriotisme	NOUN	O	O	O
considérable	considérable	ADJ	O	O	O
.	.	PUNCT	O	O	O

—	—	PUNCT	O	O	O
Nous	nous	PRON	O	O	O
avons	avoir	VERB	O	O	O
là	là	ADV	O	O	O
une	un	DET	O	O	O
splendide	splendide	ADJ	O	O	O
artillerie	artillerie	NOUN	O	O	O
!	!	PUNCT	O	O	O

fit	faire	VERB	O	O	O
tout	tout	ADV	O	O	O
haut	haut	ADJ	O	O	O
le	le	DET	O	O	O
général	général	NOUN	O	O	O
Van	van	X	O	O	O
de	de	ADP	O	O	O
Vesse	vesse	PROPN	O	O	O
en	en	ADP	O	O	O
inspectant	inspecter	VERB	O	O	O
par	par	ADP	O	O	O
derrière	derrière	ADP	O	O	O
le	le	DET	O	O	O
premier	premier	ADJ	O	O	O
rang	rang	NOUN	O	O	O
.	.	PUNCT	O	O	O

L'	le	DET	O	O	O
émotion	émotion	NOUN	O	O	O
causée	causer	VERB	O	O	O
par	par	ADP	O	O	O
cette	ce	DET	O	O	O
chaleureuse	chaleureux	ADJ	O	O	O
parole	parole	NOUN	O	O	O
fut	être	AUX	O	O	O
telle	tel	ADJ	O	O	O
qu'	que	SCONJ	O	O	O
on	on	PRON	O	O	O
crut	croire	VERB	O	O	O
entendre	entendre	VERB	O	O	O
un	un	DET	O	O	O
vague	vague	ADJ	O	O	O
roulement	roulement	NOUN	O	O	O
de	de	ADP	O	O	O
canon	canon	NOUN	O	O	O
dans	dans	ADP	O	O	O
l'	le	DET	O	O	O
espace	espace	NOUN	O	O	O
.	.	PUNCT	O	O	O

Van	van	PROPN	O	O	O
de	de	ADP	O	O	O
Mounisch	mounisch	PROPN	O	O	O
avait	avoir	AUX	O	O	O
surmonté	surmonter	VERB	O	O	O
ses	son	DET	O	O	O
lunettes	lunette	NOUN	O	O	O
d'	de	ADP	O	O	O
un	un	DET	O	O	O
binocle	binocle	NOUN	O	O	O
pour	pour	ADP	O	O	O
s'	se	PRON	O	O	O
affiner	affiner	VERB	O	O	O
encore	encore	ADV	O	O	O
la	le	DET	O	O	O
vue	vue	NOUN	O	O	O
.	.	PUNCT	O	O	O

Il	il	PRON	O	O	O
mangeait	manger	VERB	O	O	O
des	de	ADP	O	O	O
yeux	oeil	NOUN	O	O	O
cette	ce	DET	O	O	O
batterie	batterie	NOUN	O	O	O
humaine	humain	ADJ	O	O	O
.	.	PUNCT	O	O	O

Mais	mais	CCONJ	O	O	O
rien	rien	PRON	O	O	O
!	!	PUNCT	O	O	O

toujours	toujours	ADV	O	O	O
rien	rien	PRON	O	O	O
!	!	PUNCT	O	O	O

la	le	DET	O	O	O
fatale	fatal	ADJ	O	O	O
tache	tache	NOUN	O	O	O
verte	vert	ADJ	O	O	O
n'	ne	ADV	O	O	O
apparaissait	apparaître	VERB	O	O	O
nulle	nul	DET	O	O	O
part	part	NOUN	O	O	O
.	.	PUNCT	O	O	O

Quand	quand	SCONJ	O	O	O
le	le	DET	O	O	O
recensement	recensement	NOUN	O	O	O
des	de	ADP	O	O	O
troupes	troupe	NOUN	O	O	O
fut	être	AUX	O	O	O
achevé	achever	VERB	O	O	O
,	,	PUNCT	O	O	O
il	il	PRON	O	O	O
ne	ne	ADV	O	O	O
put	pouvoir	VERB	O	O	O
s'	se	PRON	O	O	O
empêcher	empêcher	VERB	O	O	O
de	de	ADP	O	O	O
penser	penser	VERB	O	O	O
que	que	SCONJ	O	O	O
l'	le	DET	O	O	O
infâme	infâme	PRON	O	O	O
était	être	AUX	O	O	O
certainement	certainement	ADV	O	O	O
un	un	DET	O	O	O
étranger	étranger	NOUN	O	O	O
ou	ou	CCONJ	O	O	O
un	un	DET	O	O	O
déserteur	déserteur	NOUN	O	O	O
qui	qui	PRON	O	O	O
avait	avoir	AUX	O	O	O
quitté	quitter	VERB	O	O	O
sa	son	DET	O	O	O
patrie	patrie	NOUN	O	O	O
.	.	PUNCT	O	O	O

Une	un	DET	O	O	O
série	série	NOUN	O	O	O
de	de	ADP	O	O	O
méditations	méditation	NOUN	O	O	O
profondes	profond	ADJ	O	O	O
l'	le	PRON	O	O	O
amena	amener	VERB	O	O	O
à	à	ADP	O	O	O
préjuger	préjuger	VERB	O	O	O
que	que	SCONJ	O	O	O
c'	ce	PRON	O	O	O
était	être	AUX	O	O	O
en	en	ADP	O	O	O
France	france	PROPN	O	O	O
qu'	que	PRON	O	O	O
avait	avoir	AUX	O	O	O
dû	devoir	VERB	O	O	O
naître	naître	VERB	O	O	O
ou	ou	CCONJ	O	O	O
se	se	PRON	O	O	O
réfugier	réfugier	VERB	O	O	O
le	le	DET	O	O	O
misérable	misérable	NOUN	O	O	O
dont	dont	PRON	O	O	O
il	il	PRON	O	O	O
avait	avoir	AUX	O	O	O
juré	jurer	VERB	O	O	O
la	le	DET	O	O	O
mort	mort	NOUN	O	O	O
.	.	PUNCT	O	O	O

Ah	ah	INTJ	O	O	O
!	!	PUNCT	O	O	O
nous	nous	PRON	O	O	O
avons	avoir	VERB	O	O	O
cette	ce	DET	O	O	O
réputation	réputation	NOUN	O	O	O
d'	de	ADP	O	O	O
être	être	AUX	O	O	O
particulièrement	particulièrement	ADV	O	O	O
hospitaliers	hospitalier	ADJ	O	O	O
aux	à	ADP	O	O	O
amoureux	amoureux	NOUN	O	O	O
que	que	PRON	O	O	O
traquent	traquer	VERB	O	O	O
les	le	DET	O	O	O
maris	mari	NOUN	O	O	O
.	.	PUNCT	O	O	O

C'	ce	PRON	O	O	O
est	être	AUX	O	O	O
la	le	DET	O	O	O
morale	morale	NOUN	O	O	O
gaie	gai	ADJ	O	O	O
de	de	ADP	O	O	O
notre	notre	DET	O	O	O
pays	pays	NOUN	O	O	O
qui	qui	PRON	O	O	O
nous	nous	PRON	O	O	O
vaut	valoir	VERB	O	O	O
cela	celer	PRON	O	O	O
et	et	CCONJ	O	O	O
aussi	aussi	ADV	O	O	O
son	son	DET	O	O	O
ciel	ciel	NOUN	O	O	O
plein	plein	ADJ	O	O	O
de	de	ADP	O	O	O
soleil	soleil	NOUN	O	O	O
.	.	PUNCT	O	O	O

M.	m.	NOUN	O	O	O
Van	van	X	O	O	O
de	de	ADP	O	O	O
Mounisch	mounisch	PROPN	O	O	O
était	être	AUX	O	O	O
un	un	PRON	O	O	O
de	de	ADP	O	O	O
ces	ce	DET	O	O	O
héros	héros	NOUN	O	O	O
que	que	PRON	O	O	O
rien	rien	PRON	O	O	O
ne	ne	ADV	O	O	O
rebute	rebuter	VERB	O	O	O
.	.	PUNCT	O	O	O

Il	il	PRON	O	O	O
embrassa	embrasser	VERB	O	O	O
sa	son	DET	O	O	O
femme	femme	NOUN	O	O	O
à	à	ADP	O	O	O
qui	qui	PRON	O	O	O
il	il	PRON	O	O	O
avait	avoir	AUX	O	O	O
continué	continuer	VERB	O	O	O
à	à	ADP	O	O	O
pardonner	pardonner	VERB	O	O	O
et	et	CCONJ	O	O	O
nous	nous	PRON	O	O	O
le	le	PRON	O	O	O
retrouverons	retrouver	VERB	O	O	O
tout	tout	ADV	O	O	O
à	à	ADP	O	O	O
l'	le	DET	O	O	O
heure	heure	NOUN	O	O	O
dans	dans	ADP	O	O	O
les	le	DET	O	O	O
environs	environ	NOUN	O	O	O
de	de	ADP	O	O	O
Paris	paris	PROPN	O	O	O
,	,	PUNCT	O	O	O
dans	dans	ADP	O	O	O
un	un	PRON	O	O	O
de	de	ADP	O	O	O
ces	ce	DET	O	O	O
sites	site	NOUN	O	O	O
charmants	charmant	ADJ	O	O	O
de	de	ADP	O	O	O
l'	le	DET	O	O	O
extrême	extrême	ADJ	O	O	O
banlieue	banlieue	NOUN	O	O	O
où	où	PRON	O	O	O
la	le	DET	O	O	O
Seine	seine	PROPN	O	O	O
promène	promener	VERB	O	O	O
ses	son	DET	O	O	O
eaux	eau	NOUN	O	O	O
et	et	CCONJ	O	O	O
où	où	PRON	O	O	O
madame	monsieur	NOUN	O	O	O
Deshoulières	deshoulières	PROPN	O	O	O
rêvait	rêver	VERB	O	O	O
d'	de	ADP	O	O	O
amener	amener	VERB	O	O	O
ses	son	DET	O	O	O
moutons	mouton	NOUN	O	O	O
.	.	PUNCT	O	O	O

Lui	luire	PRON	O	O	O
,	,	PUNCT	O	O	O
Van	van	PRON	O	O	O
de	de	ADP	O	O	O
Mounisch	mounisch	PROPN	O	O	O
,	,	PUNCT	O	O	O
qu'	que	PRON	O	O	O
y	y	PRON	O	O	O
venait	venir	VERB	O	O	O
-	-	PRON	O	O	O
il	il	PRON	O	O	O
chercher	chercher	VERB	O	O	O
?	?	PUNCT	O	O	O

—	—	PUNCT	O	O	O
Toujours	toujours	ADV	O	O	O
la	le	DET	O	O	O
tache	tache	NOUN	O	O	O
verte	vert	ADJ	O	O	O
!	!	PUNCT	O	O	O

IV	iv	NUM	O	O	O

Un	un	DET	O	O	O
coin	coin	NOUN	O	O	O
de	de	ADP	O	O	O
la	le	DET	O	O	O
rivière	rivière	NOUN	O	O	O
sous	sou	ADP	O	O	O
une	un	DET	O	O	O
saulaie	saulaie	NOUN	O	O	O
presque	presque	ADV	O	O	O
mystérieuse	mystérieux	ADJ	O	O	O
,	,	PUNCT	O	O	O
tout	tout	ADV	O	O	O
près	près	ADV	O	O	O
cependant	cependant	ADV	O	O	O
d'	de	ADP	O	O	O
un	un	DET	O	O	O
village	village	NOUN	O	O	O
bruyant	bruyant	ADJ	O	O	O
dont	dont	PRON	O	O	O
on	on	PRON	O	O	O
entend	entendre	VERB	O	O	O
les	le	DET	O	O	O
chansons	chanson	NOUN	O	O	O
et	et	CCONJ	O	O	O
les	le	DET	O	O	O
rires	rire	NOUN	O	O	O
.	.	PUNCT	O	O	O

Deux	deux	NUM	O	O	O
soldats	soldat	NOUN	O	O	O
ont	avoir	AUX	O	O	O
mis	mettre	VERB	O	O	O
habit	habit	NOUN	O	O	O
bas	bas	NOUN	O	O	O
pour	pour	ADP	O	O	O
se	se	PRON	O	O	O
baigner	baigner	VERB	O	O	O
,	,	PUNCT	O	O	O
et	et	CCONJ	O	O	O
l'	le	DET	O	O	O
un	un	PRON	O	O	O
d'	de	ADP	O	O	O
eux	lui	PRON	O	O	O
est	être	AUX	O	O	O
assis	asseoir	VERB	O	O	O
sur	sur	ADP	O	O	O
un	un	DET	O	O	O
banc	banc	NOUN	O	O	O
,	,	PUNCT	O	O	O
dans	dans	ADP	O	O	O
le	le	DET	O	O	O
costume	costume	NOUN	O	O	O
traditionnel	traditionnel	ADJ	O	O	O
d'	de	ADP	O	O	O
Adam	adam	PROPN	O	O	O
,	,	PUNCT	O	O	O
tandis	tandis	ADV	O	O	O
que	que	SCONJ	O	O	O
l'	le	DET	O	O	O
autre	autre	PRON	O	O	O
est	être	AUX	O	O	O
étendu	étendre	VERB	O	O	O
sur	sur	ADP	O	O	O
l'	le	DET	O	O	O
herbe	herbe	NOUN	O	O	O
et	et	CCONJ	O	O	O
taille	taille	VERB	O	O	O
des	de	ADP	O	O	O
baguettes	baguette	NOUN	O	O	O
,	,	PUNCT	O	O	O
comme	comme	SCONJ	O	O	O
fait	faire	VERB	O	O	O
tout	tout	DET	O	O	O
bon	bon	ADJ	O	O	O
militaire	militaire	NOUN	O	O	O
dans	dans	ADP	O	O	O
les	le	DET	O	O	O
bois	bois	NOUN	O	O	O
.	.	PUNCT	O	O	O

Quel	quel	DET	O	O	O
hasard	hasard	NOUN	O	O	O
malheureux	malheureux	ADJ	O	O	O
amène	amener	VERB	O	O	O
ici	ici	ADV	O	O	O
Van	van	PROPN	O	O	O
de	de	ADP	O	O	O
Mounisch	mounisch	PROPN	O	O	O
,	,	PUNCT	O	O	O
toujours	toujours	ADV	O	O	O
à	à	ADP	O	O	O
sa	son	DET	O	O	O
méditation	méditation	NOUN	O	O	O
désespérée	désespéré	ADJ	O	O	O
?	?	PUNCT	O	O	O

En	en	ADP	O	O	O
entendant	entendre	VERB	O	O	O
ses	son	DET	O	O	O
pas	pas	NOUN	O	O	O
,	,	PUNCT	O	O	O
le	le	DET	O	O	O
troupier	troupier	NOUN	O	O	O
qui	qui	PRON	O	O	O
était	être	AUX	O	O	O
assis	asseoir	VERB	O	O	O
sur	sur	ADP	O	O	O
le	le	DET	O	O	O
banc	banc	NOUN	O	O	O
et	et	CCONJ	O	O	O
qui	qui	PRON	O	O	O
lui	luire	PRON	O	O	O
tournait	tourner	VERB	O	O	O
le	le	DET	O	O	O
dos	dos	NOUN	O	O	O
se	se	PRON	O	O	O
lève	lever	VERB	O	O	O
.	.	PUNCT	O	O	O

Jour	jour	NOUN	O	O	O
de	de	ADP	O	O	O
Dieu	dieu	PROPN	O	O	O
!	!	PUNCT	O	O	O

Il	il	PRON	O	O	O
avait	avoir	VERB	O	O	O
une	un	DET	O	O	O
tache	tache	NOUN	O	O	O
de	de	ADP	O	O	O
vert	vert	NOUN	O	O	O
magnifique	magnifique	ADJ	O	O	O
à	à	ADP	O	O	O
l'	le	DET	O	O	O
opposé	opposé	NOUN	O	O	O
de	de	ADP	O	O	O
la	le	DET	O	O	O
face	face	NOUN	O	O	O
.	.	PUNCT	O	O	O

Van	van	PROPN	O	O	O
de	de	ADP	O	O	O
Mounisch	mounisch	PROPN	O	O	O
n'	ne	ADV	O	O	O
hésite	hésiter	VERB	O	O	O
pas	pas	ADV	O	O	O
.	.	PUNCT	O	O	O

Il	il	PRON	O	O	O
a	avoir	VERB	O	O	O
toujours	toujours	ADV	O	O	O
à	à	ADP	O	O	O
la	le	DET	O	O	O
main	main	NOUN	O	O	O
la	le	DET	O	O	O
fameuse	fameux	ADJ	O	O	O
canne	canne	NOUN	O	O	O
dont	dont	PRON	O	O	O
l'	le	DET	O	O	O
extrémité	extrémité	NOUN	O	O	O
est	être	AUX	O	O	O
une	un	DET	O	O	O
petite	petit	ADJ	O	O	O
balle	balle	NOUN	O	O	O
de	de	ADP	O	O	O
plomb	plomb	NOUN	O	O	O
.	.	PUNCT	O	O	O

A	à	ADP	O	O	O
l'	le	DET	O	O	O
improviste	improviste	NOUN	O	O	O
,	,	PUNCT	O	O	O
traîtreusement	traîtreusement	ADV	O	O	O
,	,	PUNCT	O	O	O
il	il	PRON	O	O	O
l'	le	PRON	O	O	O
abat	abattre	VERB	O	O	O
sur	sur	ADP	O	O	O
la	le	DET	O	O	O
tête	tête	NOUN	O	O	O
du	de	ADP	O	O	O
malheureux	malheureux	PRON	O	O	O
qui	qui	PRON	O	O	O
tombe	tombe	VERB	O	O	O
sans	sans	ADP	O	O	O
pousser	pousser	VERB	O	O	O
un	un	DET	O	O	O
cri	cri	NOUN	O	O	O
.	.	PUNCT	O	O	O

Le	le	DET	O	O	O
premier	premier	ADJ	O	O	O
coup	coup	NOUN	O	O	O
l'	le	PRON	O	O	O
avait	avoir	AUX	O	O	O
assommé	assommer	VERB	O	O	O
.	.	PUNCT	O	O	O

Son	son	DET	O	O	O
camarade	camarade	NOUN	O	O	O
ne	ne	ADV	O	O	O
put	pouvoir	VERB	O	O	O
que	que	ADV	O	O	O
sauter	sauter	VERB	O	O	O
sur	sur	ADP	O	O	O
le	le	DET	O	O	O
meurtrier	meurtrier	NOUN	O	O	O
,	,	PUNCT	O	O	O
qui	qui	PRON	O	O	O
ne	ne	ADV	O	O	O
daigna	daigner	VERB	O	O	O
faire	faire	VERB	O	O	O
aucune	aucun	DET	O	O	O
résistance	résistance	NOUN	O	O	O
.	.	PUNCT	O	O	O

—	—	PUNCT	O	O	O
Il	il	PRON	O	O	O
avait	avoir	VERB	O	O	O
la	le	DET	O	O	O
tache	tache	NOUN	O	O	O
verte	vert	ADJ	O	O	O
au	au	ADP	O	O	O
derrière	derrière	NOUN	O	O	O
,	,	PUNCT	O	O	O
se	se	PRON	O	O	O
contente	content	VERB	O	O	O
-	-	PRON	O	O	O
t	t	PRON	O	O	O
-	-	PRON	O	O	O
il	il	PRON	O	O	O
de	de	ADP	O	O	O
répondre	répondre	VERB	O	O	O
au	au	ADP	O	O	O
garde	garde	NOUN	O	O	O
champêtre	champêtre	ADJ	O	O	O
et	et	CCONJ	O	O	O
aux	à	ADP	O	O	O
voisins	voisin	NOUN	O	O	O
accourus	accourir	VERB	O	O	O
de	de	ADP	O	O	O
tous	tout	DET	O	O	O
côtés	côté	NOUN	O	O	O
et	et	CCONJ	O	O	O
qui	qui	PRON	O	O	O
lui	luire	PRON	O	O	O
ont	avoir	AUX	O	O	O
solidement	solidement	ADV	O	O	O
lié	lier	VERB	O	O	O
les	le	DET	O	O	O
mains	main	NOUN	O	O	O
.	.	PUNCT	O	O	O

—	—	PUNCT	O	O	O
Belle	bel	ADJ	O	O	O
malice	malice	NOUN	O	O	O
!	!	PUNCT	O	O	O

fait	faire	VERB	O	O	O
le	le	DET	O	O	O
père	père	NOUN	O	O	O
Bistoquet	bistoquet	PROPN	O	O	O
,	,	PUNCT	O	O	O
j'	je	PRON	O	O	O
avais	avoir	AUX	O	O	O
repeint	repeindre	VERB	O	O	O
le	le	DET	O	O	O
banc	banc	NOUN	O	O	O
ce	ce	DET	O	O	O
matin	matin	NOUN	O	O	O
.	.	PUNCT	O	O	O

Ce	ce	DET	O	O	O
mot	mot	NOUN	O	O	O
fut	être	AUX	O	O	O
une	un	DET	O	O	O
révélation	révélation	NOUN	O	O	O
terrible	terrible	ADJ	O	O	O
pour	pour	ADP	O	O	O
Van	van	PROPN	O	O	O
de	de	ADP	O	O	O
Mounisch	mounisch	PROPN	O	O	O
.	.	PUNCT	O	O	O

Évidemment	évidemment	ADV	O	O	O
il	il	PRON	O	O	O
avait	avoir	AUX	O	O	O
massacré	massacrer	VERB	O	O	O
un	un	DET	O	O	O
innocent	innocent	NOUN	O	O	O
.	.	PUNCT	O	O	O

Sa	son	DET	O	O	O
défense	défense	NOUN	O	O	O
devant	devant	ADP	O	O	O
le	le	DET	O	O	O
tribunal	tribunal	NOUN	O	O	O
fut	être	AUX	O	O	O
la	le	DET	O	O	O
plus	plus	ADV	O	O	O
piteuse	piteux	ADJ	O	O	O
du	de	ADP	O	O	O
monde	monde	NOUN	O	O	O
.	.	PUNCT	O	O	O

Quand	quand	SCONJ	O	O	O
il	il	PRON	O	O	O
soutint	soutenir	VERB	O	O	O
qu'	que	SCONJ	O	O	O
il	il	PRON	O	O	O
avait	avoir	AUX	O	O	O
tué	tuer	VERB	O	O	O
ce	ce	DET	O	O	O
pauvre	pauvre	ADJ	O	O	O
diable	diable	NOUN	O	O	O
uniquement	uniquement	ADV	O	O	O
parce	parce	SCONJ	O	O	O
qu'	que	SCONJ	O	O	O
il	il	PRON	O	O	O
avait	avoir	VERB	O	O	O
le	le	DET	O	O	O
postérieur	postérieur	NOUN	O	O	O
couleur	couleur	NOUN	O	O	O
de	de	ADP	O	O	O
feuillage	feuillage	NOUN	O	O	O
,	,	PUNCT	O	O	O
la	le	DET	O	O	O
cour	cour	NOUN	O	O	O
pensa	penser	VERB	O	O	O
qu'	que	SCONJ	O	O	O
il	il	PRON	O	O	O
se	se	PRON	O	O	O
moquait	moquer	VERB	O	O	O
d'	de	ADP	O	O	O
elle	lui	PRON	O	O	O
.	.	PUNCT	O	O	O

On	on	PRON	O	O	O
lui	luire	PRON	O	O	O
accorda	accorder	VERB	O	O	O
des	un	DET	O	O	O
circonstances	circonstance	NOUN	O	O	O
atténuantes	atténuant	ADJ	O	O	O
,	,	PUNCT	O	O	O
cependant	cependant	ADV	O	O	O
,	,	PUNCT	O	O	O
parce	parce	SCONJ	O	O	O
que	que	SCONJ	O	O	O
le	le	DET	O	O	O
soldat	soldat	NOUN	O	O	O
,	,	PUNCT	O	O	O
sa	son	DET	O	O	O
victime	victime	NOUN	O	O	O
,	,	PUNCT	O	O	O
était	être	AUX	O	O	O
en	en	ADP	O	O	O
état	état	NOUN	O	O	O
de	de	ADP	O	O	O
contravention	contravention	NOUN	O	O	O
,	,	PUNCT	O	O	O
défense	défense	NOUN	O	O	O
étant	être	AUX	O	O	O
faite	faire	VERB	O	O	O
aux	à	ADP	O	O	O
militaires	militaire	NOUN	O	O	O
comme	comme	ADP	O	O	O
aux	à	ADP	O	O	O
civils	civil	NOUN	O	O	O
de	de	ADP	O	O	O
se	se	PRON	O	O	O
baigner	baigner	VERB	O	O	O
sans	sans	ADP	O	O	O
caleçon	caleçon	NOUN	O	O	O
dans	dans	ADP	O	O	O
un	un	DET	O	O	O
endroit	endroit	NOUN	O	O	O
fréquenté	fréquenter	VERB	O	O	O
.	.	PUNCT	O	O	O

C'	ce	PRON	O	O	O
est	être	AUX	O	O	O
à	à	ADP	O	O	O
ce	ce	DET	O	O	O
détail	détail	NOUN	O	O	O
que	que	PRON	O	O	O
Van	van	PROPN	O	O	O
de	de	ADP	O	O	O
Mounisch	mounisch	PROPN	O	O	O
dut	devoir	VERB	O	O	O
de	de	ADP	O	O	O
conserver	conserver	VERB	O	O	O
le	le	DET	O	O	O
droit	droit	NOUN	O	O	O
de	de	ADP	O	O	O
porter	porter	VERB	O	O	O
encore	encore	ADV	O	O	O
une	un	DET	O	O	O
casquette	casquette	NOUN	O	O	O
.	.	PUNCT	O	O	O

V	v	PUNCT	O	O	O

Un	un	DET	O	O	O
an	an	NOUN	O	O	O
déjà	déjà	ADV	O	O	O
dans	dans	ADP	O	O	O
les	le	DET	O	O	O
cachots	cachot	NOUN	O	O	O
!	!	PUNCT	O	O	O

Le	le	DET	O	O	O
pauvre	pauvre	ADJ	O	O	O
Van	van	PROPN	O	O	O
d	d	ADP	O	O	O
Mounisch	mounisch	PROPN	O	O	O
n'	ne	ADV	O	O	O
est	être	AUX	O	O	O
plus	plus	ADV	O	O	O
reconnaissable	reconnaissable	ADJ	O	O	O
.	.	PUNCT	O	O	O

Sa	son	DET	O	O	O
conduite	conduite	NOUN	O	O	O
est	être	AUX	O	O	O
tellement	tellement	ADV	O	O	O
édifiante	édifiant	ADJ	O	O	O
qu'	que	SCONJ	O	O	O
on	on	PRON	O	O	O
lui	luire	PRON	O	O	O
accorde	accorder	VERB	O	O	O
un	un	DET	O	O	O
compagnon	compagnon	NOUN	O	O	O
de	de	ADP	O	O	O
captivité	captivité	NOUN	O	O	O
,	,	PUNCT	O	O	O
un	un	DET	O	O	O
ancien	ancien	ADJ	O	O	O
marin	marin	NOUN	O	O	O
qui	qui	PRON	O	O	O
avait	avoir	AUX	O	O	O
fait	faire	VERB	O	O	O
des	un	DET	O	O	O
siennes	sienne	NOUN	O	O	O
dans	dans	ADP	O	O	O
les	le	DET	O	O	O
cinq	cinq	NUM	O	O	O
parties	party	NOUN	O	O	O
du	de	ADP	O	O	O
monde	monde	NOUN	O	O	O
.	.	PUNCT	O	O	O

Ce	ce	PRON	O	O	O
n'	ne	ADV	O	O	O
est	être	AUX	O	O	O
pas	pas	ADV	O	O	O
précisément	précisément	ADV	O	O	O
une	un	DET	O	O	O
société	société	NOUN	O	O	O
bien	bien	ADV	O	O	O
agréable	agréable	ADJ	O	O	O
pour	pour	ADP	O	O	O
un	un	DET	O	O	O
savant	savant	NOUN	O	O	O
.	.	PUNCT	O	O	O

Mais	mais	CCONJ	O	O	O
la	le	DET	O	O	O
solitude	solitude	NOUN	O	O	O
absolue	absolu	ADJ	O	O	O
est	être	AUX	O	O	O
quelque	quelque	DET	O	O	O
chose	chose	NOUN	O	O	O
de	de	ADP	O	O	O
si	si	ADV	O	O	O
effroyable	effroyable	ADJ	O	O	O
!	!	PUNCT	O	O	O

Van	van	PROPN	O	O	O
de	de	ADP	O	O	O
Mounisch	mounisch	PROPN	O	O	O
accueille	accueillir	VERB	O	O	O
à	à	ADP	O	O	O
bras	bras	NOUN	O	O	O
ouverts	ouvert	ADJ	O	O	O
ce	ce	DET	O	O	O
nouveau	nouveau	ADJ	O	O	O
venu	venu	NOUN	O	O	O
.	.	PUNCT	O	O	O

—	—	PUNCT	O	O	O
Tel	tel	ADJ	O	O	O
Robinson	robinson	PROPN	O	O	O
prenant	prendre	VERB	O	O	O
sur	sur	ADP	O	O	O
son	son	DET	O	O	O
coeur	coeur	NOUN	O	O	O
Vendredi	vendredi	NOUN	O	O	O
.	.	PUNCT	O	O	O

—	—	PUNCT	O	O	O
On	on	PRON	O	O	O
en	en	PRON	O	O	O
arrive	arriver	VERB	O	O	O
vite	vite	ADV	O	O	O
aux	à	ADP	O	O	O
confidences	confidence	NOUN	O	O	O
.	.	PUNCT	O	O	O

Mais	mais	CCONJ	O	O	O
le	le	DET	O	O	O
docteur	docteur	NOUN	O	O	O
garde	garde	VERB	O	O	O
son	son	DET	O	O	O
secret	secret	NOUN	O	O	O
pour	pour	ADP	O	O	O
lui	luire	PRON	O	O	O
.	.	PUNCT	O	O	O

Vantejol	vantejol	PROPN	O	O	O
—	—	PUNCT	O	O	O
ainsi	ainsi	ADV	O	O	O
s'	se	PRON	O	O	O
appelait	appeler	VERB	O	O	O
le	le	DET	O	O	O
marin	marin	NOUN	O	O	O
,	,	PUNCT	O	O	O
—	—	PUNCT	O	O	O
au	au	ADP	O	O	O
contraire	contraire	ADV	O	O	O
,	,	PUNCT	O	O	O
est	être	AUX	O	O	O
prodigue	prodigue	ADJ	O	O	O
du	de	ADP	O	O	O
récit	récit	NOUN	O	O	O
des	de	ADP	O	O	O
mauvais	mauvais	ADJ	O	O	O
coups	coup	NOUN	O	O	O
qu'	que	PRON	O	O	O
il	il	PRON	O	O	O
a	avoir	AUX	O	O	O
faits	faire	VERB	O	O	O
.	.	PUNCT	O	O	O

Ah	ah	INTJ	O	O	O
!	!	PUNCT	O	O	O
le	le	DET	O	O	O
vantard	vantard	NOUN	O	O	O
,	,	PUNCT	O	O	O
que	que	SCONJ	O	O	O
ce	ce	DET	O	O	O
cochon	cochon	NOUN	O	O	O
-	-	NOUN	O	O	O
pan	pan	PROPN	O	O	O
!	!	PUNCT	O	O	O

Il	il	PRON	O	O	O
a	avoir	AUX	O	O	O
porté	porter	VERB	O	O	O
tous	tout	ADJ	O	O	O
les	le	DET	O	O	O
noms	nom	NOUN	O	O	O
et	et	CCONJ	O	O	O
revêtu	revêtir	VERB	O	O	O
toutes	tout	ADJ	O	O	O
les	le	DET	O	O	O
livrées	livrée	NOUN	O	O	O
.	.	PUNCT	O	O	O

—	—	PUNCT	O	O	O
Mais	mais	CCONJ	O	O	O
comment	comment	ADV	O	O	O
a	avoir	AUX	O	O	O
-	-	PRON	O	O	O
t	t	PRON	O	O	O
-	-	PRON	O	O	O
on	on	PRON	O	O	O
toujours	toujours	ADV	O	O	O
fini	finir	VERB	O	O	O
par	par	ADP	O	O	O
vous	vous	PRON	O	O	O
reconnaître	reconnaître	VERB	O	O	O
?	?	PUNCT	O	O	O

lui	luire	PRON	O	O	O
demanda	demander	VERB	O	O	O
Van	van	PRON	O	O	O
de	de	ADP	O	O	O
Mounisch	mounisch	PROPN	O	O	O
.	.	PUNCT	O	O	O

—	—	PUNCT	O	O	O
C'	ce	PRON	O	O	O
est	être	AUX	O	O	O
rudement	rudement	ADV	O	O	O
rigolo	rigolo	ADJ	O	O	O
!	!	PUNCT	O	O	O

répliqua	répliquer	VERB	O	O	O
l'	le	DET	O	O	O
homme	homme	NOUN	O	O	O
de	de	ADP	O	O	O
mer	mer	NOUN	O	O	O
.	.	PUNCT	O	O	O

Mais	mais	CCONJ	O	O	O
,	,	PUNCT	O	O	O
depuis	depuis	ADP	O	O	O
un	un	DET	O	O	O
voyage	voyage	NOUN	O	O	O
que	que	PRON	O	O	O
je	je	PRON	O	O	O
fis	faire	VERB	O	O	O
autrefois	autrefois	ADV	O	O	O
en	en	ADP	O	O	O
Hollande	hollande	PROPN	O	O	O
,	,	PUNCT	O	O	O
je	je	PRON	O	O	O
porte	porte	VERB	O	O	O
là	là	ADV	O	O	O
,	,	PUNCT	O	O	O
sous	sou	ADP	O	O	O
ma	mon	DET	O	O	O
culotte	culotte	NOUN	O	O	O
,	,	PUNCT	O	O	O
une	un	DET	O	O	O
plaque	plaque	NOUN	O	O	O
de	de	ADP	O	O	O
vert	vert	NOUN	O	O	O
que	que	PRON	O	O	O
rien	rien	PRON	O	O	O
n'	ne	ADV	O	O	O
a	avoir	AUX	O	O	O
pu	pouvoir	VERB	O	O	O
enlever	enlever	VERB	O	O	O
.	.	PUNCT	O	O	O

Ça	cela	PRON	O	O	O
n'	ne	ADV	O	O	O
a	avoir	VERB	O	O	O
pas	pas	ADV	O	O	O
l'	le	DET	O	O	O
air	air	NOUN	O	O	O
de	de	ADP	O	O	O
vous	vous	PRON	O	O	O
faire	faire	AUX	O	O	O
rire	rire	VERB	O	O	O
?	?	PUNCT	O	O	O

En	en	ADP	O	O	O
effet	effet	NOUN	O	O	O
,	,	PUNCT	O	O	O
Van	van	PROPN	O	O	O
de	de	ADP	O	O	O
Mounisch	mounisch	PROPN	O	O	O
ne	ne	ADV	O	O	O
riait	rire	VERB	O	O	O
pas	pas	ADV	O	O	O
.	.	PUNCT	O	O	O

Il	il	PRON	O	O	O
avait	avoir	VERB	O	O	O
les	le	DET	O	O	O
traits	trait	NOUN	O	O	O
contractés	contracter	VERB	O	O	O
par	par	ADP	O	O	O
un	un	DET	O	O	O
rictus	rictus	NOUN	O	O	O
terrible	terrible	ADJ	O	O	O
.	.	PUNCT	O	O	O

Une	un	DET	O	O	O
dernière	dernier	ADJ	O	O	O
bouffée	bouffée	NOUN	O	O	O
de	de	ADP	O	O	O
colère	colère	NOUN	O	O	O
lui	luire	PRON	O	O	O
était	être	AUX	O	O	O
montée	monter	VERB	O	O	O
au	au	ADP	O	O	O
cerveau	cerveau	NOUN	O	O	O
,	,	PUNCT	O	O	O
mais	mais	CCONJ	O	O	O
le	le	DET	O	O	O
malheur	malheur	NOUN	O	O	O
l'	le	PRON	O	O	O
avait	avoir	AUX	O	O	O
vaincu	vaincre	VERB	O	O	O
.	.	PUNCT	O	O	O

Il	il	PRON	O	O	O
serait	être	AUX	O	O	O
bien	bien	ADV	O	O	O
avancé	avancer	VERB	O	O	O
de	de	ADP	O	O	O
tuer	tuer	VERB	O	O	O
le	le	DET	O	O	O
dernier	dernier	ADJ	O	O	O
camarade	camarade	NOUN	O	O	O
que	que	PRON	O	O	O
lui	luire	PRON	O	O	O
promettait	promettre	VERB	O	O	O
la	le	DET	O	O	O
vie	vie	NOUN	O	O	O
!	!	PUNCT	O	O	O

Son	son	DET	O	O	O
visage	visage	NOUN	O	O	O
se	se	PRON	O	O	O
rasséréna	rasséréner	VERB	O	O	O
tout	tout	ADV	O	O	O
à	à	ADP	O	O	O
coup	coup	NOUN	O	O	O
et	et	CCONJ	O	O	O
cette	ce	DET	O	O	O
sagesse	sagesse	NOUN	O	O	O
lui	luire	PRON	O	O	O
vint	venir	VERB	O	O	O
,	,	PUNCT	O	O	O
subitement	subitement	ADV	O	O	O
,	,	PUNCT	O	O	O
qu'	que	SCONJ	O	O	O
il	il	PRON	O	O	O
en	en	PRON	O	O	O
avait	avoir	AUX	O	O	O
déjà	déjà	ADV	O	O	O
beaucoup	beaucoup	ADV	O	O	O
trop	trop	ADV	O	O	O
fait	faire	VERB	O	O	O
pour	pour	ADP	O	O	O
cette	ce	DET	O	O	O
bagatelle	bagatelle	NOUN	O	O	O
du	de	ADP	O	O	O
cocuage	cocuage	NOUN	O	O	O
qui	qui	PRON	O	O	O
ne	ne	ADV	O	O	O
vaut	valoir	VERB	O	O	O
pas	pas	ADV	O	O	O
qu'	que	SCONJ	O	O	O
on	on	PRON	O	O	O
la	le	PRON	O	O	O
prenne	prendre	VERB	O	O	O
au	au	ADP	O	O	O
tragique	tragique	NOUN	O	O	O
.	.	PUNCT	O	O	O

C'	ce	PRON	O	O	O
est	être	AUX	O	O	O
donc	donc	ADV	O	O	O
avec	avec	ADP	O	O	O
un	un	DET	O	O	O
accent	accent	NOUN	O	O	O
très	très	ADV	O	O	O
débonnaire	débonnaire	ADJ	O	O	O
qu'	que	PRON	O	O	O
il	il	PRON	O	O	O
dit	dire	VERB	O	O	O
à	à	ADP	O	O	O
son	son	DET	O	O	O
interlocuteur	interlocuteur	NOUN	O	O	O
:	:	PUNCT	O	O	O

—	—	PUNCT	O	O	O
Vous	vous	PRON	O	O	O
me	me	PRON	O	O	O
la	le	PRON	O	O	O
montrerez	montrer	VERB	O	O	O
,	,	PUNCT	O	O	O
n'	ne	ADV	O	O	O
est	être	VERB	O	O	O
-	-	PRON	O	O	O
ce	ce	PRON	O	O	O
pas	pas	ADV	O	O	O
?	?	PUNCT	O	O	O

—	—	PUNCT	O	O	O
Tout	tout	ADV	O	O	O
de	de	ADP	O	O	O
suite	suite	ADV	O	O	O
!	!	PUNCT	O	O	O

répondit	répondre	VERB	O	O	O
Vantejol	vantejol	PROPN	O	O	O
,	,	PUNCT	O	O	O
qui	qui	PRON	O	O	O
était	être	AUX	O	O	O
un	un	DET	O	O	O
garçon	garçon	NOUN	O	O	O
sans	sans	ADP	O	O	O
cérémonie	cérémonie	NOUN	O	O	O
.	.	PUNCT	O	O	O

Un	un	DET	O	O	O
instant	instant	NOUN	O	O	O
après	après	ADV	O	O	O
,	,	PUNCT	O	O	O
le	le	DET	O	O	O
chimiste	chimiste	NOUN	O	O	O
ayant	avoir	AUX	O	O	O
tué	tuer	VERB	O	O	O
en	en	ADP	O	O	O
lui	luire	PRON	O	O	O
le	le	DET	O	O	O
mari	mari	NOUN	O	O	O
jaloux	jaloux	ADJ	O	O	O
,	,	PUNCT	O	O	O
Cornélius	cornélius	PROPN	O	O	O
Van	van	X	O	O	O
de	de	ADP	O	O	O
Mounisch	mounisch	PROPN	O	O	O
murmurait	murmurer	VERB	O	O	O
avec	avec	ADP	O	O	O
une	un	DET	O	O	O
fierté	fierté	NOUN	O	O	O
douce	doux	ADJ	O	O	O
:	:	PUNCT	O	O	O

—	—	PUNCT	O	O	O
Quel	quel	DET	O	O	O
beau	beau	ADJ	O	O	O
vert	vert	NOUN	O	O	O
tout	tout	ADV	O	O	O
de	de	ADP	O	O	O
même	même	ADV	O	O	O
j'	je	PRON	O	O	O
avais	avoir	AUX	O	O	O
trouvé	trouver	VERB	O	O	O
là	là	ADV	O	O	O
!	!	PUNCT	O	O	O


