Conte	O
Futur	O
-	O
-	O
-	O
-	O
-	O
-	O
-	O
-	O
-	O
-	O
I	O
Philippe	B-PER
pressentit	O
dans	O
les	O
lettres	O
de	O
son	O
oncle	O
le	O
dessein	O
d	O
'	O
unir	O
Philomène	B-PER
au	B-PER
commandant	I-PER
de	I-PER
Chaclos	I-PER
.	O

L	O
'	O
angoisse	O
extrême	O
qui	O
le	O
prit	O
alors	O
au	O
coeur	O
l	O
'	O
étonna	O
d	O
'	O
abord	O
.	O

Sa	O
cousine	O
comptait	O
cinq	O
ans	O
de	O
plus	O
que	O
lui	O
.	O

En	O
outre	O
,	O
elle	O
avait	O
un	O
caractère	O
grave	O
,	O
et	O
elle	O
agréerait	O
certes	O
mal	O
les	O
turbulences	O
du	O
cornette	O
aux	O
Guides	B-PER
qu	O
'	O
il	O
était	O
.	O

Mais	O
,	O
à	O
l	O
'	O
encontre	O
de	O
ces	O
raisonnements	O
et	O
à	O
mesure	O
que	O
le	O
colonel	O
,	O
par	O
sa	O
correspondance	O
,	O
dissipait	O
l	O
'	O
espoir	O
d	O
'	O
une	O
négation	O
,	O
Philippe	B-PER
apprit	O
à	O
connaître	O
la	O
douleur	O
.	O

L	O
'	O
image	O
de	O
la	O
jeune	O
fille	O
veilla	O
sans	O
pitié	O
sur	O
la	O
torture	O
de	O
son	O
esprit	O
amoureux	O
.	O

Maintenant	O
,	O
le	O
voici	O
sans	O
force	O
,	O
étendu	O
contre	O
les	O
coussins	O
du	O
wagon	O
.	O

Avec	O
hébétude	O
,	O
il	O
suit	O
les	O
maigres	O
allures	O
du	O
commandant	O
attentif	O
aux	O
cent	O
petits	O
cartons	O
rapportés	O
de	O
la	O
capitale	O
,	O
et	O
qui	O
renferment	O
les	O
cadeaux	O
de	O
corbeille	O
.	O

Comment	O
ne	O
s	O
'	O
aperçoivent	O
-	O
ils	O
pas	O
de	O
son	O
désespoir	O
,	O
ni	O
cet	O
homme	O
,	O
ni	O
le	O
colonel	O
?	O

Comment	O
ne	O
le	O
virent	O
-	O
ils	O
pas	O
blêmir	O
,	O
lorsqu	O
'	O
ils	O
entrèrent	O
au	B-LOC
mess	I-LOC
des	I-LOC
Guides	I-LOC
en	O
brandissant	O
la	O
permission	O
obtenue	O
de	O
son	O
général	O
«	O
pour	O
assister	O
à	O
un	O
mariage	O
dans	O
la	O
famille	O
?	O
»	O

Ils	O
ne	O
remarquent	O
rien	O
,	O
ni	O
l	O
'	O
atroce	O
crispation	O
du	O
sourire	O
par	O
lequel	O
il	O
répond	O
à	O
leurs	O
phrases	O
joyeuses	O
,	O
ni	O
la	O
sueur	O
qui	O
glace	O
ses	O
tempes	O
,	O
le	O
cuir	O
de	O
son	O
bonnet	O
de	O
police	O
.	O

Le	O
colonel	O
commence	O
même	O
à	O
dormir	O
en	O
paix	O
.	O

Aux	O
portières	O
le	O
paysage	O
déroulé	O
lui	O
précise	O
dans	O
le	O
souvenir	O
les	O
heures	O
de	O
ce	O
même	O
voyage	O
fait	O
naguère	O
avec	O
elle	O
.	O

Son	O
oncle	O
était	O
venu	O
le	O
chercher	O
à	O
l	B-LOC
'	I-LOC
École	I-LOC
militaire	I-LOC
après	O
les	O
examens	O
de	O
sortie	O
,	O
et	O
,	O
durant	O
ce	O
voyage	O
,	O
elle	O
lui	O
était	O
apparue	O
ainsi	O
qu	O
'	O
une	O
âme	O
extraordinaire	O
,	O
instruite	O
en	O
toutes	O
les	O
sciences	O
et	O
portant	O
sur	O
le	O
monde	O
des	O
jugements	O
inattendus	O
.	O

—	O
Oui	O
,	O
répond	O
le	O
commandant	O
,	O
des	O
jugements	O
inattendus	O
.	O

Elle	O
a	O
tout	O
étudié	O
,	O
n	O
'	O
est	O
-	O
ce	O
pas	O
,	O
recluse	O
dans	O
ce	O
fort	O
où	O
l	O
'	O
attache	O
la	O
situation	O
de	O
son	O
père	O
...	O

Il	O
n	O
'	O
y	O
a	O
plus	O
un	O
mur	O
,	O
chez	O
elle	O
,	O
qui	O
ne	O
soit	O
tapissé	O
de	O
livres	O
...	O

—	O
Voici	O
le	O
centre	O
de	O
notre	O
patrie	O
,	O
mon	O
commandant	O
,	O
vous	O
l	O
'	O
a	O
-	O
t	O
-	O
elle	O
appris	O
...	O
ici	O
même	O
,	O
où	O
le	O
sol	O
ferrugineux	O
se	O
révèle	O
par	O
cette	O
pente	O
soudaine	O
surgie	O
devant	O
les	O
bâtisses	O
plates	O
des	O
fabriques	O
...	O

—	O
Le	O
coeur	O
de	O
notre	O
république	B-LOC
du	I-LOC
Nord	I-LOC
?	O

Voyez	O
,	O
comme	O
il	O
monte	O
,	O
ce	O
sol	O
,	O
vers	O
le	O
pâle	O
firmament	O
de	O
brumes	O
.	O

Il	O
recouvre	O
,	O
peu	O
à	O
peu	O
,	O
sur	O
l	O
'	O
horizon	O
les	O
tours	O
fumantes	O
des	O
distilleries	O
et	O
des	O
forges	O
.	O

—	O
Elle	O
vous	O
a	O
confié	O
son	O
amour	O
pour	O
les	O
pauvres	O
?	O

—	O
Elle	O
a	O
un	O
extraordinaire	O
amour	O
pour	O
les	O
pauvres	O
.	O

—	O
Ici	O
,	O
disait	O
-	O
elle	O
,	O
sur	O
la	O
hauteur	O
,	O
le	O
pâtre	O
vit	O
plus	O
heureux	O
parce	O
que	O
la	O
masse	O
des	O
terres	O
abat	O
le	O
son	O
des	O
cloches	O
industrielles	O
,	O
.	O

l	O
'	O
appel	O
à	O
la	O
souffrance	O
quotidienne	O
des	O
troupeaux	O
ouvriers	O
...	O

—	O
C	O
'	O
est	O
une	O
âme	O
élue	O
,	O
Philippe	B-PER
,	O
une	O
âme	O
élue	O
...	O

Pourrai	O
-	O
je	O
lui	O
valoir	O
assez	O
de	O
bonheur	O
?	O

Ils	O
s	O
'	O
examinèrent	O
;	O
ils	O
écoutèrent	O
leur	O
silence	O
.	O

—	O
Le	O
plateau	O
!	O

dit	O
le	O
commandant	O
.	O

Là	O
,	O
le	O
sol	O
semblait	O
avoir	O
bondi	O
tout	O
à	O
coup	O
hors	O
des	O
plaines	O
brunes	O
de	O
labour	O
,	O
et	O
avoir	O
entraîné	O
dans	O
ce	O
saut	O
des	O
falaises	O
de	O
craie	O
,	O
d	O
'	O
inaccessibles	O
roches	O
,	O
des	O
touffes	O
de	O
sapins	O
et	O
de	O
bouleaux	O
,	O
des	O
pans	O
de	O
prairie	O
,	O
un	O
bois	O
entier	O
de	O
hêtres	O
,	O
même	O
quelques	O
villages	O
blottis	O
dans	O
des	O
cavités	O
pleines	O
de	O
fougères	O
et	O
d	O
'	O
yeuses	O
.	O

—	O
Avez	O
-	O
vous	O
connu	O
sa	O
mère	O
?	O

—	O
Non	O
,	O
mon	O
commandant	O
,	O
je	O
n	O
'	O
ai	O
pas	O
connu	O
sa	O
mère	O
.	O

Elle	O
est	O
morte	O
si	O
jeune	O
!	O
-	O
-	O
-	O
Philomène	B-PER
lui	O
ressemble	O
d	O
'	O
âme	O
.	O

Sa	O
mère	O
contemplait	O
toujours	O
son	O
idée	O
de	O
Dieu	B-PER
;	O
elle	O
contemple	O
aussi	O
la	O
douleur	O
du	O
monde	O
...	O

—	O
Le	B-PER
Christ	I-PER
,	O
le	O
même	O
Christ	B-PER
sous	O
ses	O
deux	O
formes	O
...	O

—	O
Des	O
mystiques	O
!	O
...	O
Tenez	O
,	O
voici	O
le	O
plateau	O
qui	O
s	O
'	O
étale	O
par	O
dessus	O
le	O
pays	O
...	O

La	O
terre	O
est	O
rouge	O
de	O
matières	O
ferrugincu	O
-	O
ses	O
...	O

—	O
Ah	O
!	O

ah	O
!	O
...	O
Le	O
fer	O
ne	O
fait	O
-	O
il	O
pas	O
couler	O
le	O
sang	O
,	O
tout	O
rouge	O
...	O

—	O
N	O
'	O
empêche	O
!	O

La	O
terre	O
est	O
si	O
rouge	O
que	O
les	O
gens	O
,	O
à	O
force	O
d	O
'	O
y	O
peiner	O
,	O
en	O
ont	O
pris	O
la	O
couleur	O
...	O

—	O
Oh	O
!	O
je	O
comprends	O
...	O

Elle	O
vous	O
l	O
'	O
a	O
dit	O
aussi	O
,	O
cette	O
chose	O
;	O
qu	O
'	O
ici	O
les	O
petits	O
enfants	O
portent	O
déjà	O
sur	O
leur	O
corps	O
rouge	O
le	O
blason	O
du	O
métal	O
dispensateur	O
de	O
leur	O
existence	O
.	O

—	O
Philippe	B-PER
,	O
pourquoi	O
cette	O
amertume	O
dans	O
votre	O
voix	O
?	O

—	O
Pour	O
rien	O
,	O
commandant	O
...	O
pour	O
rien	O
...	O

Nous	O
arrivons	O
à	O
la	B-LOC
contrée	I-LOC
des	I-LOC
Hauts	I-LOC
-	I-LOC
Fourneaux	I-LOC
,	O
et	O
des	O
corons	O
pleins	O
de	O
peuple	O
,	O
et	O
des	O
donjons	O
flamboyants	O
.	O

—	O
Regardez	O
;	O
cela	O
forme	O
un	O
grand	O
cercle	O
étendu	O
selon	O
un	O
périmètre	O
fixe	O
.	O

—	O
Sous	O
les	O
canons	O
de	O
la	O
cité	O
octogone	O
dont	O
voici	O
,	O
à	O
ras	O
de	O
terre	O
,	O
les	O
remparts	O
.	O

—	O
Il	O
faut	O
de	O
la	O
prudence	O
,	O
Philippe	B-PER
,	O
avec	O
ce	O
peuple	O
de	O
pauvres	O
;	O
car	O
il	O
lui	O
arrive	O
de	O
s	O
'	O
exaspérer	O
.	O

—	O
Descendons	O
-	O
nous	O
?	O

Nous	O
nous	O
promènerons	O
devant	O
les	O
petites	O
maisons	O
si	O
closes	O
,	O
où	O
habitent	O
les	O
familles	O
des	O
magistrats	O
,	O
des	O
percepteurs	O
,	O
des	O
fonctionnaires	O
...	O

que	O
sais	O
-	O
je	O
?	O
...	O

—	O
Réveillez	O
-	O
vous	O
,	O
colonel	O
...	O

Quarante	O
minutes	O
d	O
'	O
arrêt	O
pour	O
la	O
douane	O
...	O

Nous	O
allons	O
nous	O
dégourdir	O
les	O
jambes	O
...	O

—	O
Hé	O
quoi	O
!	O
fit	O
le	O
colonel	O
...	O

Sommes	O
-	O
nous	O
à	O
la	O
frontière	O
?	O

—	O
Peu	O
s	O
'	O
en	O
faut	O
...	O

vous	O
le	O
savez	O
bien	O
:	O
voici	O
la	O
dernière	O
station	O
avant	O
le	B-LOC
Fort	I-LOC
.	O

—	O

Diable	O
...	O

Tenez	O
:	O
à	O
gauche	O
,	O
la	O
maison	O
en	O
briques	O
rouges	O
...	O
où	O
l	O
'	O
on	O
aperçoit	O
des	O
primevères	O
dans	O
le	O
petit	O
parterre	O
,	O
hein	O
?	O
...	O
C	O
'	O
est	O
la	O
demeure	O
du	O
bourreau	O
...	O

—	O
Ah	O
!	O

ah	O
!	O
...	O
la	O
demeure	O
du	O
bourreau	O
...	O

Il	O
y	O
a	O
beaucoup	O
d	O
'	O
assassins	O
parce	O
qu	O
'	O
on	O
mange	O
peu	O
.	O

—	O
Et	O
puis	O
le	O
peuple	O
manque	O
de	O
distractions	O
...	O
«	O
Au	O
fait	O
,	O
pense	O
Philippe	B-PER
,	O
si	O
rien	O
n	O
'	O
altère	O
les	O
traits	O
de	O
ma	O
face	O
,	O
ni	O
ne	O
décèle	O
ma	O
douleur	O
à	O
leurs	O
yeux	O
,	O
c	O
'	O
est	O
que	O
je	O
m	O
'	O
exagère	O
ma	O
souffrance	O
...	O

Il	O
faut	O
croire	O
que	O
le	O
malheur	O
ne	O
m	O
'	O
accable	O
pas	O
...	O

Pourtant	O
il	O
y	O
a	O
comme	O
des	O
cailloux	O
sur	O
ma	O
poitrine	O
quand	O
elle	O
se	O
soulève	O
pour	O
le	O
jeu	O
de	O
respirer	O
...	O
»	O

Ils	O
vont	O
donc	O
en	O
promenade	O
.	O

Au	O
pinacle	O
de	O
la	O
cathédrale	O
rococo	O
,	O
le	O
symbole	O
divin	O
du	O
supplice	O
,	O
la	O
croix	O
de	O
fer	O
,	O
impose	O
son	O
signe	O
sur	O
des	O
rues	O
étroites	O
et	O
dures	O
où	O
circule	O
la	O
vie	O
de	O
la	O
cité	O
.	O

Elles	O
mènent	O
du	O
beffroi	O
roidi	O
dans	O
ses	O
dentelles	O
de	O
pierre	O
aux	O
casernes	O
et	O
aux	O
lupanars	O
,	O
à	O
un	O
théâtre	O
d	O
'	O
architecture	O
attique	O
,	O
à	O
un	O
palais	O
de	O
justice	O
Louis	B-LOC
XV	I-LOC
,	O
à	O
un	O
hôpital	O
de	O
style	O
Empire	O
,	O
à	O
une	O
prison	O
très	O
vaste	O
et	O
très	O
simple	O
,	O
ornée	O
seulement	O
de	O
quelques	O
capucines	O
entretenues	O
,	O
sur	O
une	O
croisée	O
,	O
par	O
la	O
femme	O
du	O
concierge	O
.	O

Ils	O
rencontrent	O
encore	O
vers	O
la	O
citadelle	O
,	O
des	O
manutentions	O
et	O
des	O
magasins	O
de	O
guerre	O
,	O
des	O
petits	O
soldats	O
imberbes	O
qui	O
,	O
sous	O
leurs	O
longues	O
capotes	O
san	O
-	O
glées	O
,	O
ressemblent	O
à	O
des	O
servantes	O
en	O
cotillons	O
,	O
et	O
des	O
officiers	O
éperonnés	O
,	O
moustachus	O
,	O
ronds	O
comme	O
des	O
oeufs	O
,	O
ou	O
bien	O
,	O
fins	O
comme	O
des	O
épis	O
,	O
avec	O
de	O
courtes	O
cravaches	O
à	O
l	O
'	O
aisselle	O
.	O

Large	O
,	O
bien	O
balayé	O
,	O
éclairé	O
de	O
globes	O
électriques	O
,	O
le	O
boulevard	O
traverse	O
la	O
ville	O
entre	O
des	O
bazars	O
somptueux	O
,	O
qui	O
alternent	O
avec	O
des	O
palais	O
pour	O
Compagnies	O
d	O
'	O
assurances	O
,	O
Sociétés	O
métallurgiques	O
,	O
banques	O
de	O
crédit	O
.	O

Il	O
s	O
'	O
y	O
promène	O
des	O
messieurs	O
évidemment	O
orgueilleux	O
de	O
leurs	O
soucis	O
et	O
des	O
femmes	O
promptes	O
à	O
aimer	O
pour	O
l	O
'	O
avantage	O
de	O
leur	O
bourse	O
ou	O
de	O
leur	O
coeur	O
.	O

Il	O
y	O
court	O
des	O
gaillards	O
chargés	O
de	O
ballots	O
et	O
légèrement	O
ivres	O
.	O

Les	O
étoffes	O
des	O
robes	O
se	O
drapent	O
en	O
harmonie	O
dans	O
les	O
voitures	O
.	O

Le	O
boulevard	O
conduit	O
hors	O
de	O
la	O
ville	O
,	O
jusqu	O
'	O
à	O
la	O
gare	O
.	O

Après	O
,	O
il	O
devient	O
grand	O
'	O
-	O
route	O
et	O
suit	O
,	O
à	O
peu	O
près	O
parallèlement	O
,	O
la	O
direction	O
de	O
la	O
voie	O
ferrée	O
.	O

Les	O
trains	O
franchissent	O
assez	O
vite	O
la	B-LOC
région	I-LOC
des	I-LOC
Hauts	I-LOC
-	I-LOC
Fourneaux	I-LOC
...	O

On	O
passe	O
entre	O
des	O
ruches	O
humaines	O
(	O
briques	O
brûlées	O
,	O
tuiles	O
rouges	O
,	O
ciments	O
)	O
...	O

Le	O
colonel	O
a	O
repris	O
son	O
somme	O
dans	O
le	O
coin	O
de	O
droite	O
...	O

—	O
Là	O
,	O
mon	O
commandant	O
,	O
là	O
,	O
dit	O
Philippe	B-PER
:	O
les	O
enfants	O
qui	O
grouillent	O
à	O
terre	O
...	O
on	O
dirait	O
un	O
essaim	O
de	O
mouches	O
sur	O
une	O
ordure	O
.	O

—	O
Oh	O
!	O

Philippe	B-PER
,	O
pourquoi	O
parler	O
ainsi	O
des	O
enfants	O
?	O

—	O
Le	O
linge	O
que	O
lessive	O
cette	O
vieille	O
hideuse	O
dans	O
le	O
baquet	O
...	O

ah	O
!	O

ah	O
!	O
...	O
il	O
se	O
déchire	O
...	O

Quelle	O
mine	O
désolée	O
!	O
...	O
En	O
vérité	O
,	O
ce	O
linge	O
s	O
'	O
est	O
déchiré	O
jusque	O
dans	O
mon	O
coeur	O
.	O

—	O
Pourquoi	O
donc	O
parler	O
ainsi	O
?	O

—	O
Rirez	O
-	O
vous	O
cependant	O
de	O
cette	O
mère	O
si	O
occupée	O
...	O

A	O
la	O
fois	O
,	O
elle	O
allaite	O
du	O
sein	O
,	O
mouche	O
d	O
'	O
une	O
main	O
,	O
gifle	O
de	O
l	O
'	O
autre	O
,	O
gronde	O
de	O
la	O
bouche	O
,	O
berce	O
du	O
pied	O
et	O
rit	O
de	O
l	O
'	O
oeil	O
au	O
facteur	O
qui	O
passe	O
...	O

Ces	O
fillettes	O
qui	O
pleurnichent	O
en	O
épluchant	O
des	O
légumes	O
,	O
en	O
tirant	O
l	O
'	O
eau	O
du	O
puits	O
;	O
rirez	O
-	O
vous	O
de	O
leur	O
laideur	O
!	O
...	O
Et	O
les	O
adolescentes	O
qui	O
se	O
nouent	O
des	O
rubans	O
sales	O
dans	O
leurs	O
maigres	O
cheveux	O
...	O

—	O
Philippe	B-PER
,	O
pourquoi	O
lorgnez	O
-	O
vous	O
le	O
monde	O
avec	O
un	O
verre	O
noir	O
?	O

—	O
On	O
ne	O
voit	O
pas	O
de	O
vieillards	O
,	O
mon	O
commandant	O
,	O
dans	O
cette	O
cité	O
de	O
pauvres	O
...	O

—	O
Non	O
...	O
c	O
'	O
est	O
vrai	O
...	O
on	O
n	O
'	O
en	O
voit	O
pas	O
...	O

—	O
Mais	O
il	O
y	O
a	O
partout	O
de	O
petits	O
cimetières	O
carrés	O
...	O

Un	O
,	O
deux	O
,	O
trois	O
...	O

—	O
On	O
ne	O
voit	O
pas	O
non	O
plus	O
les	O
adultes	O
...	O

Philippe	B-PER
.	O

—	O
Ils	O
demeurent	O
apparemment	O
tous	O
dans	O
la	O
flamme	O
féerique	O
qui	O
ronfle	O
parmi	O
les	O
cris	O
du	O
métal	O
,	O
sous	O
les	O
dômes	O
des	O
usines	O
...	O

—	O
Les	O
estaminets	O
aussi	O
paraissent	O
pleins	O
de	O
feux	O
de	O
pipes	O
...	O

—	O
La	O
douleur	O
s	O
'	O
endort	O
dans	O
l	O
'	O
abrutissement	O
...	O

—	O
Elle	O
vous	O
a	O
tout	O
dit	O
aussi	O
à	O
vous	O
,	O
Philippe	B-PER
,	O
Philomène	B-PER
vous	O
a	O
tout	O
dit	O
...	O

et	O
voilà	O
que	O
vous	O
reflétez	O
son	O
âme	O
presque	O
autant	O
que	O
la	O
reflète	O
sa	O
petite	O
soeur	O
Francine	B-PER
...	O

Le	O
cornette	O
se	O
détourne	O
.	O

Il	O
regarde	O
au	O
carreau	O
du	O
wagon	O
.	O

Le	O
plateau	O
devient	O
une	O
bande	O
bossuée	O
de	O
roches	O
.	O

Des	O
fougères	O
géantes	O
y	O
croissent	O
.	O

Peu	O
à	O
peu	O
,	O
le	O
sol	O
verdit	O
.	O

Les	O
arbustes	O
se	O
pressent	O
.	O

Des	O
treillis	O
de	O
fer	O
gardent	O
les	O
faisans	O
dans	O
les	O
chasses	O
.	O

Tout	O
le	O
long	O
,	O
afin	O
de	O
les	O
empêcher	O
de	O
sortir	O
,	O
des	O
gamins	O
sifflent	O
.	O

L	O
'	O
air	O
un	O
peu	O
vif	O
a	O
rendu	O
violets	O
leurs	O
visages	O
creux	O
.	O

Un	O
garde	O
les	O
surveille	O
.	O

La	O
forêt	O
va	O
naître	O
.	O

Elle	O
court	O
déjà	O
sur	O
les	O
collines	O
de	O
l	O
'	O
horizon	O
.	O

Cependant	O
,	O
les	O
cris	O
du	O
métal	O
poursuivent	O
la	O
fuite	O
du	O
train	O
.	O

Quand	O
ils	O
cessent	O
,	O
on	O
a	O
franchi	O
bien	O
des	O
lieues	O
bordées	O
de	O
bouleaux	O
et	O
de	O
frênes	O
,	O
entrevu	O
bien	O
des	O
clairières	O
où	O
s	O
'	O
attardent	O
les	O
hordes	O
de	O
daims	O
.	O

Et	O
,	O
brusquement	O
,	O
le	O
train	O
débouche	O
des	O
branches	O
.	O

La	O
forêt	O
finit	O
net	O
.	O

L	O
'	O
express	O
glisse	O
sur	O
la	O
crête	O
d	O
'	O
un	O
roc	O
qui	O
plonge	O
à	O
pic	O
dans	O
une	O
vallée	O
profonde	O
,	O
pleine	O
de	O
villages	O
blanchissant	O
la	O
lisière	O
des	O
futaies	O
.	O

De	O
très	O
près	O
à	O
très	O
loin	O
,	O
se	O
courbe	O
un	O
fleuve	O
dont	O
les	O
eaux	O
frisottent	O
'	O
entre	O
les	O
arches	O
fréquentes	O
de	O
ses	O
ponts	O
.	O

Et	O
le	O
roc	O
forme	O
l	O
'	O
éperon	O
du	O
grand	O
plateau	O
rétréci	O
,	O
devenu	O
la	O
pointe	O
défensive	O
de	O
la	O
patrie	O
sur	O
le	O
fleuve	O
frontière	O
.	O

D	O
'	O
ailleurs	O
,	O
les	O
mamelons	O
couvrent	O
les	O
travaux	O
stratégiques	O
du	B-LOC
Fort	I-LOC
.	O

Des	O
coupoles	O
d	O
'	O
acier	O
s	O
'	O
érigent	O
de	O
la	O
roche	O
.	O

La	O
brique	O
bouche	O
les	O
cavernes	O
.	O

D	O
'	O
arbre	O
en	O
arbre	O
,	O
des	O
fils	O
électriques	O
courent	O
.	O

Par	O
des	O
poternes	O
,	O
les	O
soldats	O
émergent	O
des	O
souterrains	O
.	O

Les	O
ravins	O
sont	O
des	O
cours	O
de	O
caserne	O
où	O
les	O
artilleurs	O
se	O
chamaillent	O
avec	O
des	O
lazzis	O
qui	O
montent	O
d	O
'	O
échos	O
en	O
échos	O
.	O

Au	O
bout	O
du	O
roc	O
,	O
il	O
y	O
a	O
un	O
jardin	O
devant	O
une	O
maison	O
blanche	O
,	O
un	O
jet	O
d	O
'	O
eau	O
irisé	O
audessus	O
d	O
'	O
une	O
vasque	O
,	O
les	O
filles	O
du	O
colonel	O
-	O
gouverneur	O
parées	O
de	O
robes	O
à	O
pois	O
et	O
qui	O
comptent	O
les	O
primevères	O
nées	O
du	O
matin	O
dans	O
la	O
pelouse	O
.	O

—	O
Bonjour	O
,	O
Philippe	B-PER
...	O
disent	O
-	O
elle	O
,	O
et	O
plus	O
bas	O
:	O
Nous	O
avons	O
senti	O
votre	O
douleur	O
qui	O
s	O
'	O
approchait	O
...	O

Les	O
soldats	O
attachent	O
des	O
lampions	O
à	O
des	O
mâts	O
le	O
long	O
des	O
chemins	O
de	O
ronde	O
.	O

On	O
hisse	O
des	O
drapeaux	O
pleins	O
de	O
noms	O
de	O
victoire	O
.	O

Les	O
vétérans	O
agacent	O
les	O
singes	O
rapportés	O
d	O
'	O
Asie	B-LOC
par	O
les	O
troupes	O
du	B-PER
commandant	I-PER
de	I-PER
Chaelos	I-PER
qui	O
fêtent	O
,	O
ce	O
soir	O
-	O
là	O
,	O
leurs	O
succès	O
aux	B-LOC
pays	I-LOC
d	I-LOC
'	I-LOC
Orient	I-LOC
.	O

Le	O
fort	O
contient	O
mille	O
animaux	O
singuliers	O
,	O
des	O
chiens	O
dépourvus	O
¡de	O
tout	O
poil	O
,	O
des	O
bouquetins	O
apprivoisés	O
,	O
des	O
perruches	O
loquaces	O
habiles	O
à	O
réciter	O
les	O
poèmes	O
des	O
barbares	O
.	O

On	O
a	O
construit	O
des	O
trophées	O
avec	O
des	O
armes	O
étranges	O
,	O
des	O
sorte	O
de	O
faux	O
dentelées	O
,	O
des	O
sabres	O
courbes	O
courvers	O
de	O
damasquinures	O
,	O
des	O
cuirasses	O
de	O
fer	O
et	O
de	O
laque	O
.	O

Les	O
lunes	O
et	O
les	O
dragons	O
féeriques	O
des	O
étendards	O
conquis	O
flottent	O
sur	O
les	O
arcs	O
de	O
triomphe	O
en	O
branches	O
de	O
sapin	O
.	O

Les	O
chants	O
patriotiques	O
sonnent	O
dans	O
les	O
cantines	O
pleines	O
de	O
monde	O
;	O
et	O
les	O
papiers	O
peints	O
des	O
lanternes	O
dansent	O
au	O
vent	O
.	O

Chez	O
le	O
coloner	O
,	O
on	O
achève	O
le	O
dessert	O
.	O

Comme	O
la	O
nuit	O
se	O
prépare	O
à	O
lui	O
de	O
tous	O
ses	O
astres	O
,	O
les	O
fenêtres	O
s	O
'	O
ouvrent	O
...	O

Les	O
deux	O
soeurs	O
viennent	O
sur	O
le	O
balcon	O
pour	O
assister	O
au	O
ciel	O
.	O

En	O
bas	O
,	O
on	O
a	O
ouvert	O
les	O
fenêtres	O
aussi	O
dans	O
la	O
salle	O
des	O
invités	O
où	O
dînent	O
les	O
adjudants	O
...	O

Aidés	O
par	O
le	O
vin	O
,	O
ils	O
content	O
leurs	O
exploits	O
.	O

Une	O
brave	O
rumeur	O
de	O
gaieté	O
éclate	O
là	O
,	O
pour	O
se	O
propager	O
ensuite	O
par	O
tout	O
le	O
fort	O
,	O
entre	O
les	O
ifs	O
et	O
feu	O
,	O
les	O
lumières	O
tricolores	O
des	O
lanternes	O
,	O
et	O
les	O
lampions	O
des	O
cantines	O
...	O

Plus	O
bas	O
,	O
la	O
musique	O
prélude	O
...	O

et	O
puis	O
les	O
cuivres	O
donnent	O
l	O
'	O
essor	O
aux	O
sons	O
.	O

Ils	O
s	O
'	O
épandent	O
vers	O
le	O
cours	O
du	O
fleuve	O
qui	O
cha	O
-	O
toie	O
dans	O
les	O
ombres	O
...	O

Francine	B-PER
et	O
Philomène	B-PER
se	O
sont	O
accou	O
-	O
dées	O
.	O

La	O
plus	O
jeune	O
des	O
soeurs	O
retient	O
le	O
commandant	O
par	O
son	O
babil	O
...	O

Philomène	B-PER
murmure	O
vers	O
Philippe	B-PER
:	O

—	O
Puisque	O
je	O
ne	O
saurais	O
avoir	O
de	O
l	O
'	O
amour	O
,	O
puisque	O
nul	O
jamais	O
ne	O
possèdera	O
mon	O
âme	O
entière	O
,	O
que	O
vous	O
importe	O
?	O
...	O
Hors	O
du	O
monde	O
et	O
hors	O
des	O
hommes	O
,	O
seule	O
ici	O
,	O
parmi	O
ce	O
misérable	O
peuple	O
en	O
livrée	O
de	O
guerre	O
,	O
je	O
me	O
suis	O
créé	O
une	O
vie	O
seconde	O
toute	O
d	O
'	O
idées	O
folles	O
et	O
magnifiques	O
.	O

Je	O
m	O
'	O
y	O
suis	O
retirée	O
pour	O
toujours	O
.	O

Rien	O
ne	O
me	O
touchera	O
plus	O
des	O
choses	O
humaines	O
,	O
—	O
que	O
superficiellement	O
et	O
selon	O
le	O
décor	O
de	O
l	O
'	O
existence	O
.	O

—	O
La	O
gloire	O
du	O
commandant	O
vous	O
a	O
touchée	O
.	O

—	O
Certainement	O
je	O
l	O
'	O
aixe	O
moins	O
que	O
je	O
ne	O
vous	O
aime	O
;	O
oui	O
,	O
moins	O
.	O

Mais	O
lui	O
n	O
'	O
essaiera	O
pas	O
de	O
pénétrer	O
mon	O
âme	O
intime	O
,	O
de	O
posséder	O
au	O
delà	O
de	O
ce	O
que	O
je	O
lui	O
donnerai	O
de	O
moi	O
.	O

—	O
Votre	O
corps	O
...	O

—	O
Voilà	O
où	O
votre	O
jeunesse	O
se	O
déclare	O
èt	O
où	O
elle	O
m	O
'	O
effraie	O
...	O

Qu	O
'	O
est	O
-	O
ce	O
,	O
le	O
corps	O
?	O

Moins	O
que	O
rien	O
.	O

Je	O
ne	O
méconnais	O
cependant	O
pas	O
ma	O
beauté	O
.	O

Je	O
prétends	O
,	O
toutefois	O
,	O
ne	O
pas	O
devenir	O
,	O
pour	O
l	O
'	O
imprudente	O
ardeur	O
de	O
votre	O
âge	O
,	O
un	O
seul	O
instrument	O
de	O
joies	O
...	O

Cela	O
m	O
'	O
outragerait	O
.	O

—	O
Laissons	O
...	O

et	O
dites	O
-	O
moi	O
,	O
Philomène	B-PER
...	O

Vous	O
croyez	O
-	O
vous	O
à	O
jamais	O
incapable	O
,	O
soit	O
d	O
'	O
une	O
compassion	O
,	O
soit	O
d	O
'	O
une	O
admiration	O
telles	O
que	O
vous	O
consentiez	O
au	O
sacrifice	O
de	O
votre	O
orgueil	O
intellectuel	O
et	O
à	O
vous	O
absorber	O
en	O
celui	O
-	O
là	O
...	O

—	O
Par	O
compassion	O
...	O
qui	O
sait	O
!	O

Par	O
admiration	O
...	O
oui	O
.	O

Mais	O
pour	O
que	O
je	O
l	O
'	O
admire	O
jusque	O
l	O
'	O
adorer	O
...	O
quel	O
héros	O
inouï	O
il	O
me	O
faudrait	O
connaître	O
!	O

—	O
Simplement	O
celui	O
dont	O
les	O
actes	O
réaliseront	O
le	O
rêve	O
de	O
votre	O
âme	O
.	O

—	O
Je	O
ne	O
le	O
chérirai	O
donc	O
que	O
mort	O
...	O

Car	O
quiconque	O
annonce	O
aux	O
hommes	O
une	O
foi	O
nouvelle	O
et	O
agit	O
afin	O
de	O
convertir	O
,	O
quiconque	O
veut	O
offrir	O
,	O
pareil	O
au	B-PER
Christ	I-PER
,	O
l	O
'	O
exemple	O
vivant	O
de	O
la	O
doctrine	O
,	O
celui	O
-	O
là	O
encourt	O
jusque	O
la	O
mort	O
,	O
la	O
haine	O
des	O
hommes	O
.	O

Et	O
il	O
doit	O
tenter	O
le	O
sacrifice	O
pour	O
le	O
sacrifice	O
,	O
ignorant	O
la	O
consolation	O
même	O
de	O
le	O
savoir	O
utile	O
au	O
rachat	O
du	O
monde	O
.	O

Il	O
lui	O
faut	O
aimer	O
le	O
sacrifice	O
en	O
lui	O
-	O
même	O
,	O
sans	O
appât	O
de	O
gloire	O
,	O
pour	O
la	O
seule	O
beauté	O
de	O
mourir	O
inutilement	O
...	O

Mais	O
vous	O
ne	O
comprenez	O
pas	O
.	O

—	O
Je	O
comprendrai	O
,	O
si	O
vous	O
m	O
'	O
initiez	O
à	O
vous	O
.	O

Le	O
silence	O
des	O
musiques	O
qui	O
cessèrent	O
alors	O
interrompit	O
leur	O
propos	O
.	O

Dans	O
le	O
calme	O
subit	O
de	O
l	O
'	O
air	O
,	O
on	O
entendit	O
les	O
vantardises	O
des	O
adjudants	O
.	O
«	O
Ah	O
!	O

ah	O
!	O

nous	O
autres	O
,	O
pendant	O
la	O
campagne	O
de	O
l	B-LOC
'	I-LOC
Indus	I-LOC
,	O
nous	O
mettions	O
nos	B-MISC
Asiatiques	I-MISC
au	O
bûcher	O
,	O
les	O
pieds	O
en	O
avant	O
;	O
et	O
on	O
les	O
poussait	O
dans	O
le	O
feu	O
à	O
mesure	O
que	O
le	O
bout	O
se	O
consumait	O
...	O

Quels	O
gaillards	O
.	O

Ils	O
grimaçaient	O
laidement	O
,	O
mais	O
ils	O
ne	O
criaient	O
pas	O
...	O

—	O
Chez	O
nous	O
,	O
dans	O
la	B-ORG
Légion	I-ORG
,	O
on	O
leur	O
coupait	O
d	O
'	O
abord	O
les	O
tendons	O
du	O
pied	O
avec	O
un	O
canif	O
...	O

—	O
En	O
Éthiopie	B-LOC
,	O
nous	O
menions	O
nos	O
prisonniers	O
par	O
vingt	O
au	O
fond	O
des	O
grottes	O
.	O

Devant	O
,	O
on	O
allumait	O
du	O
bois	O
vert	O
,	O
et	O
ils	O
éternuaient	O
leur	O
vie	O
dans	O
la	O
fumée	O
...	O

Tu	O
te	O
le	O
rappelles	O
,	O
Firmin	B-PER
?	O
"	O

Quand	O
le	O
général	O
nous	O
eut	O
interdit	O
de	O
dépenser	O
la	O
poudre	O
à	O
fusiller	O
les	B-MISC
Chinois	I-MISC
,	O
on	O
les	O
empilait	O
dans	O
les	O
fosses	O
des	O
rizières	O
et	O
on	O
cassait	O
les	O
têtes	O
à	O
coups	O
de	O
crosse	O
de	O
peur	O
de	O
fausser	O
les	O
baïonnettes	O
...	O

Leurs	O
crânes	O
sortaient	O
en	O
rangs	O
d	O
'	O
oignons	O
...	O

Le	O
premier	O
m	O
'	O
a	O
fait	O
de	O
la	O
peine	O
...	O

si	O
jeune	O
,	O
n	O
'	O
est	O
-	O
ce	O
pas	O
,	O
avec	O
de	O
beaux	O
yeux	O
orientaux	O
qui	O
imploraient	O
...	O

Quoi	O
!	O

la	O
guerre	O
,	O
c	O
'	O
est	O
la	O
guerre	O
.	O

On	O
ne	O
pouvait	O
les	O
emmener	O
en	O
avant	O
,	O
ni	O
les	O
laisser	O
derrière	O
la	O
colonne	O
...	O
-	O
Et	O
puis	O
,	O
quand	O
on	O
entrait	O
dans	O
leurs	O
villages	O
,	O
trouvait	O
-	O
on	O
pas	O
,	O
piquées	O
sur	O
des	O
bambous	O
,	O
les	O
têtes	O
des	O
camarades	O
surpris	O
aux	O
avant	O
-	O
postes	O
?	O

Ça	O
ressemblait	O
même	O
aux	O
doubles	O
files	O
des	O
lampadaires	O
sur	O
les	O
boulevards	O
de	O
la	O
ville	O
.	O

Seulement	O
,	O
les	O
yeux	O
des	O
pauvres	O
diables	O
n	O
'	O
éclairaient	O
plus	O
guère	O
.	O

—	O
Tout	O
ça	O
,	O
mes	O
vieux	O
bougres	O
,	O
ça	O
ne	O
vaut	O
pas	O
encore	O
le	O
coup	O
du	B-PER
commandant	I-PER
de	I-PER
Chaclos	I-PER

—	O
Ah	O
!	O

Dieu	B-PER
de	O
Dieu	B-PER
!	O

mes	O
enfants	O
,	O
j	O
'	O
y	O
étais	O
:	O
quelle	O
marmelade	O
!	O

Moimême	O
ai	O
posé	O
la	O
cartouche	O
sous	O
la	O
pile	O
du	O
pont	O
...	O

On	O
les	O
a	O
laissés	O
s	O
'	O
engager	O
,	O
et	O
quand	O
ils	O
y	O
furent	O
en	O
bon	O
nombre	O
...	O
le	O
commandant	O
poussa	O
le	O
bouton	O
de	O
la	O
batterie	O
électrique	O
...	O

V	O
'	O
lan	O
!	O

Le	O
paquet	O
a	O
sauté	O
!	O
«	O
On	O
retrouvait	O
des	O
doigts	O
,	O
des	O
nez	O
qui	O
se	O
promenaient	O
tout	O
seuls	O
à	O
plus	O
de	O
deux	O
cents	O
mètres	O
,	O
et	O
des	O
yeux	O
collés	O
contre	O
les	O
arbres	O
,	O
entre	O
les	O
morceaux	O
de	O
cervelle	O
et	O
des	O
bouts	O
de	O
nerfs	O
...	O

et	O
ces	O
yeux	O
-	O
là	O
vous	O
regardaient	O
...	O

C	O
'	O
était	O
effrayant	O
,	O
mon	O
cher	O
,	O
effrayant	O
!	O
...	O

Du	O
coup	O
,	O
ils	O
battirent	O
en	O
retraite	O
,	O
les	O
survivants	O
.	O

Nous	O
eûmes	O
sans	O
peine	O
leurs	O
positions	O
...	O

et	O
nous	O
voilà	O
ici	O
,	O
victorieux	O
,	O
le	O
verre	O
à	O
la	O
main	O
...	O

On	O
dresse	O
des	O
arcs	O
de	O
triomphe	O
.	O

Le	O
commandant	O
a	O
eu	O
sa	O
croix	O
...	O

Vive	O
la	O
guerre	O
donc	O
!	O
...	O
quand	O
on	O
en	O
revient	O
...	O
»	O
...	O
Francine	B-PER
qui	O
tenait	O
en	O
ses	O
mains	O
une	O
touffe	O
de	O
primevères	O
,	O
les	O
laissa	O
soudain	O
tomber	O
...	O

et	O
elle	O
se	O
passa	O
les	O
paumes	O
sur	O
les	O
tempes	O
comme	O
pour	O
dissiper	O
un	O
cauchemar	O
...	O

Sans	O
doute	O
ne	O
vit	O
-	O
elle	O
pas	O
le	O
geste	O
de	O
M.	B-PER
de	I-PER
Chaclos	I-PER
relevant	O
les	O
corolles	O
éparses	O
afin	O
de	O
les	O
lui	O
remettre	O
,	O
car	O
elle	O
s	O
'	O
enfuit	O
aussitôt	O
;	O
et	O
,	O
avant	O
qu	O
'	O
elle	O
eût	O
gagné	O
la	O
porte	O
,	O
elle	O
s	O
'	O
abattit	O
contre	O
le	O
sol	O
avec	O
des	O
cris	O
affreux	O
,	O
secouée	O
par	O
la	O
convulsion	O
des	O
nerfs	O
.	O

Durant	O
la	O
maladie	O
qui	O
suivit	O
cette	O
crise	O
,	O
la	O
fillette	O
subit	O
des	O
hallucinations	O
sinistres	O
.	O

Elle	O
voyait	O
dans	O
la	O
fièvre	O
se	O
tracer	O
en	O
images	O
tangibles	O
les	O
souvenirs	O
de	O
guerre	O
contés	O
par	O
les	O
adjudants	O
.	O

On	O
dut	O
écarter	O
d	O
'	O
elle	O
tout	O
l	O
'	O
appareil	O
militaire	O
;	O
les	O
uniformes	O
,	O
les	O
armes	O
,	O
les	O
gravures	O
signalant	O
la	O
bravoure	O
historique	O
.	O

Le	O
son	O
lointain	O
du	O
tambour	O
suffisait	O
pour	O
l	O
'	O
évocation	O
sanglante	O
;	O
et	O
c	O
'	O
était	O
une	O
chose	O
horrible	O
.	O

Elle	O
se	O
dressait	O
menue	O
,	O
hagarde	O
,	O
les	O
mains	O
ouvertes	O
et	O
tendues	O
pour	O
repousser	O
la	O
hideur	O
du	O
rêve	O
...	O
«	O
Oh	O
!	O
disait	O
-	O
elle	O
,	O
que	O
de	O
pauvres	O
vies	O
tranchées	O
...	O

Le	O
fleuve	O
de	O
sang	O
saute	O
les	O
digues	O
...	O

Les	O
têtes	O
roulent	O
comme	O
des	O
boules	O
...	O

Les	O
doigts	O
se	O
crispent	O
sur	O
le	O
sabre	O
qui	O
les	O
coupe	O
...	O

Oh	O
!	O

les	O
yeux	O
des	O
mourants	O
...	O

les	O
yeux	O
!	O

les	O
yeux	O
!	O

les	O
yeux	O
!	O
...	O
Le	O
sang	O
monte	O
,	O
monte	O
...	O

Il	O
est	O
à	O
ma	O
bouche	O
...	O
pouah	O
!	O
...	O
il	O
m	O
'	O
étrangle	O
...	O
je	O
ne	O
veux	O
pas	O
...	O
»	O

Et	O
elle	O
retombait	O
dans	O
des	O
crises	O
...	O

Le	O
mariage	O
de	O
Philomène	B-PER
se	O
trouva	O
retardé	O
par	O
l	O
'	O
état	O
très	O
grave	O
de	O
la	O
petite	O
soeur	O
...	O

Elle	O
ne	O
la	O
quitta	O
plus	O
.	O

Son	O
affection	O
se	O
fit	O
même	O
plus	O
fervente	O
pour	O
l	O
'	O
être	O
que	O
tous	O
maudissaient	O
.	O

Le	O
colonel	O
entrait	O
dans	O
de	O
grandes	O
fureurs	O
où	O
il	O
souhaitait	O
la	O
mort	O
de	O
cette	O
triste	O
enfant	O
.	O

Les	O
officiers	O
de	O
son	O
entourage	O
,	O
bien	O
qu	O
'	O
ils	O
affectassent	O
de	O
l	O
'	O
indulgence	O
et	O
de	O
la	O
pitié	O
,	O
parlaient	O
sans	O
aisance	O
de	O
ce	O
délire	O
qui	O
flétrissait	O
leur	O
gloire	O
.	O

D	O
'	O
ailleurs	O
,	O
la	O
légende	O
de	O
la	O
petite	O
prophétesse	O
avait	O
bientôt	O
visité	O
les	O
imaginations	O
des	O
soldats	O
;	O
et	O
ils	O
en	O
causaient	O
tout	O
bas	O
dans	O
les	O
chambrées	O
,	O
avant	O
le	O
couvre	O
-	O
feu	O
.	O

Leurs	O
courages	O
allaient	O
mollir	O
.	O

Dans	O
les	O
rangs	O
,	O
à	O
deux	O
reprises	O
,	O
des	O
recrues	O
se	O
révoltèrent	O
contre	O
les	O
commandements	O
;	O
et	O
on	O
murmurait	O
que	O
l	O
'	O
heure	O
viendrait	O
bientôt	O
où	O
les	O
hommes	O
cesseraient	O
d	O
'	O
apprendre	O
l	O
'	O
art	O
de	O
tuer	O
.	O

On	O
fondrait	O
les	O
canons	O
pour	O
fabriquer	O
des	O
charrues	O
.	O

La	O
fraternité	O
universelle	O
ne	O
tarderait	O
plus	O
à	O
s	O
'	O
épanouir	O
.	O

Or	O
,	O
cela	O
était	O
fort	O
grave	O
,	O
parce	O
qu	O
'	O
on	O
redoutait	O
comme	O
prochain	O
l	O
'	O
immense	O
conflit	O
des	B-MISC
nations	I-MISC
du	I-MISC
Nord	I-MISC
,	O
attendu	O
et	O
préparé	O
patiemment	O
depuis	O
plus	O
de	O
trente	O
années	O
.	O

Des	O
signes	O
certains	O
de	O
bataille	O
commençaient	O
à	O
paraître	O
dans	O
le	O
ciel	O
et	O
dans	O
les	O
.	O
propos	O
des	O
diplomates	O
.	O

On	O
atteignait	O
aux	O
premiers	O
jours	O
du	O
printemps	O
;	O
et	O
le	O
printemps	O
paraissait	O
,	O
de	O
l	O
'	O
avis	O
de	O
tous	O
les	O
hommes	O
de	O
guerre	O
,	O
le	O
moment	O
le	O
meilleurpour	O
susciter	O
le	O
massacre	O
mutuel	O
des	O
peuples	O
.	O

On	O
redoublait	O
d	O
'	O
activité	O
dans	O
les	O
arsenaux	O
et	O
sur	O
les	O
polygones	O
.	O

Le	O
colonel	O
craignit	O
que	O
le	O
mauvais	O
esprit	O
de	O
sa	O
troupe	O
ne	O
lui	O
fût	O
imputé	O
par	O
les	O
maréchaux	O
inspecteurs	O
,	O
et	O
,	O
pour	O
détourner	O
du	O
raisonnement	O
les	O
intelligences	O
de	O
ses	O
soldats	O
,	O
il	O
les	O
entraînait	O
sans	O
répit	O
dans	O
des	O
marches	O
et	O
des	O
manoeuvres	O
propres	O
à	O
lasser	O
leurs	O
forces	O
morales	O
sous	O
la	O
fatigue	O
physique	O
,	O
et	O
à	O
les	O
rendre	O
dociles	O
à	O
sa	O
main	O
.	O

Eux	O
,	O
cependant	O
,	O
à	O
courir	O
par	O
les	O
villages	O
et	O
les	O
corons	O
des	O
mineurs	O
,	O
prenaient	O
une	O
peine	O
plus	O
grande	O
.	O

Ils	O
se	O
lamentaient	O
,	O
disant	O
:	O
«	O
En	O
quelle	O
époque	O
barbare	O
,	O
nous	O
vivons	O
encore	O
pour	O
que	O
tant	O
de	O
pauvreté	O
demeure	O
au	O
monde	O
.	O

Nos	O
mères	O
nous	O
enfantent	O
dans	O
le	O
seul	O
but	O
d	O
'	O
un	O
dur	O
labeur	O
,	O
et	O
nous	O
trimons	O
plus	O
que	O
les	O
bêtes	O
,	O
sans	O
avoir	O
,	O
comme	O
les	O
bêtes	O
,	O
le	O
loisir	O
de	O
ne	O
pas	O
penser	O
.	O

Ah	O
!	O

maudite	O
soit	O
l	O
'	O
heure	O
de	O
brève	O
joie	O
où	O
nos	O
tristes	O
pères	O
jetèrent	O
leur	O
semence	O
aux	O
flancs	O
de	O
leurs	O
épouses	O
décharnées	O
.	O

De	O
quel	O
droit	O
nous	O
créèrent	O
-	O
ils	O
puisqu	O
'	O
ils	O
ne	O
pouvaient	O
nous	O
léguer	O
que	O
le	O
désir	O
à	O
jamais	O
inassouvi	O
?	O
«	O
Et	O
les	O
savants	O
disent	O
que	O
les	O
générations	O
se	O
succèdent	O
dans	O
une	O
voie	O
de	O
progrès	O
,	O
et	O
que	O
l	O
'	O
homme	O
marche	O
à	O
la	O
conquête	O
de	O
Dieu	B-PER
...	O

Les	O
pouvons	O
-	O
nous	O
croire	O
,	O
puisque	O
nous	O
apprenons	O
seulement	O
l	O
'	O
art	O
de	O
nous	O
égorger	O
,	O
alors	O
que	O
toutes	O
nos	O
forces	O
employées	O
à	O
la	O
seule	O
fin	O
d	O
'	O
améliorer	O
notre	O
sort	O
,	O
ne	O
réussiraient	O
que	O
bien	O
petitement	O
.	O

En	O
vérité	O
,	O
elle	O
a	O
raison	O
la	O
jeune	O
prophétesse	O
qui	O
crie	O
par	O
les	O
nuits	O
que	O
nous	O
demeurons	O
barbares	O
comme	O
les	O
loups	O
,	O
et	O
que	O
jamais	O
nous	O
ne	O
tiendrons	O
le	O
bonheur	O
,	O
parce	O
que	O
nous	O
aimons	O
trop	O
le	O
sang	O
...	O

Voilà	O
maintenant	O
qu	O
'	O
on	O
a	O
préparé	O
les	O
tambours	O
et	O
les	O
drapeaux	O
...	O

Il	O
va	O
falloir	O
se	O
ruer	O
sur	O
les	O
pauvres	O
diables	O
des	O
autres	O
nations	O
,	O
sans	O
que	O
nous	O
puissions	O
même	O
comprendre	O
le	O
motif	O
de	O
notre	O
rage	O
...	O

Nos	O
pieds	O
ont	O
déjà	O
été	O
durcis	O
sur	O
les	O
routes	O
,	O
et	O
nos	O
épaules	O
ne	O
sentent	O
plus	O
le	O
poids	O
du	O
havresac	O
...	O

Voyons	O
,	O
ne	O
se	O
lèvera	O
-	O
t	O
-	O
il	O
pas	O
un	O
homme	O
fort	O
,	O
parmi	O
nous	O
,	O
qui	O
proclame	O
-	O
rait	O
enfin	O
la	O
révolution	O
de	O
l	O
'	O
Amour	O
universel	O
?	O

‣	O
Et	O
les	O
petits	O
soldats	O
se	O
poussaient	O
,	O
l	O
'	O
un	O
l	O
'	O
autre	O
et	O
ils	O
disaient	O
:	O
«	O
Toi	O
,	O
toi	O
...	O
»	O
mais	O
nul	O
n	O
'	O
osait	O
prendre	O
la	O
parole	O
.	O

Enfin	O
,	O
le	O
délire	O
de	O
Francine	B-PER
s	O
'	O
atténua	O
.	O

Elle	O
récupéra	O
de	O
la	O
santé	O
et	O
de	O
la	O
raison	O
.	O

Mais	O
quand	O
M.	B-PER
de	I-PER
Chaelos	I-PER
voulut	O
reparler	O
des	O
noces	O
,	O
Philomène	B-PER
lui	O
affirma	O
qu	O
'	O
elle	O
reste	O
-	O
terait	O
fille	O
.	O

Et	O
il	O
comprit	O
bien	O
qu	O
'	O
elle	O
partageait	O
alors	O
le	O
sentiment	O
de	O
sa	O
soeur	O
,	O
et	O
qu	O
'	O
il	O
lui	O
faisait	O
horreur	O
à	O
cause	O
du	O
sang	O
dont	O
il	O
s	O
'	O
était	O
couvert	O
.	O

Un	O
peu	O
plus	O
tard	O
,	O
il	O
connut	O
que	O
Philomène	B-PER
s	O
'	O
était	O
fiançée	O
à	O
Philippe	B-PER
...	O

Cela	O
ne	O
le	O
surprit	O
point	O
,	O
parce	O
qu	O
'	O
il	O
avait	O
entendu	O
presque	O
de	O
leurs	O
conversations	O
,	O
les	O
soirs	O
de	O
primevères	O
.	O

Le	O
cornette	O
changea	O
de	O
garnison	O
et	O
vint	O
au	O
fort	O
avec	O
un	O
détachement	O
de	O
Guides	B-PER
.	O

Depuis	O
lors	O
,	O
M.	B-PER
de	I-PER
Chaclos	I-PER
vécut	O
tristement	O
;	O
car	O
il	O
chérissait	O
Philomène	B-PER
selon	O
la	O
ténacité	O
des	O
dernières	O
passions	O
.	O

La	O
presque	O
certitude	O
qu	O
'	O
il	O
avait	O
eue	O
de	O
l	O
'	O
épouser	O
avait	O
rendu	O
plus	O
inébranlable	O
cet	O
amour	O
de	O
la	O
quarantième	O
année	O
.	O

Néanmoins	O
,	O
son	O
âme	O
était	O
noble	O
,	O
il	O
persuada	O
au	B-PER
colonel	I-PER
de	O
marier	O
Philomène	B-PER
et	O
Philippe	B-PER
.	O

Et	O
comme	O
la	O
jeune	O
fille	O
remarquait	O
avec	O
étonnement	O
son	O
entremise	O
,	O
il	O
lui	O
répondit	O
qu	O
'	O
il	O
l	O
'	O
aimait	O
pour	O
elle	O
,	O
non	O
pour	O
lui	O
,	O
et	O
préférait	O
la	O
savoir	O
heureuse	O
aux	O
bras	O
d	O
'	O
un	O
autre	O
,	O
plutôt	O
que	O
malheureuse	O
aux	O
siens	O
.	O

Cela	O
lui	O
vaudrait	O
infiniment	O
moins	O
de	O
douleur	O
.	O

Quand	O
on	O
sortit	O
de	O
l	O
'	O
église	O
,	O
la	O
cornette	O
dit	O
à	O
sa	O
femme	O
:	O
«	O
Voici	O
que	O
vous	O
vous	O
sacrifiez	O
à	O
moi	O
par	O
compassion	O
.	O

Je	O
tâcherai	O
maintenant	O
de	O
mériter	O
votre	O
admiration	O
.	O
»	O

La	O
guerre	O
survint	O
...	O

Le	B-LOC
Fort	I-LOC
gardait	O
la	O
frontière	O
.	O

On	O
tira	O
de	O
ses	O
coupoles	O
le	O
premier	O
coup	O
de	O
canon	O
.	O

Les	O
troupes	O
de	O
la	O
ville	O
arrivèrent	O
,	O
et	O
puis	O
ce	O
furent	O
les	O
troupeaux	O
d	O
'	O
ouvriers	O
et	O
de	O
paysans	O
qui	O
descendirent	O
des	O
trains	O
.	O

On	O
les	O
revêtit	O
d	O
'	O
uniformes	O
,	O
on	O
leur	O
distribua	O
des	O
armes	O
.	O

Au	O
'	O
dehors	O
,	O
les	O
grandes	O
routes	O
se	O
remplirent	O
d	O
'	O
enfants	O
et	O
de	O
mères	O
qui	O
men	O
-	O
diaient	O
.	O

Les	O
jeunes	O
filles	O
se	O
prostituaient	O
presque	O
pour	O
rien	O
.	O

Sur	O
l	O
'	O
horizon	O
,	O
les	O
donjons	O
des	O
usines	O
cessèrent	O
de	O
flamboyer	O
pour	O
la	O
première	O
fois	O
depuis	O
trente	O
ans	O
.	O

Le	O
boulevard	O
de	O
la	O
ville	O
était	O
plein	O
d	O
'	O
activité	O
parce	O
qu	O
'	O
on	O
avait	O
joué	O
à	O
la	O
baisse	O
des	O
fonds	O
publics	O
,	O
dans	O
les	O
palais	O
des	B-ORG
Compagnies	I-ORG
d	I-ORG
'	I-ORG
assurances	I-ORG
,	O
Sociétés	B-ORG
métallurgiques	I-ORG
et	O
banques	O
de	O
crédit	O
.	O

Les	O
hommes	O
d	O
'	O
argent	O
rachetaient	O
déjà	O
en	O
sous	O
main	O
les	O
titres	O
de	O
rente	O
afin	O
de	O
les	O
revendre	O
,	O
avec	O
prime	O
,	O
dès	O
l	O
'	O
annonce	O
du	O
premier	O
avantage	O
.	O

Pour	O
obtenir	O
ce	O
premier	O
avantage	O
que	O
les	O
dépêches	O
grossiraient	O
habilement	O
,	O
les	O
maréchaux	O
se	O
hâtaient	O
de	O
réunir	O
des	O
hommes	O
sur	O
ce	O
point	O
de	O
frontière	O
.	O

On	O
les	O
arrachait	O
des	O
mines	O
et	O
des	O
sillons	O
.	O

Les	O
fanfares	O
sonnaient	O
.	O

Les	O
drapeaux	O
claquaient	O
.	O

Les	O
actrices	O
en	O
robe	O
blanche	O
,	O
drapées	O
dans	O
les	O
couleurs	O
nationales	O
,	O
chantaient	O
en	O
plein	O
vent	O
,	O
sur	O
des	O
tréteaux	O
construits	O
à	O
la	O
hâte	O
,	O
l	O
'	O
Amour	O
sacré	O
de	O
la	O
Patrie	O
.	O

Et	O
les	O
hommes	O
rouges	O
du	O
sol	O
ferrugineux	O
défilaient	O
par	O
masses	O
énormes	O
,	O
remplissant	O
de	O
leurs	O
corps	O
l	O
'	O
espace	O
trop	O
étroit	O
des	O
rues	O
.	O

Les	O
administrateurs	O
des	B-ORG
Compagnies	I-ORG
ordonnèrent	O
qu	O
'	O
on	O
défonçât	O
des	O
tonneaux	O
de	O
piquette	O
pour	O
échauffer	O
l	O
'	O
enthousiasme	O
.	O

Il	O
s	O
'	O
agissait	O
d	O
'	O
enlever	O
ce	O
précieux	O
avantage	O
,	O
de	O
faire	O
prime	O
sur	O
le	O
marché	O
...	O

Les	O
gendarmes	O
pressaient	O
les	O
hordes	O
misérables	O
,	O
une	O
houle	O
de	O
têtes	O
rouges	O
battant	O
les	O
tréteaux	O
où	O
les	O
actrices	O
en	O
robes	O
blanches	O
,	O
drapées	O
des	O
couleurs	O
nationales	O
,	O
et	O
les	O
cheveux	O
épars	O
par	O
-	O
dessus	O
le	O
marché	O
,	O
vous	O
chantaient	O
sans	O
lassitude	O
:	O
Le	O
jour	O
de	O
gloire	O
!	O
...	O

Encore	O
quelques	O
heures	O
de	O
train	O
,	O
quelques	O
cahots	O
de	O
wagons	O
,	O
et	O
le	O
troupeau	O
,	O
garni	O
de	O
brandebourgs	O
,	O
de	O
galons	O
,	O
de	O
ferblanterie	O
,	O
coiffé	O
de	O
kolbacks	O
,	O
monté	O
sur	O
des	O
chevaux	O
de	O
réquisition	O
,	O
est	O
prêt	O
à	O
conquérir	O
l	O
'	O
avantage	O
(	O
quarante	O
dont	O
un	O
,	O
à	O
la	B-LOC
Bourse	I-LOC
de	I-LOC
demain	O
)	O
.	O

Les	O
caissons	O
roulent	O
sur	O
le	O
caillou	O
des	O
routes	O
.	O

Les	O
escadrons	O
galopent	O
dans	O
les	O
cris	O
clairs	O
du	O
métal	O
.	O

Les	O
régiments	O
tassent	O
le	O
sol	O
sous	O
les	O
six	O
mille	O
souliers	O
d	O
'	O
ordonnance	O
.	O

Les	O
officiers	O
caracolent	O
parmi	O
l	O
'	O
éclat	O
de	O
leur	O
maroquinerie	O
neuve	O
;	O
et	O
voici	O
,	O
sur	O
la	O
cime	O
des	O
collines	O
,	O
où	O
se	O
déroulent	O
des	O
nuages	O
bas	O
,	O
les	O
courts	O
éclairs	O
des	O
pièces	O
ennemies	O
.	O

Parmi	O
les	O
lignés	O
,	O
il	O
y	O
a	O
des	O
gaillards	O
qui	O
culbutent	O
soudain	O
,	O
en	O
des	O
grimaces	O
de	O
clowns	O
,	O
ou	O
tombent	O
à	O
genoux	O
,	O
ainsi	O
que	O
des	O
illuminés	O
fanatiques	O
,	O
tout	O
ahuris	O
de	O
voir	O
au	O
-	O
delà	O
.	O

D	O
'	O
autres	O
encore	O
s	O
'	O
étalent	O
comme	O
pour	O
dormir	O
,	O
en	O
s	O
'	O
étirant	O
.	O

Et	O
,	O
quand	O
les	O
colonnes	O
ont	O
passé	O
,	O
quand	O
les	O
lignes	O
se	O
sont	O
étendues	O
,	O
il	O
reste	O
,	O
dans	O
la	O
poussière	O
levée	O
,	O
de	O
bonnes	O
têtes	O
rouges	O
qui	O
toussent	O
leur	O
souffle	O
sur	O
des	O
flaques	O
plus	O
rouges	O
...	O

La	O
campagne	O
demeure	O
verte	O
et	O
claire	O
aux	O
replis	O
du	O
fleuve	O
vif	O
.	O

Les	O
blés	O
couvrent	O
la	O
plaine	O
de	O
leur	O
herbe	O
tendre	O
;	O
et	O
c	O
'	O
est	O
là	O
,	O
dans	O
le	O
creux	O
de	O
la	O
grande	O
vallée	O
,	O
un	O
bon	O
nid	O
d	O
'	O
abondance	O
,	O
aux	O
maisonnettes	O
blanches	O
,	O
aux	O
eaux	O
lumineuses	O
,	O
avec	O
le	O
rebord	O
propice	O
des	O
collines	O
à	O
douces	O
pentes	O
.	O

A	O
la	O
tête	O
de	O
soixante	O
cavaliers	O
,	O
Philippe	B-PER
commande	O
un	O
poste	O
d	O
'	O
observation	O
.	O

Il	O
voit	O
les	O
routes	O
se	O
noircir	O
de	O
grouillements	O
humains	O
,	O
l	O
'	O
herbe	O
se	O
fleurir	O
des	O
taches	O
éclatantes	O
que	O
donnent	O
les	O
uniformes	O
,	O
les	O
attelages	O
galoper	O
effrénément	O
par	O
les	O
chemins	O
qui	O
sonnent	O
.	O

Ici	O
et	O
là	O
,	O
d	O
'	O
un	O
coup	O
,	O
la	O
flamme	O
se	O
drape	O
au	O
faîte	O
des	O
métairies	O
.	O

Les	O
lignes	O
d	O
'	O
infanterie	O
s	O
'	O
élargissent	O
à	O
travers	O
les	O
plaines	O
.	O

Elles	O
avancent	O
,	O
courent	O
,	O
se	O
couchent	O
,	O
crépitent	O
et	O
pétillent	O
,	O
se	O
relèvent	O
,	O
courent	O
encore	O
,	O
gagnent	O
les	O
abris	O
,	O
les	O
quittent	O
,	O
laissant	O
,	O
à	O
chaque	O
reposoir	O
,	O
des	O
corps	O
crispés	O
dans	O
la	O
verdure	O
...	O

Autour	O
de	O
lui	O
,	O
il	O
est	O
tant	O
de	O
bruits	O
de	O
fusillade	O
,	O
que	O
l	O
'	O
espace	O
semble	O
frire	O
.	O

Et	O
tout	O
près	O
,	O
les	O
grosses	O
têtes	O
rougeâtres	O
de	O
ses	O
hommes	O
bleuissent	O
,	O
sous	O
les	O
gourmettes	O
polies	O
des	O
kolbacks	O
,	O
sous	O
l	O
'	O
apparat	O
violent	O
des	O
pompons	O
.	O

Les	O
bottes	O
tremblent	O
dans	O
les	O
étriers	O
qui	O
cliquettent	O
.	O

Les	O
mains	O
épaissies	O
par	O
les	O
labeurs	O
des	O
forges	O
,	O
épongent	O
la	O
sueur	O
des	O
fronts	O
.	O

Il	O
se	O
fait	O
dans	O
les	O
groupes	O
de	O
tristes	O
trafics	O
.	O

Les	O
célibataires	O
prennent	O
le	O
premier	O
rang	O
pour	O
ménager	O
la	O
vie	O
plus	O
utile	O
des	O
pères	O
.	O
«	O
Va	O
...	O
recule	O
,	O
tu	O
as	O
des	O
enfants	O
...	O

Je	O
n	O
'	O
en	O
ai	O
point	O
.	O
,	O
si	O
je	O
crève	O
;	O
tu	O
recueilleras	O
ma	O
vieille	O
mère	O
...	O
»	O

—	O
«	O
Entendu	O
...	O
avance	O
!	O
»	O

L	O
'	O
adjudant	O
veut	O
rétablir	O
les	O
rangs	O
et	O
il	O
gronde	O
avec	O
d	O
'	O
affreux	O
jurons	O
...	O

—	O
Laissez	O
,	O
dit	O
Philippe	B-PER
...	O

laissez	O
-	O
les	O
se	O
préparer	O
à	O
la	O
mort	O
comme	O
il	O
leur	O
convient	O
,	O
afin	O
qu	O
'	O
ils	O
ne	O
nous	O
exècrent	O
pas	O
,	O
nous	O
,	O
les	O
bourreaux	O
!	O
...	O

Un	O
murmure	O
d	O
'	O
étonnement	O
fait	O
frissonner	O
les	O
épaules	O
des	B-MISC
Guides	I-MISC
,	O
et	O
ils	O
regardent	O
le	O
jeune	O
cornette	O
,	O
dont	O
la	O
face	O
douloureuse	O
s	O
'	O
illumine	O
...	O

Il	O
pense	O
à	O
ce	O
désespoir	O
humain	O
;	O
il	O
souffre	O
.	O

La	O
compassion	O
de	O
son	O
épouse	O
le	O
navre	O
,	O
parce	O
qu	O
'	O
elle	O
ne	O
peut	O
lui	O
offrir	O
une	O
autre	O
sorte	O
d	O
'	O
amour	O
.	O

Ah	O
!	O
conquérir	O
son	O
admiration	O
par	O
un	O
grand	O
sacrifice	O
,	O
par	O
la	O
beauté	O
de	O
la	O
mort	O
sans	O
gloire	O
...	O

Un	O
cavalier	O
accourt	O
vers	O
sa	O
troupe	O
...	O

Le	B-PER
capitaine	I-PER
ordonne	O
que	O
le	O
cornette	O
entraîne	O
ses	O
hommes	O
au	O
galop	O
de	O
charge	O
,	O
en	O
se	O
dissimulant	O
dans	O
le	O
chemin	O
creux	O
...	O

Sûrement	O
,	O
il	O
atteindra	O
,	O
de	O
la	O
sorte	O
,	O
cette	O
batterie	O
ennemie	O
qui	O
trotte	O
sans	O
défiance	O
pour	O
prendre	O
position	O
...	O

Le	O
régiment	O
va	O
s	O
'	O
élancer	O
pour	O
le	O
soutenir	O
...	O

—	O
Les	O
voyez	O
-	O
vous	O
,	O
mon	O
officier	O
.	O

Ils	O
sont	O
à	O
un	O
mille	O
à	O
peine	O
...	O

Le	O
bois	O
de	O
mélèzes	O
nous	O
dérobe	O
à	O
leurs	O
éclaireurs	O
.	O

Nous	O
les	O
tenons	O
...	O
Pour	O
charger	O
!	O
!	O
Au	O
galop	O
!	O
!	O
!	O
...	O
En	O
avant	O
...	O
Philippe	B-PER
sent	O
son	O
cheval	O
bondir	O
avec	O
le	O
commandement	O
...	O

La	O
bête	O
l	O
'	O
emporte	O
contre	O
sa	O
volonté	O
hésitante	O
.	O

Il	O
voudrait	O
crier	O
:	O
«	O
Arrière	O
!	O
..	O
,	O
trève	O
de	O
meurtre	O
!	O
...	O
mes	O
camarades	O
...	O
»	O

La	O
bête	O
l	O
'	O
emporte	O
dans	O
la	O
galopade	O
forceneée	O
du	O
peloton	O
.	O

Elle	O
l	O
'	O
emporte	O
comme	O
la	O
force	O
des	O
choses	O
,	O
la	O
fatalité	O
de	O
la	O
vie	O
,	O
le	O
rythme	O
supérieur	O
qui	O
mène	O
les	O
hommes	O
à	O
la	O
douleur	O
,	O
à	O
la	O
mort	O
,	O
à	O
Dieu	B-PER
.	O

Les	O
talus	O
passent	O
,	O
avec	O
leurs	O
saules	O
étronçonnés	O
,	O
dont	O
les	O
branches	O
divergent	O
ainsi	O
que	O
des	O
bras	O
ivres	O
.	O

La	O
terre	O
saute	O
sous	O
le	O
fer	O
des	O
chevaux	O
.	O

Les	O
hommes	O
soufflent	O
de	O
peur	O
...	O

On	O
n	O
'	O
arrivera	O
jamais	O
.	O

On	O
arrivera	O
trop	O
tôt	O
...	O

Le	O
talus	O
a	O
cessé	O
,	O
et	O
,	O
devant	O
eux	O
,	O
ce	O
sont	O
vingt	O
pauvres	O
rustres	O
,	O
couverts	O
de	O
boue	O
,	O
pendus	O
aux	O
courroies	O
d	O
'	O
un	O
canon	O
,	O
que	O
l	O
'	O
attelage	O
tire	O
malaisément	O
dans	O
le	O
labour	O
...	O

Des	O
têtes	O
effarées	O
et	O
livides	O
se	O
tournent	O
vers	O
les	O
Guides	O
...	O

Des	O
hurlements	O
incompréhensibles	O
s	O
'	O
échangent	O
.	O

Un	O
homme	O
à	O
cheval	O
tire	O
un	O
coup	O
de	O
feu	O
;	O
la	O
flamme	O
semble	O
jaillir	O
de	O
son	O
poing	O
...	O

Le	O
peloton	O
s	O
'	O
enlève	O
dans	O
un	O
élan	O
dernier	O
,	O
et	O
va	O
s	O
'	O
abattre	O
sur	O
les	O
misérables	O
,	O
dont	O
les	O
mains	O
tremblantes	O
ne	O
trouvent	O
plus	O
les	O
gâchettes	O
des	O
carabines	O
...	O
«	O
Halte	O
!	O
»	O

Philippe	B-PER
a	O
crié	O
;	O
les	O
chevaux	O
fléchissent	O
sous	O
le	O
coup	O
de	O
bride	O
...	O

Et	O
,	O
maintenant	O
,	O
il	O
se	O
trouve	O
stupide	O
dans	O
le	O
relatif	O
silence	O
,	O
ne	O
sachant	O
plus	O
pourquoi	O
il	O
a	O
commandé	O
cette	O
halte	O
...	O

d	O
'	O
autant	O
que	O
les	O
artilleurs	O
le	O
couchent	O
en	O
joue	O
...	O
«	O
La	O
paix	O
!	O
»	O
crie	O
-	O
t	O
-	O
il	O
encore	O
...	O

et	O
il	O
continue	O
dans	O
leur	O
langage	O
...	O
«	O
Nous	O
aurions	O
pu	O
vous	O
massacrer	O
...	O

Mais	O
le	O
temps	O
est	O
venu	O
de	O
l	O
'	O
amour	O
...	O

Il	O
ne	O
faut	O
plus	O
se	O
tuer	O
...	O

Il	O
ne	O
faut	O
plus	O
se	O
tuer	O
...	O

Nous	O
ne	O
voulons	O
plus	O
tuer	O
,	O
nous	O
sommes	O
frères	O
...	O

les	O
pauvres	O
frères	O
humains	O
...	O

La	O
paix	O
!	O

ne	O
la	O
voulez	O
-	O
vous	O
pas	O
?	O
...	O
Prenons	O
la	O
paix	O
!	O

Aimons	O
-	O
nous	O
!	O
»	O

Sans	O
doute	O
,	O
les	O
ennemis	O
crurent	O
-	O
ils	O
qu	O
'	O
il	O
annonçait	O
la	O
bonne	O
nouvelle	O
d	O
'	O
une	O
paix	O
réelle	O
,	O
subitement	O
conclue	O
,	O
car	O
ils	O
abaissèrent	O
leurs	O
armes	O
,	O
et	O
puis	O
ce	O
fut	O
un	O
immense	O
éclat	O
de	O
joie	O
.	O

Ils	O
couraient	O
les	O
uns	O
aux	O
autres	O
et	O
ils	O
s	O
'	O
embrassaient	O
;	O

Les	O
Guides	B-PER
se	O
mirent	O
à	O
rire	O
aussi	O
,	O
sans	O
savoir	O
.	O

L	O
'	O
adjudant	O
piqua	O
des	O
deux	O
et	O
repartit	O
vers	O
le	O
régiment	O
.	O

Philippe	B-PER
ne	O
parlait	O
plus	O
...	O

Il	O
pressait	O
,	O
entre	O
ses	O
doigts	O
,	O
la	O
touffe	O
de	O
lilas	O
donnée	O
,	O
à	O
son	O
départ	O
,	O
par	O
Francine	B-PER
et	O
Philomène	B-PER
...	O
,	O
et	O
il	O
se	O
réjouissait	O
,	O
en	O
songeant	O
qu	O
'	O
il	O
venait	O
d	O
'	O
agir	O
selon	O
leurs	O
voeux	O
de	O
bonté	O
...	O

Il	O
allait	O
reprendre	O
ses	O
exhortations	O
à	O
l	O
'	O
amour	O
,	O
lorsqu	O
'	O
il	O
s	O
'	O
aperçut	O
que	O
la	O
troupe	O
ennemie	O
grossissait	O
.	O

Bientôt	O
,	O
ses	O
Guides	O
furent	O
enveloppés	O
par	O
les	O
uniformes	O
verts	O
et	O
blancs	O
des	O
artilleurs	O
.	O

Il	O
voulut	O
s	O
'	O
expliquer	O
,	O
mais	O
un	O
vieil	O
officier	O
survint	O
...	O
qui	O
lui	O
arracha	O
son	O
sabre	O
...	O

Il	O
était	O
prisonnier	O
...	O
.	O

Par	O
un	O
dimanche	O
,	O
le	O
dimanche	O
qui	O
suivit	O
,	O
au	O
matin	O
,	O
dans	O
le	B-LOC
Fort	I-LOC
,	O
il	O
passa	O
devant	O
la	O
maison	O
du	O
colonel	O
-	O
gouverneur	O
.	O

L	O
'	O
épanouissement	O
des	O
lilas	O
paraît	O
les	O
murs	O
d	O
'	O
une	O
neige	O
suspendue	O
.	O

Les	O
soeurs	O
étaient	O
là	O
qui	O
l	O
'	O
attendaient	O
à	O
la	O
grille	O
.	O

Francine	B-PER
fondit	O
en	O
pleurs	O
,	O
mais	O
Philomène	B-PER
lui	O
parut	O
radieuse	O
.	O

Sa	O
beauté	O
grandie	O
s	O
'	O
exaltait	O
.	O

Elle	O
lui	O
jeta	O
une	O
touffe	O
de	O
lilas	O
qu	O
'	O
elle	O
avait	O
contre	O
ses	O
lèvres	O
.	O

Un	O
soldat	O
de	O
l	O
'	O
escorte	O
la	O
ramassa	O
et	O
la	O
lui	O
remit	O
.	O

Il	O
la	O
porta	O
vers	O
sa	O
bouche	O
...	O

On	O
descendit	O
par	O
le	O
chemin	O
de	O
ronde	O
.	O

Philomène	B-PER
l	O
'	O
appela	O
du	O
haut	O
de	O
la	O
terrasse	O
...	O

Pendant	O
qu	O
'	O
il	O
en	O
longeait	O
le	O
mur	O
,	O
elle	O
lui	O
disait	O
:	O
«	O
Je	O
t	O
'	O
admire	O
et	O
je	O
t	O
'	O
adore	O
,	O
parce	O
que	O
tu	O
as	O
ouvert	O
l	O
'	O
ère	O
nouvelle	O
de	O
l	O
'	O
amour	O
,	O
et	O
que	O
ton	O
sang	O
va	O
la	O
sanctifier	O
...	O
»	O

Philippe	B-PER
se	O
sentait	O
tout	O
ébloui	O
,	O
en	O
dedans	O
,	O
d	O
'	O
une	O
gloire	O
indicible	O
.	O

Il	O
se	O
plaça	O
de	O
lui	O
-	O
même	O
devant	O
le	O
poteau	O
et	O
il	O
effeuillait	O
les	O
lilas	O
pendant	O
la	O
lecture	O
de	O
l	O
'	O
arrêt	O
de	O
mort	O
.	O

Repris	O
aux	O
mains	O
de	O
l	O
'	O
ennemi	O
,	O
le	O
conseil	O
de	O
guerre	O
le	O
condamnait	O
pour	O
trahison	O
.	O

—	O
Vous	O
n	O
'	O
avez	O
rien	O
à	O
ajouter	O
?	O

—	O
Non	O
...	O
J	O
'	O
ai	O
préféré	O
mourir	O
à	O
tuer	O
...	O

Me	O
voici	O
prêt	O
à	O
subir	O
...	O
le	O
sort	O
...	O

On	O
s	O
'	O
écarta	O
.	O

Une	O
minute	O
,	O
il	O
embrassa	O
du	O
regard	O
l	O
'	O
esplanade	O
,	O
le	O
carré	O
des	O
troupes	O
luisant	O
sous	O
le	O
jeune	O
soleil	O
,	O
et	O
les	O
douze	O
exécuteurs	O
qui	O
s	O
'	O
avançaient	O
.	O
Au	O
-	O
dessus	O
d	O
'	O
eux	O
,	O
sur	O
la	O
terrasse	O
,	O
Philomène	B-PER
se	O
tenait	O
droite	O
contre	O
le	O
ciel	O
,	O
ses	O
mains	O
en	O
baiser	O
.	O

Et	O
elle	O
lui	O
fut	O
l	O
'	O
ange	O
noir	O
qui	O
ouvre	O
aux	O
âmes	O
la	O
porte	O
de	O
la	O
vie	O
nouvelle	O
.	O

Sans	O
la	O
quitter	O
du	O
regard	O
,	O
le	O
coeur	O
chantant	O
,	O
il	O
commanda	O
le	O
feu	O
.	O
