matin	O
de	O
l'an	O
199	O
...	O
,	O
les	B-LOC
murailles	I-LOC
de	I-LOC
Paris	I-LOC
se	O
ta	O
-	O
pissèrent	O
soudain	O
d'affiches	O
colossales	O
.	O
Ces	O
affiches	O
s'exprimaient	O
en	O
ces	O
termes	O
:	O
CONSULTATIONS	O
DU	O
DOCTEUR	B-PER
MYSTÈRE	I-PER
Chirurgien	O
-	O
supernaturel	O
Tous	O
les	O
jours	O
de	O
midi	O
à	O
quatre	O
heures	O
Rue	B-LOC
de	I-LOC
Rivoli	I-LOC
,	O
452	O
Docteur	B-PER
Mystère	I-PER
!	O
Chirurgien	O
-	O
superna	O
-	O
turel	O
!	O
C'était	O
déjà	O
là	O
de	O
quoi	O
tirer	O
l'oeil	O
du	O
passant	O
.	O
Aussi	O
la	O
foule	O
ne	O
tarda	O
-	O
t	O
-	O
elle	O
point	O
à	O
s'amasser	O
devant	O
les	O
placards	O
multicolores	O
.	O
Quel	O
était	O
donc	O
ce	O
savant	O
inconnu	O
qui	O
prétendait	O
allier	O
la	O
science	O
au	O
miracle	O
?	O
D'où	O
venait	O
-	O
il	O
?	O
Que	O
faisait	O
-	O
il	O
?	O
A	O
toutes	O
ces	O
questions	O
,	O
les	O
affiches	O
se	O
chargeaient	O
de	O
répondre	O
avec	O
détail	O
;	O
car	O
elles	O
s'exprimaient	O
ainsi	O
:	O
«	O
Après	O
de	O
longues	O
et	O
patientes	O
recherches	O
,	O
le	B-PER
docteur	I-PER
Mystère	I-PER
,	O
qui	O
a	O
fait	O
du	O
cerveau	O
humain	O
l'objet	O
d'une	O
étude	O
spéciale	O
et	O
obstinée	O
,	O
est	O
arrivé	O
enfin	O
à	O
surprendre	O
le	O
secret	O
de	O
la	O
pensée	O
.	O
«	O
A	O
la	O
suite	O
d'expériences	O
sans	O
nombre	O
,	O
il	O
est	O
parvenu	O
à	O
localiser	O
chaque	O
faculté	O
,	O
chaque	O
penchant	O
,	O
chaque	O
passion	O
de	O
l'homme	O
.	O
«	O
Vices	O
et	O
vertus	O
ont	O
été	O
classés	O
par	O
lui	O
avec	O
une	O
certitude	O
mathématique	O
.	O
«	O
Il	O
a	O
pu	O
dresser	O
en	O
quelque	O
sorte	O
un	O
Atlas	O
cérébral	O
sur	O
lequel	O
est	O
indiquée	O
la	O
place	O
exacte	O
des	O
uns	O
et	O
des	O
autres	O
.	O
«	O
Chaque	O
lobe	O
a	O
sa	O
fonction	O
.	O
Chaque	O
circonvolution	O
correspond	O
à	O
une	O
modulation	O
de	O
notre	O
caractère	O
ou	O
de	O
notre	O
tempérament	O
.	O
«	O
La	O
découverte	O
—	O
qui	O
a	O
fait	O
l'objet	O
de	O
plusieurs	O
rapports	O
aux	O
Académies	O
des	O
deux	O
mondes	O
—	O
était	O
déjà	O
assez	O
belle	O
pour	O
en	O
classer	O
l'auteur	O
au	O
premier	O
rang	O
des	O
physiologistes	O
-	O
psychologues	O
.	O
«	O
Mais	O
il	O
ne	O
s'en	O
est	O
pas	O
tenu	O
là	O
.	O
«	O
Avec	O
une	O
ardeur	O
nouvelle	O
il	O
s'est	O
remis	O
à	O
la	O
tâche	O
,	O
et	O
ses	O
efforts	O
ont	O
été	O
couronnés	O
de	O
succès	O
.	O
«	O
Un	O
succès	O
qui	O
—	O
il	O
peut	O
le	O
dire	O
non	O
sans	O
orgueil	O
—	O
tient	O
presque	O
du	O
prodige	O
et	O
défie	O
l'invraisemblable	O
.	O
«	O
Par	O
un	O
système	O
de	O
son	O
invention	O
,	O
il	O
pratique	O
,	O
sans	O
danger	O
comme	O
sans	O
douleur	O
,	O
une	O
ouverture	O
dans	O
le	O
crâne	O
.	O
Après	O
quoi	O
,	O
il	O
opère	O
à	O
coup	O
sûr	O
dans	O
les	O
lobes	O
—	O
et	O
toujours	O
sans	O
douleur	O
comme	O
sans	O
danger	O
—	O
les	O
modifications	O
nécessaires	O
pour	O
corriger	O
,	O
compléter	O
ou	O
atténuer	O
l'oeuvre	O
de	O
la	O
nature	O
.	O
«	O
Qu'on	O
le	O
mette	O
à	O
l'épreuve	O
.	O
Pas	O
de	O
paroles	O
,	O
des	O
actes	O
.	O
«	O
S'adresser	O
pour	O
tous	O
les	O
renseignements	O
au	O
cabinet	O
du	B-PER
docteur	I-PER
MYSTÈRE	I-PER
,	O
452	O
,	O
rue	B-LOC
de	I-LOC
Rivoli	I-LOC
.	O
»	O
Deux	O
jours	O
après	O
,	O
on	O
se	O
battait	O
à	O
la	O
porte	O
du	B-PER
docteur	I-PER
Mystère	I-PER
.	O
C'était	O
à	O
qui	O
viendrait	O
consulter	O
ce	O
prodigieux	O
chirurgien	O
,	O
chacun	O
voulant	O
lui	O
demander	O
pour	O
lui	O
ou	O
pour	O
les	O
siens	O
la	O
revision	O
de	O
sa	O
constitution	O
.	O
Parmi	O
les	O
plus	O
empressés	O
figurait	O
une	O
charmante	O
petite	O
dame	O
tout	O
de	O
noir	O
vêtue	O
,	O
discrètement	O
voilée	O
,	O
qui	O
,	O
après	O
sept	O
heures	O
d'attente	O
,	O
fut	O
enfin	O
admise	O
dans	O
le	O
cabinet	O
de	O
l'innovateur	O
.	O
Celui	O
-	O
ci	O
fit	O
de	O
la	O
main	O
un	O
signe	O
majestueux	O
qui	O
signifiait	O
:	O
—	O
Asseyez	O
-	O
vous	O
.	O
Puis	O
il	O
attendit	O
.	O
—	O
Docteur	O
...	O
commença	O
la	O
petite	O
dame	O
voilée	O
.	O
Elle	O
s'arrêta	O
comme	O
s'il	O
lui	O
était	O
impossible	O
de	O
vaincre	O
sa	O
timidité	O
.	O
Le	B-PER
docteur	I-PER
Mystère	I-PER
,	O
cambré	O
dans	O
sa	O
dignité	O
,	O
ajusta	O
ses	O
lunettes	O
d'or	O
,	O
regarda	O
la	O
visiteuse	O
et	O
,	O
se	O
décidant	O
à	O
lui	O
tendre	O
la	O
perche	O
:	O
—	O
Madame	O
vient	O
pour	O
que	O
je	O
la	O
revise	O
?	O
Quelle	O
est	O
celle	O
des	O
facultés	O
de	O
madame	O
qu'elle	O
désire	O
modifier	O
?	O
—	O
Aucune	O
,	O
monsieur	O
.	O
Je	O
me	O
trouve	O
très	O
bien	O
comme	O
je	O
suis	O
.	O
La	O
petite	O
dame	O
voilée	O
rougit	O
en	O
s'apercevant	O
que	O
cet	O
aveu	O
était	O
dépouillé	O
de	O
modestie	O
.	O
—	O
Mais	O
alors	O
,	O
madame	O
,	O
dans	O
quel	O
but	O
venez	O
-	O
vous	O
?	O
—	O
Voici	O
,	O
docteur	O
...	O
La	O
consultante	O
fit	O
un	O
suprême	O
effort	O
et	O
,	O
raffermissant	O
sa	O
voix	O
de	O
son	O
mieux	O
:	O
—	O
Docteur	O
,	O
je	O
suis	O
mariée	O
.	O
Mariée	O
à	O
un	O
homme	O
qui	O
me	O
trompe	O
indignement	O
.	O
—	O
Le	O
cas	O
n'est	O
pas	O
rare	O
,	O
madame	O
,	O
opina	O
le	O
docteur	O
;	O
mais	O
il	O
est	O
inexcusable	O
quand	O
on	O
a	O
affaire	O
à	O
une	O
femme	O
aussi	O
...	O
—	O
N'est	O
-	O
ce	O
pas	O
,	O
docteur	O
?	O
C'est	O
une	O
indignité	O
.	O
Courir	O
ainsi	O
avec	O
la	O
première	O
venue	O
!	O
Car	O
c'est	O
la	O
première	O
venue	O
,	O
monsieur	O
.	O
Avant	O
d'avoir	O
lu	O
vos	O
prospectus	O
,	O
je	O
me	O
figurais	O
que	O
c'était	O
sans	O
remède	O
;	O
mais	O
quand	O
j'ai	O
connu	O
vos	O
théories	O
,	O
je	O
me	O
suis	O
dit	O
que	O
peut	O
-	O
être	O
il	O
y	O
aurait	O
de	O
la	O
ressource	O
.	O
Et	O
je	O
suis	O
accourue	O
.	O
—	O
Pardon	O
,	O
madame	O
.	O
Veuillez	O
m'expliquez	O
plus	O
nettement	O
ce	O
que	O
vous	O
désirez	O
de	O
moi	O
.	O
—	O
Mais	O
,	O
docteur	O
,	O
ne	O
le	O
devinez	O
-	O
vous	O
pas	O
?	O
La	O
passion	O
du	O
...	O
comment	O
dirai	O
-	O
je	O
?	O
...	O
du	O
libertinage	O
...	O
La	O
petite	O
dame	O
voilée	O
rougit	O
encore	O
;	O
mais	O
elle	O
était	O
lancée	O
cette	O
fois	O
et	O
ne	O
s'arrêta	O
pas	O
.	O
—	O
La	O
passion	O
du	O
libertinage	O
doit	O
être	O
localisée	O
,	O
d'après	O
ce	O
que	O
vous	O
dites	O
,	O
dans	O
un	O
lobe	O
du	O
cerveau	O
.	O
—	O
En	O
effet	O
,	O
madame	O
.	O
—	O
Eh	O
bien	O
,	O
je	O
viens	O
vous	O
demander	O
d'opérer	O
mon	O
mari	O
.	O
Rendez	O
-	O
le	O
plus	O
calme	O
,	O
je	O
vous	O
en	O
conjure	O
.	O
Qu'il	O
se	O
contente	O
de	O
sa	O
femme	O
.	O
—	O
Mais	O
,	O
madame	O
,	O
je	O
ne	O
demande	O
pas	O
mieux	O
.	O
Rien	O
de	O
plus	O
facile	O
.	O
—	O
Il	O
me	O
semble	O
que	O
je	O
peux	O
bien	O
lui	O
suffire	O
.	O
—	O
Il	O
me	O
le	O
semble	O
aussi	O
.	O
Seulement	O
,	O
monsieur	O
votre	O
mari	O
voudra	O
-	O
t	O
-	O
il	O
se	O
soumettre	O
à	O
l'opération	O
nécessaire	O
?	O
—	O
Pour	O
cela	O
,	O
je	O
m'en	O
charge	O
.	O
Il	O
est	O
sujet	O
à	O
des	O
migraines	O
terribles	O
dont	O
il	O
voudrait	O
se	O
débarrasser	O
à	O
tout	O
prix	O
.	O
Je	O
lui	O
dirai	O
que	O
votre	O
traitement	O
est	O
infaillible	O
aussi	O
pour	O
les	O
migraines	O
.	O
Vous	O
lui	O
confirmerez	O
mon	O
dire	O
et	O
il	O
se	O
laissera	O
faire	O
.	O
Mais	O
vous	O
me	O
répondez	O
qu'Alfred	B-PER
ne	O
court	O
aucun	O
danger	O
,	O
n'estce	O
pas	O
?	O
—	O
Aucun	O
,	O
madame	O
,	O
absolument	O
aucun	O
.	O
Ah	O
!	O
la	O
vieille	O
chirurgie	O
n'en	O
reviendrait	O
pas	O
.	O
Je	O
trépane	O
un	O
homme	O
,	O
je	O
manipule	O
son	O
cerveau	O
et	O
je	O
recolle	O
le	O
tout	O
sans	O
douleur	O
.	O
C'est	O
l'affaire	O
de	O
dix	O
minutes	O
.	O
—	O
Docteur	O
,	O
que	O
de	O
reconnaissance	O
!	O
Car	O
c'était	O
affreux	O
de	O
penser	O
qu'Alfred	B-PER
me	O
trompait	O
toute	O
la	O
journée	O
.	O
Oui	O
,	O
docteur	O
,	O
toute	O
la	O
journée	O
.	O
—	O
Soyez	O
tranquille	O
,	O
nous	O
le	O
tempérerons	O
.	O
Je	O
réponds	O
de	O
tout	O
.	O
—	O
C'est	O
admirable	O
.	O
—	O
Admirable	O
,	O
en	O
effet	O
,	O
madame	O
.	O
Amenez	O
-	O
le	O
-	O
moi	O
lundi	O
.	O
A	O
deux	O
heures	O
.	O
—	O
A	O
deux	O
heures	O
,	O
docteur	O
.	O
C'est	O
entendu	O
.	O
Et	O
la	O
petite	O
dame	O
voilée	O
sortit	O
d'un	O
pas	O
allègre	O
.	O
Le	O
lundi	O
suivant	O
,	O
à	O
l'heure	O
dite	O
et	O
comme	O
il	O
avait	O
été	O
convenu	O
,	O
elle	O
revenait	O
amenant	O
Alfred	B-PER
.	O
Un	O
fort	O
gaillard	O
,	O
ma	O
foi	O
,	O
dont	O
les	O
apparences	O
justifiaient	O
les	O
renseignements	O
fournis	O
par	O
sa	O
femme	O
.	O
La	O
foule	O
était	O
plus	O
nombreuse	O
que	O
jamais	O
dans	O
les	O
salons	O
du	B-PER
docteur	I-PER
Mystère	I-PER
.	O
A	O
tel	O
point	O
que	O
le	O
concierge	O
avait	O
dû	O
fermer	O
la	O
porte	O
cochère	O
et	O
ne	O
laisser	O
entrer	O
que	O
sur	O
la	O
présentation	O
d'une	O
carte	O
.	O
Mais	O
,	O
comme	O
le	O
docteur	O
avait	O
eu	O
soin	O
de	O
remettre	O
un	O
«	O
Sésame	B-PER
,	O
ouvre	O
-	O
toi	O
»	O
à	O
sa	O
cliente	O
,	O
elle	O
pénétra	O
sans	O
encombre	O
.	O
Quand	O
elle	O
eut	O
été	O
,	O
avec	O
Alfred	B-PER
,	O
introduite	O
dans	O
le	O
cabinet	O
:	O
—	O
Docteur	O
,	O
dit	O
-	O
elle	O
,	O
je	O
vous	O
amène	O
mon	O
mari	O
.	O
Vous	O
savez	O
...	O
Pour	O
ses	O
affreuses	O
migraines	O
.	O
Elle	O
lui	O
faisait	O
en	O
même	O
temps	O
un	O
petit	O
signe	O
de	O
l'oeil	O
,	O
qu'il	O
comprit	O
.	O
C'était	O
un	O
matois	O
qui	O
ne	O
se	O
troublait	O
pas	O
au	O
milieu	O
de	O
l'invraisemblable	O
affluence	O
de	O
visiteurs	O
attirés	O
par	O
sa	O
découverte	O
merveilleuse	O
.	O
—	O
Veuillez	O
,	O
monsieur	O
,	O
dit	O
-	O
il	O
à	O
Alfred	B-PER
,	O
vous	O
placer	O
sur	O
ce	O
fauteuil	O
.	O
Vous	O
ne	O
sentirez	O
rien	O
...	O
Le	O
mari	O
de	O
la	O
petite	O
dame	O
voilée	O
s'assit	O
.	O
Le	O
docteur	O
procéda	O
.	O
Au	O
bout	O
d'un	O
quart	O
d'heure	O
tout	O
au	O
plus	O
,	O
les	O
choses	O
étaient	O
remises	O
en	O
place	O
.	O
—	O
C'est	O
fait	O
,	O
dit	O
l'étrange	O
praticien	O
.	O
Et	O
Alfred	B-PER
,	O
souriant	O
,	O
se	O
leva	O
,	O
paya	O
et	O
sortit	O
avec	O
sa	O
femme	O
qui	O
paraissait	O
ravie	O
.	O
II	O
Cependant	O
la	O
découverte	O
du	B-PER
docteur	I-PER
Mystère	I-PER
avait	O
continué	O
à	O
faire	O
à	O
Paris	B-LOC
grand	O
va	O
-	O
came	O
.	O
Bien	O
que	O
le	O
commencement	O
du	O
xxᵉ	O
siècle	O
fût	O
accoutumé	O
aux	O
prodiges	O
,	O
la	O
nouvelle	O
méthode	O
surpassait	O
tellement	O
en	O
étrangeté	O
tout	O
ce	O
qu'on	O
avait	O
vu	O
jusqu'alors	O
,	O
que	O
l'émotion	O
était	O
à	O
son	O
comble	O
.	O
Corriger	O
l'oeuvre	O
de	O
la	O
nature	O
,	O
ainsi	O
que	O
le	O
docteur	O
le	O
disait	O
lui	O
-	O
même	O
dans	O
ses	O
prospectus	O
;	O
raturer	O
,	O
pour	O
ainsi	O
dire	O
,	O
le	O
cerveau	O
humain	O
:	O
c'était	O
,	O
il	O
faut	O
en	O
convenir	O
,	O
la	O
plus	O
audacieuse	O
des	O
invraisemblances	O
.	O
Aussi	O
de	O
vives	O
polémiques	O
étaient	O
-	O
elles	O
engagées	O
dans	O
toute	O
la	O
presse	O
.	O
Ainsi	O
qu'il	O
arrive	O
toujours	O
en	O
pareil	O
cas	O
,	O
tandis	O
que	O
les	O
uns	O
proclamaient	O
que	O
le	O
hardi	O
expérimentateur	O
était	O
un	O
homme	O
de	O
génie	O
,	O
les	O
autres	O
le	O
taxaient	O
d'effronté	O
charlatan	O
.	O
L'Académie	B-ORG
des	I-ORG
sciences	I-ORG
et	O
l'Académie	B-ORG
de	I-ORG
médecine	I-ORG
ne	O
pouvaient	O
,	O
de	O
leur	O
côté	O
,	O
rester	O
indifférentes	O
.	O
Elles	O
avaient	O
consacré	O
chacune	O
une	O
séance	O
entière	O
à	O
l'examen	O
des	O
doctrines	O
et	O
des	O
procédés	O
préconisés	O
par	O
l'innovateur	O
.	O
Comme	O
toujours	O
,	O
la	O
discussion	O
avait	O
été	O
aussi	O
confuse	O
que	O
stérile	O
.	O
Les	O
principales	O
sommités	O
des	O
deux	B-ORG
Académies	I-ORG
s'étaient	O
prises	O
aux	O
cheveux	O
avec	O
leur	O
pétulance	O
ordinaire	O
.	O
On	O
avait	O
voté	O
une	O
enquête	O
;	O
mais	O
,	O
le	O
moment	O
venu	O
d'élire	O
les	O
commissaires	O
,	O
personne	O
n'avait	O
plus	O
voulu	O
faire	O
partie	O
de	O
la	O
commission	O
chargée	O
de	O
donner	O
des	O
conclusions	O
péremptoires	O
.	O
Et	O
le	O
public	O
,	O
dont	O
rien	O
ne	O
pouvait	O
guider	O
l'incompétence	O
,	O
continuait	O
à	O
se	O
ruer	O
de	O
plus	O
belle	O
aux	O
consultations	O
du	B-PER
docteur	I-PER
Mystère	I-PER
.	O
L'évidence	O
était	O
là	O
,	O
d'ailleurs	O
.	O
On	O
ne	O
pouvait	O
pas	O
nier	O
la	O
matérialité	O
des	O
faits	O
.	O
Le	O
docteur	O
opérait	O
bien	O
comme	O
l'indiquaient	O
ses	O
prospectus	O
.	O
Il	O
avait	O
déjà	O
ouvert	O
ainsi	O
un	O
nombre	O
considérable	O
de	O
crânes	O
.	O
Il	O
avait	O
exécuté	O
dans	O
les	O
cervelles	O
les	O
ablations	O
et	O
remaniements	O
stipulés	O
.	O
C'était	O
vraiment	O
miraculeux	O
.	O
Il	O
ne	O
restait	O
plus	O
qu	O
'	O
à	O
voir	O
quels	O
effets	O
définitifs	O
produisait	O
le	O
système	O
.	O
Car	O
le	O
praticien	O
avait	O
déclaré	O
lui	O
-	O
même	O
qu'il	O
fallait	O
un	O
délai	O
de	O
trois	O
mois	O
avant	O
que	O
les	O
facultés	O
par	O
lui	O
revisées	O
eussent	O
repris	O
leur	O
équilibre	O
et	O
recommencé	O
à	O
fonctionner	O
normalement	O
.	O
Ce	O
délai	O
de	O
trois	O
mois	O
venait	O
d'expirer	O
pour	O
les	O
premiers	O
opérés	O
.	O
Et	O
voilà	O
que	O
soudain	O
coururent	O
à	O
travers	O
Paris	B-LOC
des	O
rumeurs	O
bizarres	O
.	O
On	O
racontait	O
,	O
d'abord	O
à	O
mots	O
couverts	O
,	O
que	O
les	O
opérations	O
subies	O
avaient	O
amené	O
les	O
résultats	O
les	O
plus	O
étranges	O
.	O
Bientôt	O
ce	O
fut	O
un	O
crescendo	O
formidable	O
.	O
Quolibets	O
des	O
uns	O
,	O
imprécations	O
des	O
autres	O
.	O
Que	O
se	O
passait	O
-	O
il	O
donc	O
?	O
Il	O
se	O
passait	O
un	O
fait	O
très	O
curieusement	O
cocasse	O
.	O
Ainsi	O
qu'il	O
l'avait	O
affirmé	O
dans	O
ses	O
réclames	O
,	O
le	B-PER
docteur	I-PER
Mystère	I-PER
avait	O
bien	O
trouvé	O
le	O
moyen	O
de	O
scalper	O
les	O
gens	O
pour	O
le	O
bon	O
motif	O
,	O
le	O
moyen	O
aussi	O
d'exécuter	O
,	O
sans	O
danger	O
pour	O
la	O
vie	O
,	O
des	O
variations	O
sur	O
les	O
cervelles	O
.	O
Il	O
n'avait	O
oublié	O
qu'un	O
point	O
,	O
—	O
hélas	O
!	O
le	O
plus	O
important	O
de	O
tous	O
,	O
—	O
il	O
lui	O
était	O
impossible	O
de	O
doser	O
avec	O
précision	O
.	O
Et	O
alors	O
vous	O
comprenez	O
quelles	O
conséquences	O
extraordinaires	O
,	O
comiques	O
pour	O
la	O
galerie	O
,	O
terribles	O
pour	O
les	O
intéressés	O
,	O
devait	O
avoir	O
ce	O
hasard	O
de	O
la	O
fourchette	O
.	O
Il	O
circulait	O
,	O
à	O
ce	O
sujet	O
,	O
des	O
histoires	O
étonnantes	O
.	O
Un	O
monsieur	O
avait	O
conduit	O
au	O
docteur	O
son	O
fils	O
,	O
dont	O
le	O
tempérament	O
querelleur	O
l'alarmait	O
pour	O
l'avenir	O
;	O
car	O
,	O
à	O
vingt	O
-	O
deux	O
ans	O
,	O
il	O
avait	O
déjà	O
eu	O
trois	O
duels	O
.	O
Le	O
chirurgien	O
surnaturel	O
avait	O
joué	O
du	O
scalpel	O
.	O
Et	O
voilà	O
que	O
le	O
jeune	O
homme	O
avait	O
été	O
métamorphosé	O
,	O
mais	O
avec	O
excès	O
.	O
Le	O
chirurgien	O
lui	O
avait	O
trop	O
enlevé	O
de	O
sa	O
combativité	O
.	O
Si	O
bien	O
que	O
le	O
malheureux	O
était	O
devenu	O
d'une	O
poltronnerie	O
honteuse	O
,	O
effrayé	O
de	O
tout	O
,	O
tremblant	O
au	O
moindre	O
geste	O
et	O
se	O
laissant	O
administrer	O
par	O
tout	O
le	O
monde	O
des	O
soufflets	O
à	O
main	O
que	O
veux	O
-	O
tu	O
.	O
Ailleurs	O
,	O
le	B-PER
docteur	I-PER
Mystère	I-PER
avait	O
traité	O
un	O
prodigue	O
qui	O
jetait	O
l'argent	O
par	O
toutes	O
les	O
fenêtres	O
.	O
Et	O
la	O
prodigalité	O
avait	O
fait	O
place	O
à	O
une	O
pingrerie	O
hideuse	O
qui	O
faisait	O
regretter	O
amèrement	O
le	O
premier	O
défaut	O
.	O
Pas	O
de	O
dosage	O
,	O
pas	O
de	O
dosage	O
!	O
Tout	O
le	O
mal	O
venait	O
de	O
là	O
;	O
et	O
malheureusement	O
il	O
était	O
irréparable	O
.	O
Pas	O
de	O
dosage	O
!	O
C'est	O
ce	O
qui	O
fit	O
qu'un	O
matin	O
,	O
à	O
l'heure	O
de	O
sa	O
consultation	O
,	O
le	B-PER
docteur	I-PER
Mystère	I-PER
vit	O
soudain	O
entrer	O
comme	O
un	O
tourbillon	O
dans	O
son	O
cabinet	O
une	O
femme	O
exaspérée	O
.	O
C'était	O
la	O
petite	O
dame	O
voilée	O
dont	O
il	O
avait	O
traité	O
le	O
mari	O
dans	O
les	O
conditions	O
ci	O
-	O
dessus	O
exposées	O
.	O
.	O
En	O
apercevant	O
cette	O
brusque	O
visiteuse	O
,	O
en	O
voyant	O
sur	O
son	O
visage	O
l'expression	O
d'une	O
colère	O
incapable	O
de	O
se	O
contenir	O
,	O
le	O
médecin	O
devina	O
tout	O
de	O
suite	O
qu'il	O
allait	O
encore	O
avoir	O
affaire	O
à	O
une	O
réclamation	O
furibonde	O
.	O
Hélas	O
!	O
ce	O
qu'il	O
en	O
avait	O
déjà	O
défilé	O
depuis	O
une	O
dizaine	O
de	O
jours	O
!	O
...	O
—	O
Monsieur	O
,	O
vous	O
me	O
reconnaissez	O
,	O
n'est	O
-	O
ce	O
pas	O
?	O
éclata	O
tout	O
d'un	O
coup	O
la	O
courroucée	O
.	O
—	O
Madame	O
...	O
je	O
...	O
c'est	O
-	O
à	O
-	O
dire	O
...	O
J'ai	O
bien	O
conscience	O
de	O
vous	O
avoir	O
déjà	O
vue	O
,	O
mais	O
je	O
ne	O
sais	O
au	O
juste	O
dans	O
quelles	O
conditions	O
...	O
—	O
Et	O
moi	O
je	O
ne	O
le	O
sais	O
que	O
trop	O
...	O
Oh	O
!	O
oui	O
,	O
je	O
ne	O
le	O
sais	O
que	O
trop	O
.	O
Elle	O
se	O
laissa	O
tomber	O
sur	O
un	O
fauteuil	O
.	O
Puis	O
soudain	O
elle	O
rebondit	O
sous	O
l'aiguillon	O
de	O
l'indignation	O
.	O
—	O
Mais	O
cela	O
ne	O
se	O
passera	O
pas	O
comme	O
ça	O
...	O
Non	O
,	O
ça	O
ne	O
se	O
passera	O
pas	O
...	O
Vous	O
me	O
devez	O
une	O
réparation	O
,	O
et	O
...	O
—	O
Je	O
vous	O
serais	O
obligé	O
,	O
madame	O
,	O
de	O
me	O
rappeler	O
en	O
quelle	O
circonstance	O
...	O
—	O
Monsieur	O
,	O
je	O
suis	O
mariée	O
;	O
mariée	O
à	O
un	O
mari	O
qui	O
me	O
désolait	O
par	O
ses	O
fredaines	O
.	O
—	O
Ah	O
!	O
je	O
me	O
rappelle	O
à	O
présent	O
.	O
—	O
Vous	O
vous	O
rappelez	O
?	O
C'est	O
bien	O
heureux	O
!	O
...	O
Je	O
suis	O
venue	O
vous	O
trouver	O
,	O
sur	O
la	O
foi	O
de	O
vos	O
affiches	O
effrontées	O
.	O
—	O
Permettez	O
...	O
—	O
Oui	O
,	O
effrontées	O
.	O
Et	O
le	O
mot	O
est	O
trop	O
doux	O
encore	O
.	O
Je	O
vous	O
ai	O
exposé	O
le	O
cas	O
d'Alfred	B-PER
,	O
en	O
vous	O
suppliant	O
de	O
le	O
modérer	O
.	O
—	O
J	O
'	O
y	O
ai	O
consenti	O
,	O
madame	O
,	O
sur	O
vos	O
instances	O
.	O
Qu'avez	O
-	O
vous	O
à	O
réclamer	O
?	O
—	O
Vous	O
demandez	O
ce	O
que	O
j'ai	O
à	O
réclamer	O
!	O
Mais	O
vous	O
ne	O
savez	O
donc	O
pas	O
ce	O
que	O
vous	O
avez	O
fait	O
,	O
malheureux	O
?	O
Et	O
la	O
petite	O
dame	O
voilée	O
s'était	O
rapprochée	O
du	O
docteur	O
comme	O
si	O
elle	O
voulait	O
lui	O
arracher	O
les	O
yeux	O
.	O
—	O
Veuillez	O
recouvrer	O
un	O
peu	O
de	O
calme	O
,	O
clama	O
celui	O
-	O
ci	O
,	O
vraiment	O
épouvanté	O
.	O
—	O
J'en	O
ai	O
assez	O
,	O
du	O
calme	O
;	O
j'en	O
ai	O
trop	O
.	O
Alfred	B-PER
m'en	O
a	O
dégoûtée	O
pour	O
toujours	O
.	O
Ah	O
!	O
je	O
me	O
plaignais	O
autrefois	O
de	O
ce	O
qu'il	O
était	O
trop	O
fougueux	O
...	O
Enfin	O
,	O
monsieur	O
,	O
si	O
vous	O
avez	O
un	O
peu	O
de	O
conscience	O
...	O
Qu'est	O
-	O
ce	O
qu'il	O
a	O
été	O
convenu	O
entre	O
nous	O
?	O
Que	O
vous	O
tem	O
-	O
péreriez	O
Alfred	B-PER
,	O
afin	O
que	O
je	O
puisse	O
désormais	O
suffire	O
à	O
son	O
bonheur	O
.	O
—	O
Je	O
ne	O
prétends	O
pas	O
le	O
contraire	O
.	O
—	O
Vous	O
ne	O
prétendez	O
pas	O
,	O
mais	O
les	O
faits	O
sont	O
là	O
.	O
Il	O
avait	O
été	O
convenu	O
,	O
je	O
vous	O
le	O
répète	O
,	O
que	O
vous	O
le	O
tempéreriez	O
.	O
Au	O
lieu	O
de	O
cela	O
,	O
vous	O
l'avez	O
annulé	O
,	O
monsieur	O
!	O
Complètement	O
annulé	O
!	O
Ce	O
n'est	O
plus	O
un	O
homme	O
.	O
—	O
Vous	O
devez	O
exagérer	O
.	O
J'ai	O
pu	O
me	O
tromper	O
dans	O
une	O
certaine	O
proportion	O
et	O
enlever	O
un	O
peu	O
trop	O
du	O
lobe	O
sensuel	O
,	O
mais	O
...	O
—	O
Mais	O
c'est	O
comme	O
je	O
vous	O
le	O
dis	O
,	O
entendez	O
-	O
vous	O
!	O
Plus	O
rien	O
,	O
plus	O
rien	O
,	O
plus	O
rien	O
!	O
—	O
Croyez	O
alors	O
que	O
je	O
suis	O
désolé	O
.	O
—	O
Je	O
me	O
moque	O
pas	O
mal	O
de	O
votre	O
désolation	O
.	O
Vous	O
allez	O
tout	O
de	O
suite	O
lui	O
restituer	O
une	O
partie	O
de	O
ce	O
que	O
vous	O
lui	O
avez	O
pris	O
...	O
Même	O
tout	O
,	O
plutôt	O
que	O
de	O
le	O
laisser	O
dans	O
l'état	O
où	O
il	O
est	O
.	O
—	O
C'est	O
malheureusement	O
impossible	O
,	O
madame	O
.	O
J'enlève	O
,	O
je	O
ne	O
peux	O
pas	O
remettre	O
.	O
—	O
Mais	O
c'est	O
abominable	O
alors	O
!	O
Mais	O
qu'est	O
-	O
ce	O
que	O
vous	O
voulez	O
que	O
je	O
fasse	O
d'un	O
mari	O
dans	O
un	O
pareil	O
état	O
?	O
Ah	O
!	O
mon	B-PER
Dieu	I-PER
,	O
mon	B-PER
Dieu	I-PER
,	O
que	O
je	O
suis	O
malheureuse	O
!	O
Elle	O
fondit	O
en	O
larmes	O
.	O
—	O
De	O
grâce	O
,	O
madame	O
...	O
—	O
Non	O
,	O
je	O
ne	O
veux	O
pas	O
pleurer	O
,	O
je	O
veux	O
me	O
venger	O
.	O
Nous	O
vous	O
traînerons	O
devant	O
les	O
tribunaux	O
,	O
Alfred	B-PER
et	O
moi	O
.	O
Vous	O
êtes	O
un	O
misérable	O
,	O
un	O
voleur	O
.	O
Oui	O
,	O
un	O
voleur	O
!	O
A	O
bientôt	O
...	O
Elle	O
sortit	O
,	O
se	O
répandant	O
à	O
travers	O
l'appartement	O
et	O
l'escalier	O
en	O
imprécations	O
avec	O
lesquelles	O
la	O
foule	O
faisait	O
chorus	O
.	O
La	O
petite	O
dame	O
voilée	O
tint	O
parole	O
.	O
Elle	O
intenta	O
un	O
procès	O
.	O
Mais	O
quand	O
vint	O
le	O
jour	O
de	O
la	O
plaidoirie	O
,	O
le	B-PER
docteur	I-PER
Mystère	I-PER
avait	O
pris	O
la	O
fuite	O
pour	O
échapper	O
à	O
la	O
meute	O
des	O
récriminations	O
.	O
L'avocat	O
de	O
la	O
petite	O
dame	O
lui	O
conseilla	O
alors	O
de	O
divorcer	O
,	O
puis	O
,	O
en	O
attendant	O
,	O
lui	O
offrit	O
ses	O
consolations	O
.	O
Elle	O
accepta	O
les	O
consolations	O
et	O
suivit	O
le	O
conseil	O
.	O
Quant	O
à	O
l'infortuné	O
Alfred	B-PER
,	O
victime	O
de	O
l	O
'	O
méthode	O
intra	O
-	O
cérébrale	O
,	O
on	O
assure	O
qu'il	O
est	O
parti	O
pour	O
Constantinople	B-LOC
,	O
qu'il	O
s'est	O
fait	O
musulman	O
et	O
qu'on	O
lui	O
a	O
promis	O
là	O
-	O
bas	O
une	O
place	O
en	O
rapport	O
avec	O
son	O
manque	O
d'aptitudes	O
.	O