UNE	un	DET	O	O	O
PRÉDICTION	prédiction	NOUN	O	O	O
PHOTOGRAPHIQUE	photographique	ADJ	O	O	O
Et	et	CCONJ	O	O	O
le	le	DET	O	O	O
collodion	collodion	NOUN	O	O	O
montait	monter	VERB	O	O	O
toujours	toujours	ADV	O	O	O
.	.	PUNCT	O	O	O

I	i	NOUN	O	O	O
En	en	ADP	O	O	O
ce	ce	DET	O	O	O
temps	temps	NOUN	O	O	O
-	-	NOUN	O	O	O
là	là	NOUN	O	O	O
,	,	PUNCT	O	O	O
—	—	PUNCT	O	O	O
vers	vers	ADP	O	O	O
l	l	DET	O	O	O
'	'	DET	O	O	O
an	an	NOUN	O	O	O
2000	2000	NUM	O	O	O
,	,	PUNCT	O	O	O
—	—	PUNCT	O	O	O
le	le	DET	O	O	O
recensement	recensement	NOUN	O	O	O
triennal	triennal	ADJ	O	O	O
de	de	ADP	O	O	O
la	le	DET	O	O	O
population	population	NOUN	O	O	O
parisienne	parisien	ADJ	O	O	O
donne	donne	VERB	O	O	O
un	un	DET	O	O	O
chiffre	chiffre	NOUN	O	O	O
de	de	ADP	O	O	O
6,997,323	6,997,323	NUM	O	O	O
habitants	habitant	NOUN	O	O	O
,	,	PUNCT	O	O	O
sur	sur	ADP	O	O	O
lesquels	lequel	PRON	O	O	O
3,975,000	3,975,000	PRON	O	O	O
exercent	exercer	VERB	O	O	O
la	le	DET	O	O	O
profession	profession	NOUN	O	O	O
de	de	ADP	O	O	O
photographes	photographe	NOUN	O	O	O
.	.	PUNCT	O	O	O

L	l	DET	O	O	O
'	'	DET	O	O	O
autorité	autorité	NOUN	O	O	O
,	,	PUNCT	O	O	O
justement	justement	ADV	O	O	O
émue	émouvoir	VERB	O	O	O
,	,	PUNCT	O	O	O
convoque	convoquer	VERB	O	O	O
d	d	ADP	O	O	O
'	'	ADP	O	O	O
urgence	urgence	NOUN	O	O	O
un	un	DET	O	O	O
congrès	congrès	NOUN	O	O	O
de	de	ADP	O	O	O
statisticiens	statisticien	NOUN	O	O	O
pour	pour	ADP	O	O	O
aviser	aviser	VERB	O	O	O
au	au	ADP	O	O	O
double	double	ADJ	O	O	O
danger	danger	NOUN	O	O	O
signalé	signaler	VERB	O	O	O
par	par	ADP	O	O	O
ces	ce	DET	O	O	O
chiffres	chiffre	NOUN	O	O	O
imprévus	imprévu	ADJ	O	O	O
—	—	PUNCT	O	O	O
qu	que	PRON	O	O	O
'	'	PRON	O	O	O
on	on	PRON	O	O	O
aurait	avoir	AUX	O	O	O
dû	devoir	VERB	O	O	O
prévoir	prévoir	VERB	O	O	O
.	.	PUNCT	O	O	O

Les	le	DET	O	O	O
délibérations	délibération	NOUN	O	O	O
du	de	ADP	O	O	O
congrès	congrès	NOUN	O	O	O
durent	devoir	VERB	O	O	O
un	un	DET	O	O	O
mois	mois	NOUN	O	O	O
et	et	CCONJ	O	O	O
demi	demi	NOUN	O	O	O
;	;	PUNCT	O	O	O
quatre	quatre	NUM	O	O	O
cent	cent	NUM	O	O	O
douze	douze	NUM	O	O	O
discours	discours	NOUN	O	O	O
sont	être	AUX	O	O	O
prononcés	prononcer	VERB	O	O	O
,	,	PUNCT	O	O	O
ce	ce	PRON	O	O	O
qui	qui	PRON	O	O	O
,	,	PUNCT	O	O	O
—	—	PUNCT	O	O	O
vu	voir	ADP	O	O	O
la	le	DET	O	O	O
longueur	longueur	NOUN	O	O	O
des	de	ADP	O	O	O
harangues	harangue	NOUN	O	O	O
,	,	PUNCT	O	O	O
—	—	PUNCT	O	O	O
nécessite	nécessiter	VERB	O	O	O
plusieurs	plusieurs	DET	O	O	O
séances	séance	NOUN	O	O	O
de	de	ADP	O	O	O
nuit	nuit	NOUN	O	O	O
.	.	PUNCT	O	O	O

Un	un	DET	O	O	O
quatre	quatre	NUM	O	O	O
cent	cent	NUM	O	O	O
treizième	treizième	ADJ	O	O	O
orateur	orateur	NOUN	O	O	O
demande	demande	VERB	O	O	O
la	le	DET	O	O	O
parole	parole	NOUN	O	O	O
.	.	PUNCT	O	O	O

Le	le	DET	O	O	O
président	président	NOUN	O	O	O
,	,	PUNCT	O	O	O
se	se	PRON	O	O	O
rappelant	rappeler	VERB	O	O	O
que	que	SCONJ	O	O	O
l	l	DET	O	O	O
'	'	DET	O	O	O
autorité	autorité	NOUN	O	O	O
attend	attendre	VERB	O	O	O
,	,	PUNCT	O	O	O
déclare	déclarer	VERB	O	O	O
la	le	DET	O	O	O
discussion	discussion	NOUN	O	O	O
close	clore	VERB	O	O	O
.	.	PUNCT	O	O	O

Un	un	DET	O	O	O
an	an	NOUN	O	O	O
après	après	ADV	O	O	O
,	,	PUNCT	O	O	O
un	un	DET	O	O	O
volumineux	volumineux	ADJ	O	O	O
rapport	rapport	NOUN	O	O	O
est	être	AUX	O	O	O
déposé	déposer	VERB	O	O	O
par	par	ADP	O	O	O
ledit	ledit	DET	O	O	O
président	président	NOUN	O	O	O
à	à	ADP	O	O	O
la	le	DET	O	O	O
préfecture	préfecture	NOUN	O	O	O
de	de	ADP	O	O	O
la	le	DET	O	O	O
Seine	seine	PROPN	O	O	O
.	.	PUNCT	O	O	O

Les	le	DET	O	O	O
conclusions	conclusion	NOUN	O	O	O
de	de	ADP	O	O	O
ce	ce	DET	O	O	O
rapport	rapport	NOUN	O	O	O
,	,	PUNCT	O	O	O
développées	développer	VERB	O	O	O
en	en	ADP	O	O	O
plusieurs	plusieurs	DET	O	O	O
volumes	volume	NOUN	O	O	O
,	,	PUNCT	O	O	O
se	se	PRON	O	O	O
résument	résumer	VERB	O	O	O
en	en	ADP	O	O	O
ces	ce	DET	O	O	O
deux	deux	NUM	O	O	O
propositions	proposition	NOUN	O	O	O
lumineuses	lumineux	ADJ	O	O	O
:	:	PUNCT	O	O	O
1º	1º	PUNCT	O	O	O
«	«	PUNCT	O	O	O
Si	si	SCONJ	O	O	O
la	le	DET	O	O	O
population	population	NOUN	O	O	O
de	de	ADP	O	O	O
Paris	paris	PROPN	O	O	O
s	s	PRON	O	O	O
'	'	PRON	O	O	O
accroît	accroître	VERB	O	O	O
dans	dans	ADP	O	O	O
des	un	DET	O	O	O
proportions	proportion	NOUN	O	O	O
qui	qui	PRON	O	O	O
menacent	menacer	VERB	O	O	O
l	l	DET	O	O	O
'	'	DET	O	O	O
existence	existence	NOUN	O	O	O
du	de	ADP	O	O	O
reste	reste	NOUN	O	O	O
de	de	ADP	O	O	O
la	le	DET	O	O	O
France	france	PROPN	O	O	O
,	,	PUNCT	O	O	O
la	le	DET	O	O	O
faute	faute	NOUN	O	O	O
en	en	PRON	O	O	O
est	être	VERB	O	O	O
à	à	ADP	O	O	O
l	l	DET	O	O	O
'	'	DET	O	O	O
extension	extension	NOUN	O	O	O
abusive	abusif	ADJ	O	O	O
qu	que	PRON	O	O	O
'	'	PRON	O	O	O
a	avoir	AUX	O	O	O
prise	prendre	VERB	O	O	O
la	le	DET	O	O	O
photographie	photographie	NOUN	O	O	O
;	;	PUNCT	O	O	O
2º	2º	NUM	O	O	O
«	«	PUNCT	O	O	O
Si	si	SCONJ	O	O	O
la	le	DET	O	O	O
photographie	photographie	NOUN	O	O	O
a	avoir	AUX	O	O	O
pris	prendre	VERB	O	O	O
une	un	DET	O	O	O
extension	extension	NOUN	O	O	O
abusive	abusif	ADJ	O	O	O
,	,	PUNCT	O	O	O
la	le	DET	O	O	O
faute	faute	NOUN	O	O	O
en	en	PRON	O	O	O
est	être	VERB	O	O	O
à	à	ADP	O	O	O
l	l	DET	O	O	O
'	'	DET	O	O	O
accroissement	accroissement	NOUN	O	O	O
formidable	formidable	ADJ	O	O	O
qui	qui	PRON	O	O	O
grossit	grossir	VERB	O	O	O
de	de	ADP	O	O	O
jour	jour	NOUN	O	O	O
en	en	ADP	O	O	O
jour	jour	NOUN	O	O	O
la	le	DET	O	O	O
population	population	NOUN	O	O	O
parisienne	parisien	ADJ	O	O	O
.	.	PUNCT	O	O	O

»	»	PUNCT	O	O	O
Puis	pouvoir	CCONJ	O	O	O
les	le	DET	O	O	O
choses	chose	NOUN	O	O	O
reprennent	reprendre	VERB	O	O	O
leur	son	DET	O	O	O
cours	cours	NOUN	O	O	O
accoutumé	accoutumer	VERB	O	O	O
,	,	PUNCT	O	O	O
et	et	CCONJ	O	O	O
les	le	DET	O	O	O
photographes	photographe	NOUN	O	O	O
gagnent	gagner	VERB	O	O	O
un	un	DET	O	O	O
million	million	NOUN	O	O	O
et	et	CCONJ	O	O	O
demi	demi	NOUN	O	O	O
à	à	ADP	O	O	O
débiter	débiter	VERB	O	O	O
les	le	DET	O	O	O
portraits	portrait	NOUN	O	O	O
-	-	NOUN	O	O	O
cartes	carte	NOUN	O	O	O
des	de	ADP	O	O	O
membres	membre	NOUN	O	O	O
du	de	ADP	O	O	O
fameux	fameux	ADJ	O	O	O
congrès	congrès	NOUN	O	O	O
.	.	PUNCT	O	O	O

II	ii	NOUN	O	O	O
En	en	ADP	O	O	O
ce	ce	DET	O	O	O
temps	temps	NOUN	O	O	O
-	-	NOUN	O	O	O
là	là	ADV	O	O	O
,	,	PUNCT	O	O	O
—	—	PUNCT	O	O	O
vers	vers	ADP	O	O	O
l	l	DET	O	O	O
'	'	DET	O	O	O
an	an	NOUN	O	O	O
2050	2050	NUM	O	O	O
,	,	PUNCT	O	O	O
—	—	PUNCT	O	O	O
la	le	DET	O	O	O
population	population	NOUN	O	O	O
de	de	ADP	O	O	O
Paris	paris	PROPN	O	O	O
s	s	PRON	O	O	O
'	'	PRON	O	O	O
élève	élever	VERB	O	O	O
à	à	ADP	O	O	O
12,953,000	12,953,000	NUM	O	O	O
habitants	habitant	NOUN	O	O	O
,	,	PUNCT	O	O	O
le	le	DET	O	O	O
nombre	nombre	NOUN	O	O	O
des	de	ADP	O	O	O
photographes	photographe	NOUN	O	O	O
à	à	ADP	O	O	O
8,650,911	8,650,911	PRON	O	O	O
.	.	PUNCT	O	O	O

Un	un	DET	O	O	O
nouveau	nouveau	ADJ	O	O	O
congrès	congrès	NOUN	O	O	O
de	de	ADP	O	O	O
statistique	statistique	NOUN	O	O	O
,	,	PUNCT	O	O	O
renforcé	renforcer	VERB	O	O	O
d	d	ADP	O	O	O
'	'	ADP	O	O	O
un	un	DET	O	O	O
congrès	congrès	NOUN	O	O	O
d	d	ADP	O	O	O
'	'	ADP	O	O	O
économie	économie	NOUN	O	O	O
politique	politique	ADJ	O	O	O
,	,	PUNCT	O	O	O
est	être	AUX	O	O	O
convoqué	convoquer	VERB	O	O	O
et	et	CCONJ	O	O	O
présente	présente	VERB	O	O	O
des	un	DET	O	O	O
considérations	considération	NOUN	O	O	O
écrasantes	écrasant	ADJ	O	O	O
de	de	ADP	O	O	O
bon	bon	ADJ	O	O	O
sens	sens	NOUN	O	O	O
sur	sur	ADP	O	O	O
l	l	DET	O	O	O
'	'	DET	O	O	O
abandon	abandon	NOUN	O	O	O
des	de	ADP	O	O	O
campagnes	campagne	NOUN	O	O	O
et	et	CCONJ	O	O	O
des	de	ADP	O	O	O
provinces	province	NOUN	O	O	O
:	:	PUNCT	O	O	O
«	«	PUNCT	O	O	O
La	le	DET	O	O	O
désastreuse	désastreux	ADJ	O	O	O
immigration	immigration	NOUN	O	O	O
qui	qui	PRON	O	O	O
entraîne	entraîner	VERB	O	O	O
vers	vers	ADP	O	O	O
la	le	DET	O	O	O
capitale	capitale	NOUN	O	O	O
toutes	tout	ADJ	O	O	O
les	le	DET	O	O	O
convoitises	convoitise	NOUN	O	O	O
,	,	PUNCT	O	O	O
—	—	PUNCT	O	O	O
est	être	AUX	O	O	O
-	-	PRON	O	O	O
il	il	PRON	O	O	O
dit	dire	VERB	O	O	O
dans	dans	ADP	O	O	O
ces	ce	DET	O	O	O
considérations	considération	NOUN	O	O	O
,	,	PUNCT	O	O	O
—	—	PUNCT	O	O	O
n	ne	ADV	O	O	O
'	'	ADV	O	O	O
a	avoir	VERB	O	O	O
qu	qu	ADV	O	O	O
'	'	PUNCT	O	O	O
une	un	DET	O	O	O
cause	cause	NOUN	O	O	O
:	:	PUNCT	O	O	O
la	le	DET	O	O	O
photographie	photographie	NOUN	O	O	O
.	.	PUNCT	O	O	O

«	«	PUNCT	O	O	O
Les	le	DET	O	O	O
immenses	immense	ADJ	O	O	O
fortunes	fortune	NOUN	O	O	O
réalisées	réaliser	VERB	O	O	O
par	par	ADP	O	O	O
tous	tout	ADJ	O	O	O
ceux	celui	PRON	O	O	O
qui	qui	PRON	O	O	O
s	s	PRON	O	O	O
'	'	PRON	O	O	O
adonnent	adonner	VERB	O	O	O
à	à	ADP	O	O	O
cet	ce	DET	O	O	O
art	art	NOUN	O	O	O
,	,	PUNCT	O	O	O
tentent	tenter	VERB	O	O	O
incessamment	incessamment	ADV	O	O	O
les	le	DET	O	O	O
autres	autre	ADJ	O	O	O
classes	classe	NOUN	O	O	O
sociales	social	ADJ	O	O	O
.	.	PUNCT	O	O	O

«	«	PUNCT	O	O	O
Tous	tout	ADJ	O	O	O
les	le	DET	O	O	O
travailleurs	travailleur	NOUN	O	O	O
quittent	quitter	VERB	O	O	O
la	le	DET	O	O	O
charrue	charrue	NOUN	O	O	O
et	et	CCONJ	O	O	O
viennent	venir	VERB	O	O	O
apprendre	apprendre	VERB	O	O	O
en	en	ADP	O	O	O
quelques	quelque	DET	O	O	O
jours	jour	NOUN	O	O	O
la	le	DET	O	O	O
profession	profession	NOUN	O	O	O
qui	qui	PRON	O	O	O
leur	son	PRON	O	O	O
promet	promettre	VERB	O	O	O
la	le	DET	O	O	O
richesse	richesse	NOUN	O	O	O
.	.	PUNCT	O	O	O

«	«	PUNCT	O	O	O
Puisse	pouvoir	VERB	O	O	O
notre	notre	DET	O	O	O
cri	cri	NOUN	O	O	O
de	de	ADP	O	O	O
détresse	détresse	NOUN	O	O	O
être	être	AUX	O	O	O
entendu	entendre	VERB	O	O	O
et	et	CCONJ	O	O	O
éveiller	éveiller	VERB	O	O	O
l	l	DET	O	O	O
'	'	DET	O	O	O
attention	attention	NOUN	O	O	O
des	de	ADP	O	O	O
hommes	homme	NOUN	O	O	O
compétents	compétent	ADJ	O	O	O
.	.	PUNCT	O	O	O

»	»	PUNCT	O	O	O
Le	le	DET	O	O	O
cri	cri	NOUN	O	O	O
de	de	ADP	O	O	O
détresse	détresse	NOUN	O	O	O
est	être	AUX	O	O	O
entendu	entendre	VERB	O	O	O
:	:	PUNCT	O	O	O
en	en	ADP	O	O	O
lisant	lire	VERB	O	O	O
les	le	DET	O	O	O
affiches	affiche	NOUN	O	O	O
que	que	PRON	O	O	O
l	l	DET	O	O	O
'	'	DET	O	O	O
autorité	autorité	NOUN	O	O	O
s	s	PRON	O	O	O
'	'	PRON	O	O	O
est	être	AUX	O	O	O
empressée	empresser	VERB	O	O	O
de	de	ADP	O	O	O
faire	faire	AUX	O	O	O
placarder	placarder	VERB	O	O	O
pour	pour	ADP	O	O	O
communiquer	communiquer	VERB	O	O	O
à	à	ADP	O	O	O
tous	tout	ADJ	O	O	O
les	le	DET	O	O	O
Français	français	NOUN	O	O	O
l	l	DET	O	O	O
'	'	DET	O	O	O
argumentation	argumentation	NOUN	O	O	O
de	de	ADP	O	O	O
la	le	DET	O	O	O
statistique	statistique	NOUN	O	O	O
doublée	doubler	VERB	O	O	O
d	d	ADP	O	O	O
'	'	ADP	O	O	O
économie	économie	NOUN	O	O	O
politique	politique	ADJ	O	O	O
,	,	PUNCT	O	O	O
chacun	chacun	PRON	O	O	O
se	se	PRON	O	O	O
dit	dire	VERB	O	O	O
:	:	PUNCT	O	O	O
—	—	PUNCT	O	O	O
Pour	pour	ADP	O	O	O
qu	qu	SCONJ	O	O	O
'	'	SCONJ	O	O	O
un	un	DET	O	O	O
congrès	congrès	NOUN	O	O	O
constate	constater	VERB	O	O	O
officiellement	officiellement	ADV	O	O	O
les	le	DET	O	O	O
bénéfices	bénéfice	NOUN	O	O	O
réalisés	réaliser	VERB	O	O	O
par	par	ADP	O	O	O
la	le	DET	O	O	O
photographie	photographie	NOUN	O	O	O
,	,	PUNCT	O	O	O
il	il	PRON	O	O	O
faut	falloir	VERB	O	O	O
que	que	SCONJ	O	O	O
ces	ce	DET	O	O	O
bénéfices	bénéfice	NOUN	O	O	O
soient	être	AUX	O	O	O
vraiment	vraiment	ADV	O	O	O
incroyables	incroyable	ADJ	O	O	O
.	.	PUNCT	O	O	O

Si	si	SCONJ	O	O	O
je	je	PRON	O	O	O
me	me	PRON	O	O	O
faisais	faire	VERB	O	O	O
photographe	photographe	NOUN	O	O	O
!	!	PUNCT	O	O	O

...	...	PUNCT	O	O	O
III	iii	NOUN	O	O	O
En	en	ADP	O	O	O
ce	ce	DET	O	O	O
temps	temps	NOUN	O	O	O
-	-	NOUN	O	O	O
là	là	NOUN	O	O	O
,	,	PUNCT	O	O	O
—	—	PUNCT	O	O	O
vers	vers	ADP	O	O	O
l	l	DET	O	O	O
'	'	DET	O	O	O
an	an	NOUN	O	O	O
2100	2100	NUM	O	O	O
,	,	PUNCT	O	O	O
—	—	PUNCT	O	O	O
la	le	DET	O	O	O
ville	ville	NOUN	O	O	O
de	de	ADP	O	O	O
Paris	paris	PROPN	O	O	O
offre	offrir	VERB	O	O	O
le	le	DET	O	O	O
plus	plus	ADV	O	O	O
étrange	étrange	ADJ	O	O	O
des	de	ADP	O	O	O
coups	coup	NOUN	O	O	O
d	d	ADP	O	O	O
'	'	ADP	O	O	O
oeil	oeil	NOUN	O	O	O
.	.	PUNCT	O	O	O

Au	au	ADP	O	O	O
-	-	ADV	O	O	O
dessus	dessus	ADV	O	O	O
de	de	ADP	O	O	O
l	l	DET	O	O	O
'	'	DET	O	O	O
entrée	entrée	NOUN	O	O	O
de	de	ADP	O	O	O
chaque	chaque	DET	O	O	O
maison	maison	NOUN	O	O	O
s	s	PRON	O	O	O
'	'	PRON	O	O	O
étalent	étaler	VERB	O	O	O
des	un	DET	O	O	O
écriteaux	écriteau	NOUN	O	O	O
ainsi	ainsi	ADV	O	O	O
conçus	concevoir	VERB	O	O	O
:	:	PUNCT	O	O	O
M.	m.	NOUN	O	O	O
PALIBON	palibon	PROPN	O	O	O
,	,	PUNCT	O	O	O
PHOTOGRAPHE	photographe	NOUN	O	O	O
AU	au	ADP	O	O	O
PREMIER	premier	PROPN	O	O	O
(	(	PUNCT	O	O	O
La	le	DET	O	O	O
porte	porte	NOUN	O	O	O
à	à	ADP	O	O	O
droite	droite	NOUN	O	O	O
,	,	PUNCT	O	O	O
ne	ne	ADV	O	O	O
pas	pas	ADV	O	O	O
confondre	confondre	VERB	O	O	O
avec	avec	ADP	O	O	O
la	le	DET	O	O	O
porte	porte	NOUN	O	O	O
à	à	ADP	O	O	O
gauche	gauche	NOUN	O	O	O
)	)	PUNCT	O	O	O
MADAME	monsieur	NOUN	O	O	O
JEANNISSON	jeannisson	PROPN	O	O	O
,	,	PUNCT	O	O	O
PHOTOGRAPHE	photographe	NOUN	O	O	O
AU	au	ADP	O	O	O
PREMIER	premier	PROPN	O	O	O
(	(	PUNCT	O	O	O
La	le	DET	O	O	O
porte	porte	NOUN	O	O	O
à	à	ADP	O	O	O
gauche	gauche	NOUN	O	O	O
,	,	PUNCT	O	O	O
ne	ne	ADV	O	O	O
pas	pas	ADV	O	O	O
confondre	confondre	VERB	O	O	O
avec	avec	ADP	O	O	O
la	le	DET	O	O	O
porte	porte	NOUN	O	O	O
à	à	ADP	O	O	O
droite	droite	NOUN	O	O	O
)	)	PUNCT	O	O	O
Mlle	mlle	NOUN	O	O	O
HERMINIE	herminie	PROPN	O	O	O
GRANDVOISIN	grandvoisin	PROPN	O	O	O
,	,	PUNCT	O	O	O
PHOTOGRAPHE	photographe	NOUN	O	O	O
AU	au	ADP	O	O	O
SECOND	second	ADJ	O	O	O
,	,	PUNCT	O	O	O
AU	au	ADP	O	O	O
FOND	fond	NOUN	O	O	O
DU	de	ADP	O	O	O
CORRIDOR	corridor	PROPN	O	O	O
(	(	PUNCT	O	O	O
Ne	ne	ADV	O	O	O
pas	pas	ADV	O	O	O
confondre	confondre	VERB	O	O	O
avec	avec	ADP	O	O	O
les	le	DET	O	O	O
établissements	établissement	NOUN	O	O	O
du	de	ADP	O	O	O
premier	premier	ADJ	O	O	O
)	)	PUNCT	O	O	O
M.	m.	NOUN	O	O	O
LEGUILLARD	leguillard	PROPN	O	O	O
,	,	PUNCT	O	O	O
PHOTOGRAPHE	photographe	NOUN	O	O	O
Ne	ne	ADV	O	O	O
pas	pas	ADV	O	O	O
confondre	confondre	VERB	O	O	O
les	le	DET	O	O	O
établissements	établissement	NOUN	O	O	O
du	de	ADP	O	O	O
premier	premier	ADJ	O	O	O
et	et	CCONJ	O	O	O
du	de	ADP	O	O	O
second	second	ADJ	O	O	O
.	.	PUNCT	O	O	O

M.	m.	NOUN	O	O	O
LEGUILLARD	leguillard	PROPN	O	O	O
est	être	VERB	O	O	O
au	au	ADP	O	O	O
troisième	troisième	ADJ	O	O	O
.	.	PUNCT	O	O	O

—	—	PUNCT	O	O	O
Il	il	PRON	O	O	O
y	y	PRON	O	O	O
a	avoir	VERB	O	O	O
un	un	DET	O	O	O
pied	pied	NOUN	O	O	O
de	de	ADP	O	O	O
biche	biche	NOUN	O	O	O
au	au	ADP	O	O	O
cordon	cordon	NOUN	O	O	O
de	de	ADP	O	O	O
sonnette	sonnette	NOUN	O	O	O
)	)	PUNCT	O	O	O
La	le	DET	O	O	O
nomenclature	nomenclature	NOUN	O	O	O
continue	continuer	VERB	O	O	O
jusqu	jusqu	ADP	O	O	O
'	'	ADP	O	O	O
au	au	ADP	O	O	O
sixième	sixième	ADJ	O	O	O
où	où	PRON	O	O	O
est	être	AUX	O	O	O
installée	installer	VERB	O	O	O
,	,	PUNCT	O	O	O
ainsi	ainsi	ADV	O	O	O
que	que	SCONJ	O	O	O
l	l	DET	O	O	O
'	'	DET	O	O	O
annonce	annonce	NOUN	O	O	O
d	d	ADP	O	O	O
'	'	ADP	O	O	O
un	un	DET	O	O	O
écriteau	écriteau	NOUN	O	O	O
placé	placer	VERB	O	O	O
sur	sur	ADP	O	O	O
le	le	DET	O	O	O
toit	toit	NOUN	O	O	O
:	:	PUNCT	O	O	O
LA	le	DET	O	O	O
PHOTOGRAPHIE	photographie	NOUN	O	O	O
DU	de	ADP	O	O	O
PEUPLE	peuple	NOUN	O	O	O
DIX	dix	NUM	O	O	O
CENTIMES	centime	NOUN	O	O	O
—	—	PUNCT	O	O	O
SANS	sans	ADP	O	O	O
RETOUCHES	retouche	NOUN	O	O	O
.	.	PUNCT	O	O	O

Dans	dans	ADP	O	O	O
les	le	DET	O	O	O
boutiques	boutique	NOUN	O	O	O
,	,	PUNCT	O	O	O
des	un	DET	O	O	O
débits	débit	NOUN	O	O	O
d	d	ADP	O	O	O
'	'	ADP	O	O	O
épreuves	épreuve	NOUN	O	O	O
photographiques	photographique	ADJ	O	O	O
depuis	depuis	ADP	O	O	O
la	le	DET	O	O	O
Vue	vue	NOUN	O	O	O
de	de	ADP	O	O	O
Naples	naples	PROPN	O	O	O
jusqu	jusqu	ADP	O	O	O
'	'	ADP	O	O	O
aux	à	ADP	O	O	O
principales	principal	ADJ	O	O	O
scènes	scène	NOUN	O	O	O
de	de	ADP	O	O	O
la	le	DET	O	O	O
pièce	pièce	NOUN	O	O	O
en	en	ADP	O	O	O
vogue	vogue	NOUN	O	O	O
.	.	PUNCT	O	O	O

Sur	sur	ADP	O	O	O
la	le	DET	O	O	O
façade	façade	NOUN	O	O	O
des	de	ADP	O	O	O
maisons	maison	NOUN	O	O	O
,	,	PUNCT	O	O	O
des	un	DET	O	O	O
étages	étage	NOUN	O	O	O
superposés	superposer	ADJ	O	O	O
de	de	ADP	O	O	O
cadres	cadre	NOUN	O	O	O
dont	dont	PRON	O	O	O
les	le	DET	O	O	O
proportions	proportion	NOUN	O	O	O
grandissent	grandir	VERB	O	O	O
à	à	ADP	O	O	O
mesure	mesure	NOUN	O	O	O
qu	qu	SCONJ	O	O	O
'	'	SCONJ	O	O	O
ils	il	PRON	O	O	O
s	s	PRON	O	O	O
'	'	PRON	O	O	O
éloignent	éloigner	VERB	O	O	O
de	de	ADP	O	O	O
terre	terre	NOUN	O	O	O
.	.	PUNCT	O	O	O

Dans	dans	ADP	O	O	O
les	le	DET	O	O	O
journaux	journal	NOUN	O	O	O
six	six	NUM	O	O	O
colonnes	colonne	NOUN	O	O	O
consacrées	consacrer	VERB	O	O	O
aux	à	ADP	O	O	O
découvertes	découverte	NOUN	O	O	O
et	et	CCONJ	O	O	O
applications	application	NOUN	O	O	O
nouvelles	nouveau	ADJ	O	O	O
de	de	ADP	O	O	O
la	le	DET	O	O	O
photographie	photographie	NOUN	O	O	O
.	.	PUNCT	O	O	O

L	l	DET	O	O	O
'	'	DET	O	O	O
annonce	annonce	NOUN	O	O	O
photographique	photographique	ADJ	O	O	O
.	.	PUNCT	O	O	O

—	—	PUNCT	O	O	O
Offrant	offrir	VERB	O	O	O
aux	à	ADP	O	O	O
regards	regard	NOUN	O	O	O
du	de	ADP	O	O	O
public	public	NOUN	O	O	O
les	le	DET	O	O	O
traits	trait	NOUN	O	O	O
de	de	ADP	O	O	O
la	le	DET	O	O	O
clientèle	clientèle	NOUN	O	O	O
complète	complet	ADJ	O	O	O
d	d	ADP	O	O	O
'	'	ADP	O	O	O
un	un	DET	O	O	O
entrepreneur	entrepreneur	NOUN	O	O	O
de	de	ADP	O	O	O
mariages	mariage	NOUN	O	O	O
et	et	CCONJ	O	O	O
les	le	DET	O	O	O
échantillons	échantillon	NOUN	O	O	O
d	d	ADP	O	O	O
'	'	ADP	O	O	O
un	un	DET	O	O	O
magasin	magasin	NOUN	O	O	O
de	de	ADP	O	O	O
nouveautés	nouveauté	NOUN	O	O	O
.	.	PUNCT	O	O	O

Le	le	DET	O	O	O
roman	roman	NOUN	O	O	O
photographique	photographique	ADJ	O	O	O
.	.	PUNCT	O	O	O

—	—	PUNCT	O	O	O
Substituant	substituer	VERB	O	O	O
au	au	ADP	O	O	O
texte	texte	NOUN	O	O	O
des	de	ADP	O	O	O
anciens	ancien	ADJ	O	O	O
feuilletonistes	feuilletoniste	NOUN	O	O	O
les	le	DET	O	O	O
scènes	scène	NOUN	O	O	O
photographiées	photographier	VERB	O	O	O
de	de	ADP	O	O	O
la	le	DET	O	O	O
vie	vie	NOUN	O	O	O
de	de	ADP	O	O	O
l	l	DET	O	O	O
'	'	DET	O	O	O
héroïne	héroïne	NOUN	O	O	O
.	.	PUNCT	O	O	O

La	le	DET	O	O	O
correspondance	correspondance	NOUN	O	O	O
photographique	photographique	ADJ	O	O	O
.	.	PUNCT	O	O	O

—	—	PUNCT	O	O	O
Remplaçant	remplacer	VERB	O	O	O
les	le	DET	O	O	O
lettres	lettre	NOUN	O	O	O
de	de	ADP	O	O	O
l	l	DET	O	O	O
'	'	DET	O	O	O
ancien	ancien	ADJ	O	O	O
temps	temps	NOUN	O	O	O
par	par	ADP	O	O	O
une	un	DET	O	O	O
épreuve	épreuve	NOUN	O	O	O
où	où	PRON	O	O	O
la	le	DET	O	O	O
pensée	pensée	NOUN	O	O	O
de	de	ADP	O	O	O
l	l	DET	O	O	O
'	'	DET	O	O	O
expéditeur	expéditeur	NOUN	O	O	O
est	être	AUX	O	O	O
traduite	traduire	VERB	O	O	O
dans	dans	ADP	O	O	O
sa	son	DET	O	O	O
physionomie	physionomie	NOUN	O	O	O
et	et	CCONJ	O	O	O
dans	dans	ADP	O	O	O
son	son	DET	O	O	O
attitude	attitude	NOUN	O	O	O
.	.	PUNCT	O	O	O

Dans	dans	ADP	O	O	O
les	le	DET	O	O	O
rues	rue	NOUN	O	O	O
,	,	PUNCT	O	O	O
des	un	DET	O	O	O
voitures	voiture	NOUN	O	O	O
à	à	ADP	O	O	O
bras	bras	NOUN	O	O	O
,	,	PUNCT	O	O	O
—	—	PUNCT	O	O	O
les	le	DET	O	O	O
ci	ci	NOUN	O	O	O
-	-	NOUN	O	O	O
devant	devant	ADP	O	O	O
voitures	voiture	NOUN	O	O	O
des	de	ADP	O	O	O
marchands	marchand	NOUN	O	O	O
des	de	ADP	O	O	O
quatre	quatre	NUM	O	O	O
saisons	saison	NOUN	O	O	O
,	,	PUNCT	O	O	O
—	—	PUNCT	O	O	O
colportant	colporter	VERB	O	O	O
,	,	PUNCT	O	O	O
au	au	ADP	O	O	O
lieu	lieu	NOUN	O	O	O
de	de	ADP	O	O	O
fruits	fruit	NOUN	O	O	O
et	et	CCONJ	O	O	O
de	de	ADP	O	O	O
légumes	légume	NOUN	O	O	O
,	,	PUNCT	O	O	O
des	un	DET	O	O	O
objectifs	objectif	NOUN	O	O	O
,	,	PUNCT	O	O	O
du	de	DET	O	O	O
collodion	collodion	NOUN	O	O	O
,	,	PUNCT	O	O	O
du	de	DET	O	O	O
papier	papier	NOUN	O	O	O
albuminé	albuminer	VERB	O	O	O
......	......	PUNCT	O	O	O
A	à	ADP	O	O	O
ce	ce	DET	O	O	O
tableau	tableau	NOUN	O	O	O
significatif	significatif	ADJ	O	O	O
s	s	PRON	O	O	O
'	'	PRON	O	O	O
ajoutent	ajouter	VERB	O	O	O
des	un	DET	O	O	O
indices	indice	NOUN	O	O	O
de	de	ADP	O	O	O
la	le	DET	O	O	O
plus	plus	ADV	O	O	O
haute	haut	ADJ	O	O	O
gravité	gravité	NOUN	O	O	O
.	.	PUNCT	O	O	O

Pour	pour	ADP	O	O	O
la	le	DET	O	O	O
première	premier	ADJ	O	O	O
fois	fois	NOUN	O	O	O
depuis	depuis	ADP	O	O	O
l	l	DET	O	O	O
'	'	DET	O	O	O
existence	existence	NOUN	O	O	O
du	de	ADP	O	O	O
monde	monde	NOUN	O	O	O
,	,	PUNCT	O	O	O
des	un	DET	O	O	O
plaideurs	plaideur	NOUN	O	O	O
n	ne	ADV	O	O	O
'	'	ADV	O	O	O
ont	avoir	AUX	O	O	O
pu	pouvoir	VERB	O	O	O
trouver	trouver	VERB	O	O	O
d	d	DET	O	O	O
'	'	DET	O	O	O
avocat	avocat	NOUN	O	O	O
;	;	PUNCT	O	O	O
—	—	PUNCT	O	O	O
trois	trois	NUM	O	O	O
malades	malade	NOUN	O	O	O
ont	avoir	AUX	O	O	O
succombé	succomber	VERB	O	O	O
sans	sans	ADP	O	O	O
voir	voir	VERB	O	O	O
dix	dix	NUM	O	O	O
médecins	médecin	NOUN	O	O	O
se	se	PRON	O	O	O
disputer	disputer	VERB	O	O	O
leur	son	DET	O	O	O
pratique	pratique	NOUN	O	O	O
;	;	PUNCT	O	O	O
—	—	PUNCT	O	O	O
huit	huit	NUM	O	O	O
places	place	NOUN	O	O	O
de	de	ADP	O	O	O
surnuméraires	surnuméraire	NOUN	O	O	O
sont	être	AUX	O	O	O
restées	rester	VERB	O	O	O
sans	sans	ADP	O	O	O
candidats	candidat	NOUN	O	O	O
dans	dans	ADP	O	O	O
un	un	DET	O	O	O
ministère	ministère	NOUN	O	O	O
;	;	PUNCT	O	O	O
—	—	PUNCT	O	O	O
enfin	enfin	ADV	O	O	O
les	le	DET	O	O	O
cartons	carton	NOUN	O	O	O
des	de	ADP	O	O	O
directeurs	directeur	NOUN	O	O	O
de	de	ADP	O	O	O
théâtres	théâtre	NOUN	O	O	O
n	ne	ADV	O	O	O
'	'	PUNCT	O	O	O
ont	avoir	AUX	O	O	O
reçu	recevoir	VERB	O	O	O
dans	dans	ADP	O	O	O
le	le	DET	O	O	O
mois	mois	NOUN	O	O	O
de	de	ADP	O	O	O
janvier	janvier	NOUN	O	O	O
que	que	ADV	O	O	O
cent	cent	NUM	O	O	O
onze	onze	NUM	O	O	O
manuscrits	manuscrit	NOUN	O	O	O
de	de	ADP	O	O	O
débutants	débutant	NOUN	O	O	O
littéraires	littéraire	ADJ	O	O	O
.	.	PUNCT	O	O	O

Et	et	CCONJ	O	O	O
pourtant	pourtant	ADV	O	O	O
la	le	DET	O	O	O
population	population	NOUN	O	O	O
de	de	ADP	O	O	O
Paris	paris	PROPN	O	O	O
a	avoir	AUX	O	O	O
atteint	atteindre	VERB	O	O	O
le	le	DET	O	O	O
chiffre	chiffre	NOUN	O	O	O
monstrueux	monstrueux	ADJ	O	O	O
de	de	ADP	O	O	O
29,340,000	29,340,000	NUM	O	O	O
habitants	habitant	NOUN	O	O	O
!	!	PUNCT	O	O	O

Des	un	DET	O	O	O
départements	département	NOUN	O	O	O
entiers	entier	ADJ	O	O	O
ne	ne	ADV	O	O	O
sont	être	AUX	O	O	O
plus	plus	ADV	O	O	O
habités	habiter	VERB	O	O	O
que	que	ADV	O	O	O
par	par	ADP	O	O	O
leurs	leur	DET	O	O	O
gardes	garde	NOUN	O	O	O
champêtres	champêtre	ADJ	O	O	O
.	.	PUNCT	O	O	O

L	l	DET	O	O	O
'	'	DET	O	O	O
autorité	autorité	NOUN	O	O	O
,	,	PUNCT	O	O	O
plus	plus	ADV	O	O	O
inquiète	inquiet	ADJ	O	O	O
que	que	SCONJ	O	O	O
jamais	jamais	ADV	O	O	O
,	,	PUNCT	O	O	O
se	se	PRON	O	O	O
décide	décider	VERB	O	O	O
à	à	ADP	O	O	O
couper	couper	VERB	O	O	O
le	le	DET	O	O	O
mal	mal	NOUN	O	O	O
par	par	ADP	O	O	O
la	le	DET	O	O	O
racine	racine	NOUN	O	O	O
et	et	CCONJ	O	O	O
à	à	ADP	O	O	O
proscrire	proscrire	VERB	O	O	O
le	le	DET	O	O	O
métier	métier	NOUN	O	O	O
de	de	ADP	O	O	O
photographe	photographe	NOUN	O	O	O
,	,	PUNCT	O	O	O
source	source	NOUN	O	O	O
de	de	ADP	O	O	O
l	l	DET	O	O	O
'	'	DET	O	O	O
épuisement	épuisement	NOUN	O	O	O
général	général	ADJ	O	O	O
.	.	PUNCT	O	O	O

IV	iv	NOUN	O	O	O
En	en	ADP	O	O	O
ce	ce	DET	O	O	O
temps	temps	NOUN	O	O	O
-	-	NOUN	O	O	O
là	là	ADV	O	O	O
,	,	PUNCT	O	O	O
—	—	PUNCT	O	O	O
vers	vers	ADP	O	O	O
l	l	DET	O	O	O
'	'	DET	O	O	O
an	an	NOUN	O	O	O
2150	2150	NUM	O	O	O
,	,	PUNCT	O	O	O
—	—	PUNCT	O	O	O
la	le	DET	O	O	O
France	france	PROPN	O	O	O
entière	entier	ADJ	O	O	O
a	avoir	AUX	O	O	O
élu	élire	VERB	O	O	O
domicile	domicile	NOUN	O	O	O
à	à	ADP	O	O	O
Paris	paris	PROPN	O	O	O
,	,	PUNCT	O	O	O
dont	dont	PRON	O	O	O
les	le	DET	O	O	O
barrières	barrière	NOUN	O	O	O
se	se	PRON	O	O	O
trouvent	trouver	VERB	O	O	O
reculées	reculer	VERB	O	O	O
de	de	ADP	O	O	O
-	-	NOUN	O	O	O
force	force	NOUN	O	O	O
jusqu	jusqu	ADP	O	O	O
'	'	ADP	O	O	O
à	à	ADP	O	O	O
Rouen	rouen	PROPN	O	O	O
d	d	ADP	O	O	O
'	'	ADP	O	O	O
un	un	DET	O	O	O
côté	côté	NOUN	O	O	O
,	,	PUNCT	O	O	O
jusqu	jusqu	ADP	O	O	O
'	'	ADP	O	O	O
à	à	ADP	O	O	O
Orléans	orléans	PROPN	O	O	O
de	de	ADP	O	O	O
l	l	DET	O	O	O
'	'	DET	O	O	O
autre	autre	PRON	O	O	O
.	.	PUNCT	O	O	O

La	le	DET	O	O	O
photographie	photographie	NOUN	O	O	O
proscrite	proscrire	VERB	O	O	O
a	avoir	AUX	O	O	O
trouvé	trouver	VERB	O	O	O
dans	dans	ADP	O	O	O
la	le	DET	O	O	O
proscription	proscription	NOUN	O	O	O
même	même	ADV	O	O	O
un	un	DET	O	O	O
redoublement	redoublement	NOUN	O	O	O
de	de	ADP	O	O	O
popularité	popularité	NOUN	O	O	O
.	.	PUNCT	O	O	O

Un	un	DET	O	O	O
soulèvement	soulèvement	NOUN	O	O	O
général	général	ADJ	O	O	O
des	de	ADP	O	O	O
photographes	photographe	NOUN	O	O	O
,	,	PUNCT	O	O	O
—	—	PUNCT	O	O	O
les	le	DET	O	O	O
huit	huit	NUM	O	O	O
dixièmes	dixième	NOUN	O	O	O
de	de	ADP	O	O	O
la	le	DET	O	O	O
population	population	NOUN	O	O	O
,	,	PUNCT	O	O	O
—	—	PUNCT	O	O	O
étant	être	AUX	O	O	O
imminent	imminent	ADJ	O	O	O
,	,	PUNCT	O	O	O
l	l	DET	O	O	O
'	'	DET	O	O	O
ordonnance	ordonnance	NOUN	O	O	O
n	ne	ADV	O	O	O
'	'	ADV	O	O	O
a	avoir	AUX	O	O	O
pas	pas	ADV	O	O	O
tardé	tarder	VERB	O	O	O
à	à	ADP	O	O	O
être	être	AUX	O	O	O
rapportée	rapporter	VERB	O	O	O
.	.	PUNCT	O	O	O

La	le	DET	O	O	O
maladie	maladie	NOUN	O	O	O
dès	dès	ADP	O	O	O
lors	lors	ADV	O	O	O
ne	ne	ADV	O	O	O
connaît	connaître	VERB	O	O	O
plus	plus	ADV	O	O	O
de	de	DET	O	O	O
bornes	borne	NOUN	O	O	O
.	.	PUNCT	O	O	O

Un	un	DET	O	O	O
matin	matin	NOUN	O	O	O
,	,	PUNCT	O	O	O
—	—	PUNCT	O	O	O
le	le	DET	O	O	O
1ᵉʳ	1ᵉʳ	ADJ	O	O	O
avril	avril	NOUN	O	O	O
,	,	PUNCT	O	O	O
—	—	PUNCT	O	O	O
la	le	DET	O	O	O
France	france	PROPN	O	O	O
,	,	PUNCT	O	O	O
en	en	ADP	O	O	O
se	se	PRON	O	O	O
réveillant	réveiller	VERB	O	O	O
dans	dans	ADP	O	O	O
Paris	paris	PROPN	O	O	O
,	,	PUNCT	O	O	O
veut	vouloir	VERB	O	O	O
vaquer	vaquer	VERB	O	O	O
à	à	ADP	O	O	O
ses	son	DET	O	O	O
achats	achat	NOUN	O	O	O
habituels	habituel	ADJ	O	O	O
.	.	PUNCT	O	O	O

Depuis	depuis	ADP	O	O	O
l	l	DET	O	O	O
'	'	DET	O	O	O
invasion	invasion	NOUN	O	O	O
dernière	dernier	ADJ	O	O	O
de	de	ADP	O	O	O
la	le	DET	O	O	O
photographie	photographie	NOUN	O	O	O
,	,	PUNCT	O	O	O
il	il	PRON	O	O	O
ne	ne	ADV	O	O	O
reste	reste	VERB	O	O	O
plus	plus	ADV	O	O	O
pour	pour	ADP	O	O	O
alimenter	alimenter	VERB	O	O	O
ces	ce	DET	O	O	O
trente	trente	NUM	O	O	O
-	-	NUM	O	O	O
six	six	NUM	O	O	O
millions	million	NOUN	O	O	O
de	de	ADP	O	O	O
photographes	photographe	NOUN	O	O	O
qu	qu	SCONJ	O	O	O
'	'	ADV	O	O	O
une	un	DET	O	O	O
boucherie	boucherie	NOUN	O	O	O
et	et	CCONJ	O	O	O
une	un	DET	O	O	O
boulangerie	boulangerie	NOUN	O	O	O
.	.	PUNCT	O	O	O

Les	le	DET	O	O	O
trente	trente	NUM	O	O	O
-	-	NUM	O	O	O
six	six	NUM	O	O	O
millions	million	NOUN	O	O	O
,	,	PUNCT	O	O	O
poussés	pousser	VERB	O	O	O
par	par	ADP	O	O	O
la	le	DET	O	O	O
faim	faim	NOUN	O	O	O
,	,	PUNCT	O	O	O
viennent	venir	VERB	O	O	O
assiéger	assiéger	VERB	O	O	O
les	le	DET	O	O	O
portes	porte	NOUN	O	O	O
.	.	PUNCT	O	O	O

Elles	lui	PRON	O	O	O
sont	être	AUX	O	O	O
fermées	fermer	VERB	O	O	O
!	!	PUNCT	O	O	O

Les	le	DET	O	O	O
trente	trente	NUM	O	O	O
-	-	NUM	O	O	O
six	six	NUM	O	O	O
millions	million	NOUN	O	O	O
,	,	PUNCT	O	O	O
répandus	répandre	VERB	O	O	O
sur	sur	ADP	O	O	O
une	un	DET	O	O	O
longueur	longueur	NOUN	O	O	O
de	de	ADP	O	O	O
cent	cent	DET	O	O	O
onze	onze	NUM	O	O	O
kilomètres	kilomètre	NOUN	O	O	O
,	,	PUNCT	O	O	O
se	se	PRON	O	O	O
regardent	regarder	VERB	O	O	O
surpris	surprendre	VERB	O	O	O
.	.	PUNCT	O	O	O

Des	un	DET	O	O	O
murmures	murmure	NOUN	O	O	O
éclatent	éclater	VERB	O	O	O
,	,	PUNCT	O	O	O
ils	il	PRON	O	O	O
se	se	PRON	O	O	O
changent	changer	VERB	O	O	O
en	en	ADP	O	O	O
vociférations	vocifération	NOUN	O	O	O
;	;	PUNCT	O	O	O
les	le	DET	O	O	O
plus	plus	ADV	O	O	O
rapprochés	rapprocher	ADJ	O	O	O
de	de	ADP	O	O	O
la	le	DET	O	O	O
boucherie	boucherie	NOUN	O	O	O
et	et	CCONJ	O	O	O
de	de	ADP	O	O	O
la	le	DET	O	O	O
boulangerie	boulangerie	NOUN	O	O	O
,	,	PUNCT	O	O	O
enfonçant	enfoncer	VERB	O	O	O
les	le	DET	O	O	O
clôtures	clôture	NOUN	O	O	O
,	,	PUNCT	O	O	O
trouvent	trouver	VERB	O	O	O
le	le	DET	O	O	O
boucher	boucher	NOUN	O	O	O
et	et	CCONJ	O	O	O
le	le	DET	O	O	O
boulanger	boulanger	NOUN	O	O	O
occupés	occuper	VERB	O	O	O
,	,	PUNCT	O	O	O
avec	avec	ADP	O	O	O
leur	son	DET	O	O	O
famille	famille	NOUN	O	O	O
,	,	PUNCT	O	O	O
à	à	ADP	O	O	O
préparer	préparer	VERB	O	O	O
deux	deux	NUM	O	O	O
enseignes	enseigne	NOUN	O	O	O
sur	sur	ADP	O	O	O
lesquelles	lequel	PRON	O	O	O
se	se	PRON	O	O	O
détachent	détacher	VERB	O	O	O
en	en	ADP	O	O	O
lettres	lettre	NOUN	O	O	O
gigantesques	gigantesque	ADJ	O	O	O
les	le	DET	O	O	O
mots	mot	NOUN	O	O	O
:	:	PUNCT	O	O	O
PHOTOGRAPHIE	photographie	NOUN	O	O	O
DU	de	ADP	O	O	O
XXIIᵉ	xxiiᵉ	ADJ	O	O	O
SIÈCLE	siècle	NOUN	O	O	O
!	!	PUNCT	O	O	O

Eux	lui	PRON	O	O	O
aussi	aussi	ADV	O	O	O
!	!	PUNCT	O	O	O

Alors	alors	ADV	O	O	O
ce	ce	PRON	O	O	O
sont	être	AUX	O	O	O
des	un	DET	O	O	O
gémissements	gémissement	NOUN	O	O	O
,	,	PUNCT	O	O	O
des	un	DET	O	O	O
imprécations	imprécation	NOUN	O	O	O
:	:	PUNCT	O	O	O
—	—	PUNCT	O	O	O
Pourquoi	pourquoi	ADV	O	O	O
n	ne	ADV	O	O	O
'	'	ADV	O	O	O
êtes	être	AUX	O	O	O
-	-	PRON	O	O	O
vous	vous	PRON	O	O	O
pas	pas	ADV	O	O	O
resté	rester	VERB	O	O	O
bonnetier	bonnetier	NOUN	O	O	O
comme	comme	ADP	O	O	O
votre	votre	DET	O	O	O
père	père	NOUN	O	O	O
?	?	PUNCT	O	O	O

—	—	PUNCT	O	O	O
Pourquoi	pourquoi	ADV	O	O	O
,	,	PUNCT	O	O	O
vous	vous	PRON	O	O	O
,	,	PUNCT	O	O	O
avez	avoir	AUX	O	O	O
-	-	PRON	O	O	O
vous	vous	PRON	O	O	O
renoncé	renoncer	VERB	O	O	O
aux	à	ADP	O	O	O
denrées	denrée	NOUN	O	O	O
coloniales	colonial	ADJ	O	O	O
?	?	PUNCT	O	O	O

—	—	PUNCT	O	O	O
Aviez	avoir	VERB	O	O	O
-	-	PRON	O	O	O
vous	vous	PRON	O	O	O
besoin	besoin	NOUN	O	O	O
de	de	ADP	O	O	O
déserter	déserter	VERB	O	O	O
la	le	DET	O	O	O
fruiterie	fruiterie	NOUN	O	O	O
?	?	PUNCT	O	O	O

—	—	PUNCT	O	O	O
Et	et	CCONJ	O	O	O
vous	vous	PRON	O	O	O
,	,	PUNCT	O	O	O
le	le	DET	O	O	O
notariat	notariat	NOUN	O	O	O
?	?	PUNCT	O	O	O

—	—	PUNCT	O	O	O
Et	et	CCONJ	O	O	O
vous	vous	PRON	O	O	O
,	,	PUNCT	O	O	O
le	le	DET	O	O	O
barreau	barreau	NOUN	O	O	O
?	?	PUNCT	O	O	O

—	—	PUNCT	O	O	O
Et	et	CCONJ	O	O	O
vous	vous	PRON	O	O	O
,	,	PUNCT	O	O	O
l	l	DET	O	O	O
'	'	DET	O	O	O
herboristerie	herboristerie	NOUN	O	O	O
?	?	PUNCT	O	O	O

PARIS	paris	PROPN	O	O	O
S	s	PRON	O	O	O
'	'	PRON	O	O	O
AMUSE	amuser	VERB	O	O	O
.	.	PUNCT	O	O	O

241	241	NUM	O	O	O
Il	il	PRON	O	O	O
est	être	AUX	O	O	O
trop	trop	ADV	O	O	O
tard	tard	ADV	O	O	O
.	.	PUNCT	O	O	O

Pendant	pendant	ADP	O	O	O
ce	ce	DET	O	O	O
temps	temps	NOUN	O	O	O
-	-	NOUN	O	O	O
là	là	ADV	O	O	O
,	,	PUNCT	O	O	O
la	le	DET	O	O	O
famine	famine	NOUN	O	O	O
marche	marche	VERB	O	O	O
à	à	ADP	O	O	O
grands	grand	ADJ	O	O	O
pas	pas	NOUN	O	O	O
.	.	PUNCT	O	O	O

Il	il	PRON	O	O	O
est	être	AUX	O	O	O
trop	trop	ADV	O	O	O
tard	tard	ADV	O	O	O
!	!	PUNCT	O	O	O

V	v	NOUN	O	O	O
Le	le	DET	O	O	O
matin	matin	NOUN	O	O	O
du	de	ADP	O	O	O
troisième	troisième	ADJ	O	O	O
jour	jour	NOUN	O	O	O
d	d	ADP	O	O	O
'	'	ADP	O	O	O
avril	avril	NOUN	O	O	O
2150	2150	NUM	O	O	O
,	,	PUNCT	O	O	O
Paris	paris	PROPN	O	O	O
présente	présente	VERB	O	O	O
un	un	DET	O	O	O
effroyable	effroyable	ADJ	O	O	O
spectacle	spectacle	NOUN	O	O	O
.	.	PUNCT	O	O	O

Sur	sur	ADP	O	O	O
les	le	DET	O	O	O
places	place	NOUN	O	O	O
,	,	PUNCT	O	O	O
dans	dans	ADP	O	O	O
les	le	DET	O	O	O
rues	rue	NOUN	O	O	O
,	,	PUNCT	O	O	O
hommes	homme	NOUN	O	O	O
,	,	PUNCT	O	O	O
femmes	femme	NOUN	O	O	O
,	,	PUNCT	O	O	O
enfants	enfant	NOUN	O	O	O
,	,	PUNCT	O	O	O
tous	tout	ADJ	O	O	O
morts	mourir	VERB	O	O	O
de	de	ADP	O	O	O
faim	faim	NOUN	O	O	O
!	!	PUNCT	O	O	O

Soudain	soudain	ADV	O	O	O
,	,	PUNCT	O	O	O
sur	sur	ADP	O	O	O
les	le	DET	O	O	O
buttes	butte	NOUN	O	O	O
Montmartre	montmartre	PROPN	O	O	O
deux	deux	NUM	O	O	O
personnages	personnage	NOUN	O	O	O
mystérieux	mystérieux	ADJ	O	O	O
paraissent	paraître	VERB	O	O	O
.	.	PUNCT	O	O	O

—	—	PUNCT	O	O	O
Chacun	chacun	PRON	O	O	O
tient	tenir	VERB	O	O	O
à	à	ADP	O	O	O
la	le	DET	O	O	O
main	main	NOUN	O	O	O
un	un	DET	O	O	O
objectif	objectif	NOUN	O	O	O
.	.	PUNCT	O	O	O

—	—	PUNCT	O	O	O
Magnifique	magnifique	ADJ	O	O	O
sujet	sujet	NOUN	O	O	O
de	de	ADP	O	O	O
photographie	photographie	NOUN	O	O	O
à	à	ADP	O	O	O
vendre	vendre	VERB	O	O	O
à	à	ADP	O	O	O
l	l	DET	O	O	O
'	'	DET	O	O	O
étranger	étranger	NOUN	O	O	O
!	!	PUNCT	O	O	O

murmurent	murmurer	VERB	O	O	O
-	-	PRON	O	O	O
ils	il	PRON	O	O	O
d	d	ADP	O	O	O
'	'	ADP	O	O	O
une	un	DET	O	O	O
voix	voix	NOUN	O	O	O
défaillante	défaillant	ADJ	O	O	O
.	.	PUNCT	O	O	O

Mais	mais	CCONJ	O	O	O
,	,	PUNCT	O	O	O
tandis	tandis	ADV	O	O	O
qu	qu	SCONJ	O	O	O
'	'	SCONJ	O	O	O
ils	il	PRON	O	O	O
apprêtent	apprêter	VERB	O	O	O
leurs	leur	DET	O	O	O
instruments	instrument	NOUN	O	O	O
,	,	PUNCT	O	O	O
ils	il	PRON	O	O	O
s	s	PRON	O	O	O
'	'	PRON	O	O	O
aperçoivent	apercevoir	VERB	O	O	O
de	de	ADP	O	O	O
leur	son	DET	O	O	O
présence	présence	NOUN	O	O	O
réciproque	réciproque	ADJ	O	O	O
.	.	PUNCT	O	O	O

Un	un	DET	O	O	O
éclair	éclair	NOUN	O	O	O
de	de	ADP	O	O	O
colère	colère	NOUN	O	O	O
passe	passer	VERB	O	O	O
dans	dans	ADP	O	O	O
les	le	DET	O	O	O
yeux	oeil	NOUN	O	O	O
des	de	ADP	O	O	O
deux	deux	NUM	O	O	O
concurrents	concurrent	NOUN	O	O	O
;	;	PUNCT	O	O	O
ils	il	PRON	O	O	O
font	faire	VERB	O	O	O
un	un	DET	O	O	O
pas	pas	NOUN	O	O	O
l	l	DET	O	O	O
'	'	DET	O	O	O
un	un	PRON	O	O	O
vers	vers	ADP	O	O	O
l	l	DET	O	O	O
'	'	DET	O	O	O
autre	autre	PRON	O	O	O
,	,	PUNCT	O	O	O
puis	pouvoir	CCONJ	O	O	O
...	...	PUNCT	O	O	O
tombent	tomber	VERB	O	O	O
épuisés	épuiser	VERB	O	O	O
par	par	ADP	O	O	O
ce	ce	DET	O	O	O
suprême	suprême	ADJ	O	O	O
effort	effort	NOUN	O	O	O
.	.	PUNCT	O	O	O

La	le	DET	O	O	O
photographie	photographie	NOUN	O	O	O
a	avoir	AUX	O	O	O
immolé	immoler	VERB	O	O	O
les	le	DET	O	O	O
deux	deux	NUM	O	O	O
derniers	dernier	ADJ	O	O	O
Français	français	NOUN	O	O	O
!	!	PUNCT	O	O	O

.	.	PUNCT	O	O	O

.	.	PUNCT	O	O	O

.	.	PROPN	O	O	O

.	.	NOUN	O	O	O

.	.	NOUN	O	O	O

.	.	PUNCT	O	O	O

Ainsi	ainsi	ADV	O	O	O
périra	périr	VERB	O	O	O
Paris	paris	PROPN	O	O	O
.	.	PUNCT	O	O	O

Puisse	pouvoir	VERB	O	O	O
son	son	DET	O	O	O
exemple	exemple	NOUN	O	O	O
servir	servir	VERB	O	O	O
de	de	ADP	O	O	O
leçon	leçon	NOUN	O	O	O
aux	à	ADP	O	O	O
nations	nation	NOUN	O	O	O
et	et	CCONJ	O	O	O
aux	à	ADP	O	O	O
photographes	photographe	NOUN	O	O	O
!	!	PUNCT	O	O	O

Cette	ce	DET	O	O	O
lecture	lecture	NOUN	O	O	O
achevée	achever	VERB	O	O	O
,	,	PUNCT	O	O	O
j	j	PRON	O	O	O
'	'	PUNCT	O	O	O
ai	avoir	AUX	O	O	O
fourré	fourrer	VERB	O	O	O
la	le	DET	O	O	O
prédiction	prédiction	NOUN	O	O	O
dans	dans	ADP	O	O	O
un	un	DET	O	O	O
tiroir	tiroir	NOUN	O	O	O
—	—	PUNCT	O	O	O
et	et	CCONJ	O	O	O
suis	être	AUX	O	O	O
allé	aller	VERB	O	O	O
me	me	PRON	O	O	O
commander	commander	VERB	O	O	O
deux	deux	NUM	O	O	O
douzaines	douzaine	NOUN	O	O	O
de	de	ADP	O	O	O
portraits	portrait	NOUN	O	O	O
-	-	NOUN	O	O	O
cartes	carte	NOUN	O	O	O
.	.	PUNCT	O	O	O

