Récit	O
des	O
temps	O
futurs	O
.	O
Vers	O
les	O
derniers	O
jours	O
du	O
mois	O
de	O
décembre	O
1935	O
,	O
le	B-PER
professeur	I-PER
Hermann	I-PER
Bakermann	I-PER
rentrait	O
joyeusement	O
au	O
logis	O
,	O
arpentant	O
,	O
aussi	O
vite	O
que	O
le	O
permettait	O
un	O
généreux	O
embonpoint	O
,	O
les	O
rues	O
paisibles	O
de	O
la	B-LOC
petite	O
ville	B-LOC
de	I-LOC
Brunnwald	I-LOC
.	O
Il	O
marchait	O
en	O
se	O
frottant	O
les	O
mains	O
,	O
signe	O
de	O
profonde	O
satisfaction	O
satisfaction	O
légitime	O
,	O
car	O
,	O
après	O
de	O
longs	O
travaux	O
,	O
le	B-PER
professeur	I-PER
Hermann	I-PER
Bakermann	I-PER
avait	O
enfin	O
trouvé	O
le	O
moyen	O
de	O
créer	O
un	O
nouveau	O
microbe	O
,	O
plus	O
redoutable	O
que	O
tous	O
les	O
microbes	O
connus	O
.	O
On	O
se	O
rappelle	O
sans	O
doute	O
que	O
,	O
depuis	O
un	O
demi	O
-	O
siècle	O
,	O
la	O
science	O
des	O
microbes	O
avait	O
fait	O
des	O
progrès	O
extraordinaires	O
.	O
Un	O
Français	O
célèbre	O
,	O
Louis	B-PER
Pasteur	I-PER
,	O
avait	O
le	O
premier	O
,	O
vers	O
le	O
milieu	O
du	O
XIXe	O
siècle	O
,	O
prouvé	O
qu'il	O
existe	O
certains	O
êtres	O
minuscules	O
,	O
pénétrant	O
su	O
-	O
breptioement	O
dans	O
le	O
corps	O
de	O
l'homme	O
ou	O
des	O
animaux	O
.	O
Il	O
avait	O
appelé	O
microbes	O
ces	O
parasites	O
perfides	O
.	O
Même	O
s'il	O
avait	O
indiqué	O
d'ingénieux	O
procédés	O
pour	O
les	O
reconnaître	O
,	O
les	O
recueillir	O
,	O
les	O
cultiver	O
.	O
Mais	O
maintenant	O
,	O
en	O
1935	O
,	O
les	O
travaux	O
de	O
Pasteur	B-PER
étaient	O
bien	O
dépassés	O
.	O
Obéissant	O
à	O
l'impulsion	O
donnée	O
par	O
le	O
maître	O
,	O
tous	O
les	O
savants	O
de	O
l'Europe	B-LOC
,	O
de	O
l'Amérique	B-LOC
,	O
de	O
l'Australie	B-LOC
et	O
même	O
de	O
l'Afrique	B-LOC
s'étaient	O
mis	O
à	O
l'oeuvre	O
.	O
Grâce	O
à	O
eux	O
,	O
les	O
problèmes	O
les	O
plus	O
difficiles	O
avaient	O
été	O
éclaircis	O
;	O
les	O
questions	O
les	O
plus	O
obscures	O
,	O
résolues	O
;	O
plus	O
de	O
maladie	O
qui	O
n'eût	O
son	O
microbe	O
,	O
étiqueté	O
,	O
classé	O
,	O
emmagasiné	O
.	O
On	O
connaissait	O
la	O
figure	O
,	O
les	O
moeurs	O
,	O
les	O
habitudes	O
,	O
les	O
goûts	O
de	O
tous	O
les	O
microbes	O
terrestres	O
,	O
marins	O
,	O
aériens	O
,	O
et	O
la	O
science	O
des	O
microbes	O
était	O
devenue	O
,	O
dans	O
toutes	O
les	O
Universités	O
,	O
la	O
base	O
de	O
la	O
médecine	O
.	O
En	O
Allemagne	B-LOC
,	O
comme	O
ailleurs	O
.	O
Les	O
moeurs	O
avaient	O
bien	O
changé	O
depuis	O
trente	O
ans	O
.	O
Le	O
règne	O
du	O
casque	O
à	O
pointe	O
avait	O
enfin	O
cessé	O
.	O
Les	O
professeurs	O
et	O
les	O
savants	O
avaient	O
repris	O
leur	O
place	O
au	O
soleil	O
:	O
ils	O
ne	O
tremblaient	O
plus	O
devant	O
un	O
caporal	O
imberbe	O
,	O
et	O
les	O
antiques	O
coutumes	O
allemandes	O
,	O
honnêtes	O
et	O
pacifiques	O
,	O
avaient	O
succédé	O
au	O
régime	O
du	O
sabre	O
.	O
Voilà	O
pourquoi	O
la	O
noble	O
ville	B-LOC
de	I-LOC
Brunnwald	I-LOC
possédait	O
une	O
Université	B-LOC
brillante	O
,	O
des	O
laboratoires	O
somptueux	O
et	O
des	O
professeurs	O
excellents	O
.	O
Or	O
,	O
nul	O
parmi	O
ces	O
maîtres	O
n'avait	O
plus	O
de	O
zèle	O
et	O
de	O
talent	O
que	O
le	O
célèbre	O
Hermann	B-PER
Bakermann	I-PER
.	O
Tout	O
jeune	O
,	O
il	O
s'était	O
jeté	O
avec	O
fougue	O
dans	O
la	O
science	O
des	O
microbes	O
;	O
plus	O
tard	O
,	O
devenu	O
professeur	O
,	O
il	O
avait	O
fait	O
construire	O
le	O
laboratoire	O
de	O
ses	O
rêves	O
.	O
C'est	O
là	O
qu'il	O
passait	O
sa	O
vie	O
.	O
Dédaigneux	O
de	O
la	O
clientèle	O
,	O
il	O
vivait	O
au	O
milieu	O
de	O
ses	O
flacons	O
et	O
de	O
ses	O
bouillons	O
de	O
culture	O
,	O
entouré	O
des	O
virus	O
les	O
plus	O
puissants	O
et	O
les	O
plus	O
délétères	O
.	O
Mais	O
,	O
pour	O
ne	O
pas	O
être	O
infecté	O
par	O
ses	O
poisons	O
,	O
il	O
avait	O
pris	O
tions	O
nécessaires	O
.	O
Par	O
une	O
série	O
de	O
ment	O
graduées	O
,	O
il	O
était	O
arrivé	O
à	O
se	O
invulnérable	O
:	O
de	O
sorte	O
que	O
sa	O
san	O
-	O
nement	O
de	O
cette	O
existence	O
passée	O
les	O
germes	O
qui	O
affligent	O
la	O
pauvre	O
Cependant	O
,	O
comme	O
tout	O
le	O
mon	O
-	O
bien	O
protégé	O
que	O
lui	O
,	O
le	O
professeur	O
pris	O
soin	O
de	O
faire	O
construire	O
,	O
à	O
l'ex	O
-	O
boratoire	O
,	O
une	O
salle	O
spéciale	O
,	O
qu'il	O
de	O
plaisanterie	O
la	O
chambre	O
infernale	O
,	O
mettait	O
l'abord	O
à	O
aucun	O
être	O
hu	O
-	O
pièce	O
,	O
chauffée	O
et	O
éclairée	O
par	O
l'élec	O
-	O
d'appareils	O
de	O
désinfection	O
énergi	O
-	O
Bakermann	B-PER
n'en	O
sortait	O
jamais	O
sans	O
lable	O
purifié	O
par	O
les	O
fumigations	O
des	O
plus	O
actifs	O
.	O
Donc	O
,	O
ce	O
jour	O
-	O
là	O
,	O
en	O
rentrant	O
chez	O
lui	O
,	O
le	B-PER
professeur	I-PER
Hermann	I-PER
Bakermann	I-PER
était	O
content	O
.	O
Le	O
problème	O
qu'il	O
avait	O
si	O
longtemps	O
et	O
si	O
vainement	O
cherché	O
avait	O
reçu	O
enfin	O
une	O
solution	O
très	O
simple	O
.	O
On	O
connaissait	O
les	O
moyens	O
de	O
rendre	O
inoffensifs	O
les	O
microbes	O
malfaisants	O
;	O
mais	O
ce	O
n'était	O
là	O
qu'un	O
des	O
côtés	O
du	O
problème	O
.	O
Ba	B-PER
-	I-PER
kermann	B-PER
avait	O
trouvé	O
le	O
moyen	O
de	O
rendre	O
malfaisants	O
les	O
microbes	O
inoffensifs	O
.	O
Quand	O
nous	O
disons	O
malfaisants	O
,	O
nous	O
ne	O
voulons	O
pas	O
dire	O
petitement	O
malfaisants	O
;	O
mais	O
terribles	O
,	O
foudroyants	O
,	O
irrésistibles	O
.	O
Les	O
microbes	O
,	O
jusqu	O
'	O
à	O
présent	O
connus	O
,	O
ne	O
tuent	O
qu'en	O
une	O
journée	O
,	O
une	O
demi	O
-	O
journée	O
tout	O
au	O
plus	O
,	O
et	O
puis	O
ils	O
sont	O
d'une	O
vitalité	O
fragile	O
.	O
Un	O
rien	O
les	O
atténue	O
ou	O
les	O
rend	O
innocents	O
.	O
Le	O
problème	O
était	O
donc	O
d'avoir	O
un	O
virus	O
assez	O
fort	O
pour	O
tuer	O
en	O
une	O
heure	O
,	O
à	O
la	O
dose	O
d'un	O
centième	O
ou	O
d'un	O
millième	O
de	O
goutte	O
,	O
de	O
manière	O
à	O
ce	O
que	O
nul	O
être	O
vivant	O
ne	O
puisse	O
en	O
réchapper	O
.	O
Surtout	O
—	O
et	O
c'était	O
là	O
le	O
point	O
le	O
plus	O
délicat	O
—	O
ce	O
microbe	O
terrible	O
devait	O
être	O
très	O
résistant	O
,	O
incapable	O
de	O
se	O
laisser	O
affaiblir	O
par	O
les	O
intempéries	O
des	O
climats	O
ou	O
par	O
les	O
médications	O
que	O
les	O
gens	O
de	O
l'art	O
ne	O
cessent	O
d'inventer	O
.	O
C'est	O
graduellement	O
que	O
Bakermann	B-PER
était	O
arrivé	O
à	O
faire	O
sa	O
grande	O
découverte	O
...	O
«	O
Le	O
microbe	O
,	O
disait	O
-	O
il	O
dans	O
ses	O
cours	O
,	O
est	O
comme	O
les	O
êtres	O
humains	O
.	O
Nous	O
autres	O
hommes	O
,	O
nous	O
avons	O
besoin	O
d'une	O
nourriture	O
variée	O
.	O
Il	O
nous	O
faut	O
de	O
la	O
soupe	O
,	O
de	O
la	O
choucroute	O
,	O
de	O
la	O
bière	O
,	O
du	O
caviar	O
,	O
du	O
beurre	O
,	O
des	O
gâteaux	O
,	O
du	O
mouton	O
,	O
du	O
poisson	O
,	O
des	O
écrevisses	O
,	O
des	O
pâtés	O
,	O
du	O
miel	O
,	O
des	O
amandes	O
,	O
des	O
fruits	O
,	O
des	O
sardines	O
,	O
du	O
vin	O
du	B-LOC
Rhin	I-LOC
,	O
du	O
champagne	O
,	O
des	O
pommes	O
de	O
terre	O
et	O
du	O
kummel	O
.	O
Nous	O
nous	O
portons	O
d'autant	O
mieux	O
que	O
notre	O
alimentation	O
est	O
plus	O
savante	O
et	O
plus	O
compliquée	O
.	O
Eh	O
bien	O
,	O
les	O
microbes	O
ont	O
les	O
mêmes	O
besoins	O
que	O
nous	O
.	O
Donnons	O
-	O
leur	O
une	O
nourriture	O
très	O
mélangée	O
et	O
très	O
riche	O
,	O
et	O
nous	O
les	O
rendrons	O
de	O
plus	O
en	O
plus	O
vigoureux	O
,	O
c'est	O
-	O
à	O
-	O
dire	O
énergiquement	O
malfaisants	O
;	O
car	O
la	O
vigueur	O
d'un	O
microbe	O
se	O
mesure	O
à	O
sa	O
force	O
destructive	O
.	O
»	O
Aussi	O
tous	O
les	O
soins	O
du	B-PER
professeur	I-PER
Bakermann	I-PER
portaient	O
-	O
ils	O
sur	O
la	O
confection	O
de	O
ses	O
bouillons	O
de	O
culture	O
.	O
Il	O
aurait	O
,	O
sur	O
ce	O
chapitre	O
,	O
rendu	O
des	O
points	O
au	O
meilleur	O
cuisinier	O
français	O
.	O
Dans	O
son	O
dernier	O
bouillon	O
,	O
il	O
avait	O
trouvé	O
le	O
moyen	O
de	O
faire	O
entrer	O
quatre	O
-	O
vingt	O
-	O
sept	O
substances	O
alimentaires	O
différentes	O
,	O
et	O
les	O
microbes	O
s	O
'	O
y	O
développaient	O
avec	O
une	O
intensité	O
de	O
vie	O
vraiment	O
prodigieuse	O
.	O
Nous	O
ne	O
pouvons	O
entrer	O
ici	O
dans	O
le	O
détail	O
de	O
la	O
savante	O
technique	O
du	O
célèbre	O
professeur	O
.	O
Toujours	O
est	O
-	O
il	O
que	O
,	O
grâce	O
aux	O
bouillons	O
perfectionnés	O
,	O
grâce	O
à	O
certains	O
procédés	O
électriques	O
qu'il	O
tenait	O
encore	O
secrets	O
,	O
Bakermann	B-PER
avait	O
profondément	O
transformé	O
un	O
microbe	O
vulgaire	O
,	O
le	O
microbe	O
du	O
beurre	O
rance	O
,	O
très	O
répandu	O
,	O
hélas	O
!	O
En	O
le	O
soumettant	O
à	O
toute	O
une	O
succession	O
de	O
cultures	O
compliquées	O
,	O
il	O
en	O
avait	O
fait	O
un	O
microbe	O
épouvantablement	O
méchant	O
.	O
Un	O
centième	O
de	O
goutte	O
tuait	O
un	O
gros	O
chien	O
en	O
deux	O
heures	O
et	O
demie	O
;	O
une	O
seule	O
goutte	O
en	O
deux	O
heures	O
pouvait	O
tuer	O
trois	O
mille	O
lapins	O
.	O
Il	O
va	O
sans	O
dire	O
que	O
Ba	B-PER
-	I-PER
kermann	I-PER
n'avait	O
pu	O
essayer	O
sur	O
un	O
si	O
grand	O
nombre	O
de	O
rongeurs	O
,	O
mais	O
il	O
en	O
avait	O
cependant	O
fait	O
périr	O
une	O
assez	O
notable	O
quantité	O
,	O
à	O
la	O
grande	O
indignation	O
de	O
Mme	B-PER
Bakermann	I-PER
.	O
Mme	B-PER
Bakermann	I-PER
?	O
Eh	O
!	O
oui	O
,	O
il	O
n	O
'	O
y	O
a	O
pas	O
d'existence	O
qui	O
n'ait	O
quelque	O
secrète	O
douleur	O
.	O
Pas	O
de	O
fruit	O
qui	O
ne	O
recèle	O
un	O
ver	O
empoisonné	O
.	O
Pas	O
de	O
rose	O
qui	O
n'ait	O
une	O
fâcheuse	O
épine	O
.	O
Pour	O
l'illustre	O
Bakermann	B-PER
,	O
le	O
ver	O
empoisonné	O
,	O
l'épine	O
traîtresse	O
,	O
c'était	O
Mme	B-PER
Josépha	I-PER
Baker	I-PER
-	I-PER
mann	I-PER
.	O
Mme	B-PER
Bakermann	I-PER
n'avait	O
jamais	O
rien	O
compris	O
à	O
la	O
science	O
des	O
microbes	O
.	O
Chaque	O
fois	O
que	O
l'infortuné	O
savant	O
essayait	O
de	O
lui	O
en	O
parler	O
,	O
elle	O
le	O
dévisageait	O
d'un	O
air	O
méprisant	O
:	O
—	O
A	O
quoi	O
bon	O
tout	O
ce	O
tracas	O
pour	O
des	O
futilités	O
qui	O
font	O
rire	O
de	O
toi	O
?	O
Au	O
lieu	O
d'aller	O
au	O
théâtre	O
ou	O
à	O
la	O
promenade	O
,	O
tu	O
t'enfermes	O
dans	O
une	O
chambre	O
malsaine	O
,	O
avec	O
des	O
lapins	O
,	O
des	O
crapauds	O
et	O
des	O
pigeons	O
!	O
Est	O
-	O
ce	O
un	O
métier	O
pour	O
un	O
homme	O
qui	O
se	O
respecte	O
et	O
qui	O
respecte	O
sa	O
femme	O
?	O
Si	O
encore	O
tu	O
imitais	O
le	B-PER
docteur	I-PER
Roth	I-PER
-	O
bein	O
,	O
qui	O
,	O
tout	O
en	O
étant	O
aussi	O
savant	O
que	O
toi	O
,	O
fait	O
dix	O
visites	O
par	O
jour	O
qu'on	O
lui	O
paye	O
chacune	O
jusqu	O
'	O
à	O
vingt	O
marks	O
;	O
mais	O
tu	O
es	O
incapable	O
de	O
gagner	O
un	O
simple	O
pfennig	O
.	O
Tu	O
n'es	O
qu'un	O
pauvre	O
homme	O
,	O
Bakermann	B-PER
;	O
c'est	O
moi	O
qui	O
te	O
le	O
dis	O
,	O
et	O
je	O
m'étonne	O
qu'il	O
reste	O
encore	O
un	O
seul	O
élève	O
à	O
ton	O
cours	O
,	O
car	O
tu	O
ne	O
sais	O
que	O
leur	O
raconter	O
toujours	O
la	O
même	O
histoire	O
.	O
Bref	O
,	O
Mme	B-PER
Bakermann	I-PER
détestait	O
les	O
microbes	O
.	O
Elle	O
avait	O
une	O
autre	O
haine	O
encore	O
:	O
c'était	O
la	O
brasserie	O
.	O
Les	O
plus	O
grands	O
hommes	O
pèchent	O
toujours	O
par	O
un	O
point	O
,	O
et	O
,	O
à	O
bien	O
chercher	O
,	O
on	O
trouverait	O
chez	O
les	O
meilleurs	O
une	O
tare	O
,	O
une	O
tache	O
,	O
une	O
faiblesse	O
.	O
Le	B-PER
professeur	I-PER
Bakermann	I-PER
avait	O
,	O
lui	O
aussi	O
,	O
son	O
point	O
faible	O
:	O
c'était	O
la	O
brasserie	O
.	O
Après	O
tout	O
,	O
Bakermann	B-PER
était	O
excusable	O
.	O
Boire	O
de	O
bonnes	O
chopes	O
qui	O
se	O
succèdent	O
l'une	O
à	O
l'autre	O
en	O
joyeuse	O
rangée	O
,	O
avec	O
de	O
joyeux	O
camarades	O
,	O
en	O
faisant	O
une	O
partie	O
de	O
piquet	O
,	O
ou	O
en	O
devisant	O
sur	O
l'état	O
de	O
l'Europe	B-LOC
et	O
les	O
progrès	O
de	O
la	O
science	O
des	O
microbes	O
,	O
à	O
coup	O
sûr	O
c'est	O
plus	O
agréable	O
que	O
toute	O
une	O
soirée	O
d'aigres	O
récriminations	O
sur	O
le	O
prix	O
exorbitant	O
des	O
lapins	O
,	O
la	O
cherté	O
des	O
denrées	O
exquises	O
qu'il	O
faut	O
acheter	O
pour	O
nourrir	O
les	O
microbes	O
,	O
l'inutilité	O
des	O
thermomètres	O
délicats	O
qui	O
coûtent	O
cent	O
marks	O
et	O
la	O
nécessité	O
d'avoir	O
une	O
pèlerine	O
en	O
fourrure	O
,	O
comme	O
Mme	B-PER
Rothbein	I-PER
,	O
ou	O
des	O
portières	O
d'Orient	B-LOC
dans	O
son	O
salon	O
,	O
comme	O
Mme	B-PER
Scheinbrunn	I-PER
,	O
la	O
femme	O
du	O
président	O
.	O
Quand	O
Bakermann	B-PER
avait	O
réussi	O
à	O
gagner	O
la	O
porte	O
sans	O
être	O
vu	O
,	O
il	O
était	O
sauvé	O
.	O
Il	O
ne	O
revenait	O
que	O
très	O
tard	O
,	O
la	O
tête	O
un	O
peu	O
pesante	O
,	O
le	O
visage	O
cramoisi	O
,	O
mais	O
très	O
satisfait	O
,	O
et	O
subissant	O
,	O
sans	O
mot	O
dire	O
,	O
une	O
avalanche	O
de	O
paroles	O
amères	O
.	O
Même	O
,	O
ce	O
qui	O
est	O
affreux	O
à	O
dire	O
,	O
avec	O
l'habitude	O
,	O
il	O
avait	O
fini	O
par	O
ne	O
pouvoir	O
s'endormir	O
qu'au	O
bruit	O
des	O
lamentations	O
et	O
des	O
invectives	O
.	O
—	O
Mais	O
ce	O
soir	O
-	O
là	O
,	O
en	O
rentrant	O
chez	O
lui	O
,	O
Bakermann	B-PER
ne	O
pensait	O
pas	O
à	O
sa	O
femme	O
.	O
Il	O
songeait	O
à	O
son	O
terrible	O
microbe	O
.	O
—	O
Je	O
l'ai	O
trouvé	O
...	O
Je	O
l'ai	O
trouvé	O
!	O
se	O
répétait	O
-	O
il	O
.	O
Oui	O
!	O
je	O
le	O
tiens	O
.	O
Ah	O
!	O
le	O
brigand	O
!	O
M	O
'	O
a	O
-	O
t	O
-	O
il	O
assez	O
donné	O
de	O
mal	O
!	O
Mais	O
comment	O
vais	O
-	O
je	O
l'appeler	O
?	O
Il	O
faudrait	O
lui	O
donner	O
un	O
nom	O
;	O
car	O
à	O
tout	O
microbe	O
nouveau	O
on	O
doit	O
donner	O
un	O
nom	O
!	O
et	O
c'est	O
bien	O
un	O
microbe	O
nouveau	O
que	O
celui	O
-	O
là	O
!	O
Il	O
tue	O
presque	O
à	O
distance	O
...	O
Ah	O
!	O
ah	O
!	O
oui	O
!	O
...	O
C'est	O
cela	O
!	O
c'est	O
cela	O
!	O
Morti	O
-	O
fulgurans	O
,	O
Bacillus	O
morti	O
-	O
fulgurans	O
!	O
C'est	O
vraiment	O
d'un	O
très	O
bon	O
effet	O
!	O
—	O
Ah	O
!	O
te	O
voilà	O
!	O
Ce	O
n'est	O
pas	O
malheureux	O
,	O
s'écria	O
Mme	B-PER
Bakermann	I-PER
!	O
Huit	O
heures	O
!	O
As	O
-	O
tu	O
regardé	O
l'heure	O
au	O
moins	O
?	O
...	O
Je	O
croyais	O
que	O
tu	O
ne	O
reviendrais	O
pas	O
,	O
et	O
ce	O
n'aurait	O
peut	O
-	O
être	O
pas	O
été	O
grand	O
dommage	O
.	O
—	O
Calme	O
-	O
toi	O
,	O
madame	B-PER
Bakermann	I-PER
,	O
dit	O
le	O
brave	O
homme	O
,	O
et	O
apprête	O
-	O
toi	O
à	O
te	O
réjouir	O
,	O
car	O
je	O
t'apporte	O
une	O
bonne	O
nouvelle	O
.	O
—	O
Vraiment	O
!	O
—	O
Ma	O
foi	O
,	O
oui	O
,	O
une	O
très	O
bonne	O
nouvelle	O
,	O
et	O
très	O
importante	O
.	O
Tu	O
sais	O
!	O
chère	O
amie	O
!	O
celui	O
que	O
je	O
cherchais	O
depuis	O
si	O
longtemps	O
,	O
ce	O
microbe	O
qui	O
tue	O
les	O
lapins	O
en	O
deux	O
heures	O
,	O
à	O
la	O
dose	O
d'un	O
millième	O
de	O
goutte	O
...	O
Le	O
pauvre	O
Bakermann	B-PER
,	O
avec	O
une	O
persévérance	O
digne	O
d'un	O
meilleur	O
sort	O
,	O
s'obstinait	O
à	O
raconter	O
à	O
sa	O
femme	O
toutes	O
ses	O
tentatives	O
scientifiques	O
;	O
et	O
les	O
rebuffades	O
qu'il	O
essuyait	O
chaque	O
fois	O
ne	O
l'avaient	O
pas	O
encore	O
découragé	O
.	O
—	O
Si	O
tu	O
crois	O
que	O
je	O
vais	O
écouter	O
encore	O
quelques	O
sottises	O
!	O
Si	O
cela	O
ne	O
fait	O
pas	O
pitié	O
!	O
à	O
ton	O
âge	O
!	O
—	O
Mais	O
,	O
madame	B-PER
Bakermann	I-PER
...	O
—	O
Allons	O
,	O
à	O
table	O
,	O
et	O
...	O
tu	O
sais	O
,	O
pas	O
de	O
brasserie	O
aujourd'hui	O
!	O
Je	O
les	O
connais	O
,	O
tes	O
maudits	O
microbes	O
.	O
Chaque	O
fois	O
que	O
tu	O
prétends	O
avoir	O
fait	O
une	O
découverte	O
—	O
une	O
découverte	O
—	O
tu	O
en	O
profites	O
pour	O
passer	O
ta	O
nuit	O
à	O
boire	O
,	O
avec	O
des	O
vauriens	O
comme	O
Rodolphe	B-PER
Müller	I-PER
et	O
103	B-PER
César	B-PER
Pück	I-PER
.	O
Mais	O
je	O
te	O
préviens	O
que	O
ce	O
soir	O
je	O
ne	O
me	O
sens	O
pas	O
d'humeur	O
patiente	O
.	O
—	O
Je	O
le	O
vois	O
bien	O
,	O
pensa	O
Bakermann	B-PER
en	O
soupirant	O
.	O
Néanmoins	O
il	O
ne	O
perdit	O
pas	O
tout	O
espoir	O
;	O
car	O
Mme	B-PER
Ba	I-PER
-	I-PER
kermann	I-PER
s'endormait	O
volontiers	O
après	O
souper	O
,	O
et	O
là	O
-	O
chement	B-PER
Bakermann	I-PER
profitait	O
de	O
ce	O
répit	O
pour	O
s'esquiver	O
.	O
Il	O
soupa	O
donc	O
de	O
fort	O
bon	O
appétit	O
,	O
et	O
ne	O
prit	O
pas	O
garde	O
aux	O
menaces	O
de	O
Josépha	B-PER
.	O
Cependant	O
Josépha	B-PER
,	O
plus	O
irritée	O
et	O
plus	O
irritable	O
que	O
jamais	O
,	O
déclara	O
tout	O
net	O
à	O
son	O
mari	O
que	O
,	O
s'il	O
sortait	O
,	O
elle	O
ferait	O
un	O
esclandre	O
,	O
qu'elle	O
irait	O
jusque	O
dans	O
le	O
sanctuaire	O
,	O
c'est	O
-	O
à	O
-	O
dire	O
dans	O
le	O
laboratoire	O
,	O
voire	O
même	O
dans	O
la	O
chambre	O
infernale	O
,	O
pour	O
y	O
faire	O
des	O
fouilles	O
.	O
—	O
C'est	O
là	O
,	O
j'en	O
suis	O
sûre	O
,	O
que	O
tu	O
caches	O
les	O
lettres	O
d'Élisa	B-PER
.	O
Bakermann	B-PER
se	O
contenta	O
de	O
soupirer	O
,	O
en	O
levant	O
les	O
yeux	O
au	O
ciel	O
.	O
Élisa	B-PER
était	O
une	O
petite	O
servante	O
que	O
jadis	O
Mme	B-PER
Baker	I-PER
-	O
mann	B-PER
avait	O
dû	O
congédier	O
;	O
car	O
elle	O
soupçonnait	O
son	O
mari	O
d'embrasser	O
la	O
petite	O
coquine	O
entre	O
les	O
portes	O
.	O
Nous	O
ne	O
savons	O
pas	O
jusqu	O
'	O
à	O
quel	O
point	O
cette	O
accusation	O
était	O
justifiée	O
;	O
toujours	O
est	O
-	O
il	O
que	O
,	O
dès	O
que	O
le	O
nom	O
d'Élisa	B-PER
était	O
prononcé	O
,	O
Bakermann	B-PER
baissait	O
la	O
tête	O
et	O
ne	O
trouvait	O
plus	O
rien	O
à	O
répondre	O
.	O
—	O
Oui	O
,	O
des	O
lettres	O
d'Élisa	B-PER
!	O
Cela	O
est	O
sûr	O
.	O
Qu'est	O
-	O
elle	O
devenue	O
maintenant	O
?	O
Elle	O
n	O
'	O
a	O
pas	O
quitté	O
la	O
ville	O
,	O
et	O
tu	O
continues	O
à	O
la	O
voir	O
.	O
Mme	B-PER
Scheinbrunn	I-PER
m	O
'	O
a	O
raconté	O
qu'on	O
l	O
'	O
a	O
vue	O
avec	O
une	O
robe	O
de	O
soie	O
et	O
des	O
boucles	O
d'oreilles	O
en	O
perles	O
.	O
Bakermann	B-PER
ne	O
soufflait	O
mot	O
,	O
et	O
il	O
essayait	O
de	O
se	O
distraire	O
en	O
se	O
répétant	O
:	O
Bacillus	O
morti	O
-	O
fulgurans	O
!	O
—	O
Devine	O
,	O
Josépha	B-PER
,	O
le	O
nom	O
que	O
je	O
lui	O
ai	O
donné	O
,	O
s'écria	O
-	O
t	O
-	O
il	O
tout	O
à	O
coup	O
.	O
Bacillus	O
morti	O
-	O
fulgurans	O
...	O
Hein	O
!	O
C'est	O
bien	O
choisi	O
,	O
n'est	O
-	O
ce	O
pas	O
?	O
Mon	O
collègue	O
Krank	B-PER
-	O
wein	O
est	O
capable	O
d'en	O
faire	O
une	O
maladie	O
!	O
—	O
Je	O
suis	O
sûre	O
,	O
poursuivit	O
Mme	B-PER
Bakermann	I-PER
,	O
que	O
tu	O
continues	O
à	O
lui	O
écrire	O
.	O
Une	O
fille	O
toujours	O
mal	O
coiffée	O
,	O
menteuse	O
,	O
gourmande	O
,	O
débauchée	O
!	O
...	O
—	O
Ma	O
femme	O
!	O
—	O
J'irai	O
dans	O
ton	O
maudit	O
laboratoire	O
,	O
oui	O
!	O
j'irai	O
,	O
et	O
je	O
fouillerai	O
partout	O
,	O
et	O
je	O
trouverai	O
la	O
preuve	O
de	O
ta	O
misérable	O
conduite	O
.	O
—	O
Ma	O
femme	O
,	O
ma	O
chère	O
femme	O
,	O
murmura	O
Baker	B-PER
-	I-PER
mann	I-PER
,	O
tu	O
ne	O
feras	O
pas	O
cela	O
.	O
Songe	O
donc	O
que	O
mon	O
Morti	B-PER
-	O
fulgurans	O
est	O
là	O
,	O
et	O
que	O
moi	O
seul	O
puis	O
entrer	O
sans	O
danger	O
dans	O
la	O
chambre	O
infernale	O
.	O
Si	O
tu	O
savais	O
toutes	O
les	O
précautions	O
que	O
je	O
prends	O
.	O
Songe	O
à	O
ta	O
santé	O
,	O
à	O
ta	O
précieuse	O
santé	O
,	O
ma	O
bonne	O
amie	O
.	O
Mais	O
au	O
fond	O
il	O
ne	O
se	O
préoccupait	O
guère	O
des	O
menaces	O
de	O
Mme	B-PER
Bakermann	I-PER
.	O
Presque	O
tous	O
les	O
soirs	O
,	O
c'était	O
la	O
même	O
antienne	O
,	O
et	O
jusqu'alors	O
jamais	O
Mme	B-PER
Baker	I-PER
-	I-PER
mann	I-PER
n'avait	O
osé	O
franchir	O
le	O
seuil	O
redoutable	O
de	O
la	O
chambre	O
infernale	O
.	O
Vers	O
le	O
soir	O
,	O
Mme	B-PER
Bakermann	I-PER
,	O
fatiguée	O
de	O
quereller	O
,	O
s'assoupit	O
dans	O
son	O
fauteuil	O
.	O
—	O
Ma	O
foi	O
,	O
pensa	O
Bakermann	B-PER
,	O
il	O
n	O
'	O
y	O
a	O
pas	O
loin	O
d'ici	O
à	O
la	O
brasserie	O
.	O
Je	O
vais	O
y	O
passer	O
pour	O
dire	O
le	O
bonsoir	O
à	O
César	B-PER
Pück	I-PER
,	O
et	O
lui	O
apprendre	O
la	O
grande	O
nouvelle	O
.	O
Il	O
me	O
tarde	O
d'avoir	O
son	O
avis	O
sur	O
le	O
Morti	O
-	O
fulgurans	O
.	O
Josépha	B-PER
en	O
a	O
bien	O
pour	O
une	O
heure	O
,	O
et	O
,	O
quand	O
je	O
rentrerai	O
,	O
elle	O
sera	O
encore	O
endormie	O
,	O
à	O
la	O
même	O
place	O
.	O
Là	O
-	O
dessus	O
,	O
marchant	O
sur	O
la	O
pointe	O
du	O
pied	O
,	O
se	O
faisant	O
tout	O
petit	O
,	O
tout	O
petit	O
,	O
le	B-PER
professeur	I-PER
Bakermann	I-PER
gagna	O
l'antichambre	O
,	O
prit	O
sa	O
pelisse	O
et	O
son	O
chapeau	O
,	O
et	O
sortit	O
.	O
Quand	O
il	O
fut	O
dehors	O
,	O
il	O
poussa	O
un	O
gros	O
soupir	O
de	O
soulagement	O
,	O
et	O
sourit	O
malgré	O
lui	O
,	O
en	O
pensant	O
à	O
la	O
brasserie	O
où	O
César	B-PER
Pück	I-PER
l'attendait	O
.	O
En	O
effet	O
,	O
César	B-PER
Pück	I-PER
,	O
Valérien	B-PER
Grossgeld	I-PER
et	O
Rodolphe	B-PER
Müller	I-PER
étaient	O
là	O
,	O
fidèles	O
au	O
poste	O
.	O
Ils	O
poussèrent	O
un	O
joyeux	O
hourra	O
,	O
en	O
voyant	O
arriver	O
leur	O
illustre	O
ami	O
.	O
—	O
Je	O
devine	O
qu'il	O
y	O
a	O
du	O
nouveau	O
,	O
s'écria	O
Pück	B-PER
;	O
tu	O
as	O
ton	O
sourire	O
des	O
grands	O
jours	O
!	O
—	O
Parbleu	O
,	O
oui	O
!	O
s'écria	O
Bakermann	B-PER
.	O
Enfants	O
,	O
je	O
tiens	O
mon	O
microbe	O
,	O
et	O
je	O
l'appelle	O
Morti	B-PER
-	O
fulgurans	O
.	O
—	O
Bravo	O
!	O
dit	O
Müller	B-PER
.	O
Je	O
savais	O
bien	O
que	O
tu	O
y	O
arriverais	O
.	O
Mais	O
il	O
ne	O
faut	O
pas	O
te	O
reposer	O
sur	O
ta	O
victoire	O
.	O
Sais	O
-	O
tu	O
celui	O
que	O
tu	O
devrais	O
chercher	O
maintenant	O
?	O
—	O
Non	O
,	O
ma	O
foi	O
!	O
—	O
C'est	O
le	O
microbe	O
de	O
la	O
bonne	O
humeur	O
,	O
et	O
tu	O
pourrais	O
tout	O
de	O
suite	O
essayer	O
son	O
effet	O
sur	O
Mᵐᵉ	B-PER
Bakermann	I-PER
.	O
—	O
Ce	O
serait	O
,	O
en	O
effet	O
,	O
un	O
bien	O
glorieux	O
succès	O
,	O
murmura	O
Bakermann	B-PER
...	O
Mais	O
nous	O
sommes	O
ici	O
pour	O
parler	O
de	O
choses	O
gaies	O
...	O
Allons	O
,	O
une	O
chope	O
!	O
et	O
faisons	O
notre	O
bonne	O
partie	O
!	O
Jamais	O
la	O
bière	O
n'avait	O
été	O
aussi	O
exquise	O
ni	O
la	O
partie	O
de	O
piquet	O
aussi	O
intéressante	O
.	O
Bakermann	B-PER
,	O
avec	O
un	O
bonheur	O
insolent	O
,	O
gagna	O
tout	O
ce	O
qu'il	O
voulut	O
.	O
Les	O
as	O
et	O
les	O
rois	O
pleuvaient	O
dans	O
son	O
jeu	O
.	O
En	O
même	O
temps	O
les	O
chopes	O
se	O
vidaient	O
sans	O
efforts	O
,	O
les	O
pipes	O
et	O
les	O
rires	O
allaient	O
bon	O
train	O
.	O
Cependant	O
,	O
les	O
heures	O
passaient	O
.	O
C'était	O
toujours	O
la	O
dernière	O
chope	O
,	O
toujours	O
la	O
dernière	O
partie	O
,	O
toujours	O
la	O
dernière	O
pipe	O
,	O
si	O
bien	O
que	O
finalement	O
Bakermann	B-PER
buvait	O
à	O
la	O
santé	O
du	B-PER
Morti	I-PER
-	O
fulgurans	O
.	O
Enfin	O
,	O
il	O
fallut	O
quitter	O
les	O
amis	O
.	O
Mais	O
la	O
tête	O
était	O
lourde	O
et	O
la	O
démarche	O
chancelante	O
...	O
Mᵐᵉ	B-PER
Bakermann	I-PER
était	O
au	O
lit	O
,	O
dormant	O
ou	O
paraissant	O
dormir	O
.	O
Il	O
ne	O
perdit	O
pas	O
de	O
temps	O
à	O
la	O
contempler	O
,	O
et	O
,	O
sans	O
presque	O
prendre	O
le	O
loisir	O
de	O
se	O
déshabiller	O
,	O
il	O
se	O
coucha	O
et	O
s'endormit	O
du	O
profond	O
sommeil	O
des	O
triomphateurs	O
.	O
Pourtant	O
,	O
vers	O
six	O
heures	O
du	O
matin	O
,	O
il	O
fut	O
forcé	O
d'entr'ouvrir	O
un	O
oeil	O
.	O
Mᵐᵉ	B-PER
Bakermann	I-PER
le	O
secouait	O
violemment	O
.	O
—	O
Hermann	B-PER
,	O
disait	O
-	O
elle	O
,	O
Hermann	B-PER
!	O
Il	O
faisait	O
semblant	O
de	O
ne	O
pas	O
entendre	O
,	O
et	O
même	O
il	O
entendait	O
à	O
peine	O
,	O
car	O
les	O
fumées	O
de	O
la	O
bière	O
l'engour	O
-	O
dissaient	O
encore	O
de	O
leur	O
ombre	O
épaisse	O
.	O
—	O
Hermann	B-PER
,	O
Hermann	B-PER
!	O
—	O
Il	O
n	O
'	O
y	O
a	O
donc	O
plus	O
moyen	O
de	O
dormir	O
!	O
Mᵐᵉ	B-PER
Bakermann	I-PER
était	O
prise	O
de	O
douleurs	O
atroces	O
.	O
Elle	O
se	O
dressait	O
sur	O
son	O
lit	O
,	O
toute	O
pâle	O
,	O
les	O
yeux	O
hagards	O
.	O
—	O
Il	O
faut	O
sonner	O
Thérèse	B-PER
,	O
ma	O
bonne	O
amie	O
,	O
soupira	O
-	O
t	O
-	O
il	O
.	O
Et	O
il	O
tira	O
le	O
cordon	O
de	O
la	O
sonnette	O
,	O
puis	O
il	O
se	O
rendormit	O
.	O
Mais	O
Mᵐᵉ	B-PER
Bakermann	I-PER
souffrait	O
de	O
plus	O
en	O
plus	O
.	O
Thérèse	B-PER
,	O
la	O
petite	O
bonne	O
,	O
fut	O
effrayée	O
en	O
voyant	O
sa	O
figure	O
décomposée	O
.	O
L'aurore	O
livide	O
de	O
décembre	O
apparaissait	O
aux	O
fenêtres	O
.	O
—	O
Monsieur	O
,	O
monsieur	O
!	O
madame	O
est	O
très	O
mal	O
!	O
très	O
mal	O
!	O
cria	O
Thérèse	B-PER
.	O
Pour	O
cette	O
fois	O
,	O
Bakermann	B-PER
se	O
réveilla	O
tout	O
à	O
fait	O
.	O
Oui	O
,	O
vraiment	O
!	O
Mᵐᵉ	B-PER
Bakermann	I-PER
était	O
très	O
malade	O
.	O
—	O
Va	O
de	O
suite	O
prévenir	O
le	B-PER
docteur	I-PER
Rothbein	I-PER
,	O
dit	O
-	O
il	O
à	O
Thérèse	B-PER
,	O
et	O
passe	O
chez	O
le	O
pharmacien	O
pour	O
prendre	O
de	O
la	O
morphine	O
et	O
de	O
la	O
quinine	O
.	O
A	O
présent	O
,	O
Mᵐᵉ	B-PER
Bakermann	I-PER
avait	O
les	O
mains	O
toutes	O
froides	O
,	O
la	O
figure	O
violacée	O
et	O
les	O
pupilles	O
affreusement	O
dilatées	O
.	O
—	O
Josépha	B-PER
!	O
Josépha	B-PER
!	O
—	O
Mon	O
ami	O
,	O
mon	O
ami	O
,	O
disait	O
-	O
elle	O
d'une	O
voix	O
douce	O
et	O
faible	O
,	O
pardonne	O
-	O
moi	O
...	O
car	O
je	O
sens	O
que	O
je	O
vais	O
mourir	O
,	O
et	O
mourir	O
par	O
ma	O
faute	O
.	O
J'ai	O
été	O
...	O
j'ai	O
osé	O
...	O
—	O
Quoi	O
donc	O
?	O
demanda	O
le	O
professeur	O
,	O
saisi	O
d'angoisse	O
.	O
—	O
Tu	O
sais	O
,	O
la	O
chambre	O
infernale	O
!	O
la	O
chambre	O
infernale	O
!	O
...	O
Eh	O
bien	O
!	O
...	O
—	O
Eh	O
bien	O
!	O
...	O
Mais	O
parle	O
,	O
parle	O
!	O
Elle	O
ne	O
put	O
achever	O
.	O
Un	O
spasme	O
effrayant	O
lui	O
serra	O
les	O
lèvres	O
.	O
—	O
La	O
chambre	O
infernale	O
!	O
murmurait	O
Bakermann	B-PER
.	O
Parle	O
,	O
Josépha	B-PER
,	O
parle	O
,	O
je	O
t'en	O
conjure	O
.	O
Mais	O
Josépha	B-PER
ne	O
pouvait	O
plus	O
répondre	O
.	O
Elle	O
avait	O
perdu	O
connaissance	O
.	O
Les	O
soubresauts	O
de	O
l'agonie	O
agitèrent	O
ses	O
membres	O
glacés	O
.	O
Puis	O
elle	O
tomba	O
dans	O
une	O
torpeur	O
profonde	O
.	O
A	O
ce	O
moment	O
,	O
on	O
sonna	O
.	O
C'était	O
le	B-PER
professeur	I-PER
Roth	I-PER
-	I-PER
bein	O
,	O
l'ami	O
de	O
Bakermann	B-PER
,	O
célèbre	O
par	O
ses	O
diagnostics	O
irréprochables	O
.	O
Il	O
examina	O
quelques	O
instants	O
la	O
malade	O
et	O
secoua	O
la	O
tête	O
d'un	O
air	O
navré	O
.	O
—	O
Eh	O
bien	O
?	O
—	O
Ah	O
!	O
mon	O
pauvre	O
ami	O
,	O
du	O
courage	O
,	O
du	O
courage	O
!	O
—	O
Mais	O
quelle	O
est	O
cette	O
affreuse	O
maladie	O
?	O
osa	O
dire	O
Bakermann	B-PER
.	O
Rothbein	B-PER
réfléchit	O
un	O
instant	O
;	O
puis	O
,	O
après	O
un	O
nouvel	O
examen	O
minutieux	O
:	O
—	O
Ça	O
,	O
dit	O
-	O
il	O
,	O
c'est	O
une	O
maladie	O
extrêmement	O
rare	O
,	O
qui	O
ne	O
se	O
voit	O
presque	O
jamais	O
en	O
Europe	B-LOC
;	O
c'est	O
le	B-PER
Koussmi	I-PER
-	O
koussmi	O
du	B-LOC
Dahomey	I-LOC
.	O
—	O
Vraiment	O
!	O
dit	O
Bakermann	B-PER
.	O
Malgré	O
tout	O
,	O
il	O
fut	O
soulagé	O
d'un	O
grand	O
poids	O
,	O
car	O
il	O
se	O
sentait	O
envahi	O
par	O
une	O
terreur	O
secrète	O
qu'il	O
n'osait	O
pas	O
s'avouer	O
à	O
lui	O
-	O
même	O
.	O
—	O
C'est	O
le	B-LOC
Koussmi	I-LOC
-	O
koussmi	O
,	O
répéta	O
Rothbein	B-PER
avec	O
fermeté	O
.	O
Mon	O
cher	O
Hermann	B-PER
,	O
il	O
n	O
'	O
y	O
a	O
pas	O
d'illusion	O
à	O
se	O
faire	O
.	O
Tout	O
y	O
est	O
et	O
les	O
symptômes	O
sont	O
éclatants	O
:	O
la	O
soudaineté	O
du	O
début	O
,	O
la	O
pâleur	O
de	O
la	O
face	O
,	O
la	O
dilatation	O
des	O
pupilles	O
,	O
les	O
spasmes	O
,	O
le	O
refroidissement	O
,	O
la	O
torpeur	O
...	O
Il	O
aurait	O
continué	O
longtemps	O
encore	O
,	O
si	O
à	O
ce	O
moment	O
Mme	B-PER
Bakermann	I-PER
n'avait	O
tout	O
à	O
coup	O
rendu	O
l'âme	O
.	O
Il	O
était	O
huit	O
heures	O
du	O
matin	O
.	O
Déjà	O
dans	O
la	O
maison	O
chacun	O
savait	O
la	O
désastreuse	O
nouvelle	O
.	O
La	B-PER
petite	O
Thérèse	B-PER
,	O
en	O
allant	O
chez	O
le	O
pharmacien	O
,	O
n'avait	O
pu	O
s'empêcher	O
de	O
raconter	O
l'événement	O
à	O
deux	O
ou	O
trois	O
commères	O
.	O
Un	O
attroupement	O
avait	O
commencé	O
à	O
se	O
former	O
,	O
et	O
on	O
dissertait	O
déjà	O
sur	O
la	O
cause	O
du	O
mal	O
.	O
Quant	O
à	O
Bakermann	B-PER
,	O
il	O
était	O
plongé	O
dans	O
une	O
profonde	O
douleur	O
.	O
Mais	O
sa	O
douleur	O
n'était	O
rien	O
auprès	O
de	O
son	O
inquiétude	O
.	O
Le	O
sang	O
-	O
froid	O
et	O
l'assurance	O
de	O
Rothbein	B-PER
avaient	O
diminué	O
quelques	O
vagues	O
craintes	O
...	O
Pourtant	O
Josépha	B-PER
a	O
parlé	O
de	O
la	O
chambre	O
infernale	O
...	O
Pourquoi	O
?	O
...	O
Si	O
,	O
dans	O
un	O
accès	O
d'absurde	O
jalousie	O
,	O
pour	O
chercher	O
les	O
lettres	O
d'Élisa	B-PER
?	O
...	O
Ne	O
pouvant	O
supporter	O
cette	O
affreuse	O
incertitude	O
,	O
il	O
courut	O
au	O
laboratoire	O
...	O
La	O
porte	O
de	O
la	O
chambre	O
infernale	O
était	O
ouverte	O
,	O
et	O
Bakermann	B-PER
s'aperçut	O
avec	O
terreur	O
qu'on	O
avait	O
touché	O
à	O
l'armoire	O
des	O
microbes	O
et	O
fouillé	O
parmi	O
les	O
flacons	O
!	O
Une	O
main	O
imprudente	O
avait	O
même	O
renversé	O
une	O
des	O
fioles	O
où	O
végétalt	O
le	O
terrible	O
Morti	B-PER
-	O
fulgurans	O
.	O
Cette	O
fois	O
,	O
le	O
doute	O
n'était	O
plus	O
permis	O
.	O
Oui	O
,	O
Mme	B-PER
Ba	I-PER
-	I-PER
kermann	I-PER
,	O
malgré	O
les	O
solennelles	O
recommandations	O
de	O
son	O
mari	O
,	O
avait	O
osé	O
pénétrer	O
dans	O
ce	O
redoutable	O
asile	O
,	O
et	O
renversé	O
le	O
flacon	O
au	O
Morti	O
-	O
fulgurans	O
!	O
A	O
tout	O
prix	O
,	O
il	O
faut	O
conjurer	O
ce	O
plus	O
grands	O
malheurs	O
.	O
Un	O
microbe	O
terrible	O
s'est	O
emparé	O
du	O
corps	O
de	O
Mme	B-PER
Ba	I-PER
-	I-PER
kermann	I-PER
;	O
et	O
maintenant	O
,	O
par	O
une	O
rapide	O
contagion	O
,	O
il	O
va	O
gagner	O
la	O
ville	O
tout	O
entière	O
.	O
Lui	O
,	O
Bakermann	B-PER
,	O
n	O
'	O
a	O
rien	O
à	O
craindre	O
;	O
il	O
est	O
trop	O
bien	O
vacciné	O
pour	O
être	O
atteint	O
!	O
mais	O
les	O
autres	O
,	O
les	O
autres	O
!	O
...	O
Et	O
Bakermann	B-PER
frémissait	O
en	O
songeant	O
que	O
Rothbein	B-PER
,	O
que	O
Thérèse	B-PER
,	O
que	O
les	O
voisins	O
et	O
voisines	O
allaient	O
devenir	O
des	O
victimes	O
du	O
Morti	O
-	O
fulgurans	O
.	O
Et	O
qui	O
savait	O
même	O
si	O
de	O
là	O
?	O
...	O
Les	O
pensées	O
de	O
Hermann	B-PER
Baker	I-PER
-	I-PER
mann	B-PER
n'osaient	O
pas	O
aller	O
jusqu	O
'	O
à	O
cette	O
épouvantable	O
supposition	O
.	O
Il	O
rentra	O
précipitamment	O
chez	O
lui	O
,	O
et	O
commença	O
une	O
désinfection	O
énergique	O
de	O
toute	O
la	O
maison	O
!	O
Mais	O
à	O
quoi	O
bon	O
!	O
hélas	O
.	O
En	O
effet	O
,	O
vers	O
dix	O
heures	O
,	O
Thérèse	B-PER
commença	O
à	O
ressentir	O
un	O
mal	O
de	O
tête	O
intense	O
.	O
Puis	O
ce	O
fut	O
un	O
grand	O
frisson	O
,	O
puis	O
des	O
spasmes	O
.	O
Au	O
bout	O
de	O
deux	O
heures	O
,	O
la	O
maladie	O
avait	O
fait	O
des	O
progrès	O
affreux	O
,	O
si	O
bien	O
qu	O
'	O
à	O
midi	O
l'infortunée	O
Thérèse	B-PER
expirait	O
.	O
D'un	O
oeil	O
sec	O
Bakermann	B-PER
assistait	O
à	O
cette	O
horrible	O
agonie	O
.	O
Eh	O
bien	O
,	O
oui	O
!	O
c'est	O
le	B-PER
Morti	I-PER
-	O
fulgurans	O
.	O
Le	O
doute	O
n'est	O
plus	O
permis	O
,	O
tous	O
les	O
symptômes	O
prévus	O
sont	O
là	O
.	O
Aucun	O
n	O
'	O
y	O
manque	O
!	O
Quelle	O
vitalité	O
pourtant	O
dans	O
ce	O
microbe	O
!	O
Et	O
,	O
malgré	O
son	O
angoisse	O
,	O
Bakermann	B-PER
ne	O
pouvait	O
s'empêcher	O
d'admirer	O
,	O
avec	O
tout	O
l'orgueil	O
d'un	O
artiste	O
,	O
la	O
marche	O
conquérante	O
de	O
son	O
microbe	O
.	O
Dès	O
qu'il	O
a	O
pénétré	O
,	O
il	O
triomphe	O
.	O
En	O
trois	O
heures	O
,	O
tout	O
est	O
fini	O
.	O
D'abord	O
le	O
système	O
nerveux	O
,	O
puis	O
la	O
respiration	O
,	O
puis	O
le	O
coeur	O
.	O
C'est	O
méthodique	O
,	O
ponctuel	O
,	O
inexorable	O
.	O
Ni	O
la	O
quinine	O
ni	O
la	O
morphine	O
n	O
'	O
y	O
peuvent	O
rien	O
.	O
Ah	O
!	O
oui	O
,	O
certes	O
!	O
le	O
Morti	O
-	O
fulgurans	O
est	O
vivace	O
et	O
irrésistible	O
,	O
et	O
toutes	O
les	O
drogues	O
des	O
médecins	O
ne	O
le	O
démoliront	O
pas	O
.	O
Que	O
faire	O
maintenant	O
?	O
arrêter	O
la	O
propagation	O
du	O
mal	O
?	O
c'est	O
impossible	O
.	O
Alors	O
le	O
laisser	O
suivre	O
sa	O
marche	O
victorieuse	O
?	O
Mais	O
c'est	O
une	O
monstruosité	O
qui	O
dépasse	O
tout	O
ce	O
qu'on	O
peut	O
concevoir	O
!	O
Bakermann	B-PER
le	O
connaît	O
,	O
son	O
Morti	O
-	O
fulgurans	O
;	O
il	O
sait	O
que	O
rien	O
ne	O
peut	O
le	O
faire	O
reculer	O
.	O
C'est	O
un	O
vrai	O
microbe	O
celui	O
-	O
là	O
,	O
aussi	O
supérieur	O
aux	O
autres	O
que	O
la	O
lumière	O
électrique	O
à	O
une	O
misérable	O
chandelle	O
...	O
Soit	O
!	O
le	O
sort	O
en	O
est	O
jeté	O
!	O
Le	B-PER
Morti	I-PER
-	O
fulgurans	O
se	O
répandra	O
dans	O
le	O
monde	O
!	O
Le	O
soir	O
,	O
il	O
y	O
avait	O
déjà	O
sept	O
décès	O
dans	O
la	O
ville	O
.	O
L'élève	O
pharmacien	O
à	O
trois	O
heures	O
,	O
puis	O
Rothbein	B-PER
à	O
quatre	O
heures	O
,	O
puis	O
deux	O
clients	O
du	O
pharmacien	O
à	O
cinq	O
heures	O
,	O
puis	O
,	O
à	O
six	O
heures	O
,	O
quatre	O
clients	O
de	O
Rothbein	B-PER
,	O
cinq	O
clients	O
du	O
pharmacien	O
,	O
et	O
les	O
quatre	O
voisines	O
,	O
celles	O
-	O
là	O
même	O
que	O
le	O
matin	O
Bakermann	B-PER
avait	O
vues	O
causer	O
avec	O
Thérèse	B-PER
.	O
Le	O
journal	O
de	O
la	O
localité	O
annonçait	O
ainsi	O
l'apparition	O
de	O
cette	O
foudroyante	O
épidémie	O
:	O
Nous	O
avons	O
le	O
regret	O
d'apprendre	O
à	O
nos	O
lecteurs	O
qu'une	O
maladie	O
,	O
venue	O
d'Orient	B-LOC
,	O
s'est	O
abattue	O
sur	O
notre	O
laborieuse	O
cité	O
.	O
A	O
l'heure	O
où	O
nous	O
mettons	O
sous	O
presse	O
,	O
on	O
a	O
enregistré	O
déjà	O
dix	O
-	O
sept	O
décès	O
,	O
et	O
nos	O
renseignements	O
particuliers	O
nous	O
permettent	O
d'affirmer	O
qu'on	O
compte	O
dans	O
les	O
divers	O
quartiers	O
de	O
la	O
ville	O
un	O
très	O
grand	O
nombre	O
de	O
malades	O
.	O
Le	O
mal	O
débute	O
soudainement	O
,	O
et	O
il	O
tue	O
en	O
quelques	O
heures	O
,	O
déjouant	O
toutes	O
les	O
ressources	O
de	O
la	O
thérapeutique	O
.	O
Il	O
est	O
probable	O
qu'il	O
s'agit	O
d'un	O
microbe	O
qu'on	O
n	O
'	O
a	O
pas	O
encore	O
pu	O
étudier	O
;	O
mais	O
,	O
d'après	O
les	O
auteurs	O
compétents	O
,	O
cette	O
maladie	O
ne	O
serait	O
autre	O
que	O
le	B-PER
Koussmi	I-PER
-	O
koussmi	O
,	O
une	O
sorte	O
de	O
peste	O
infectieuse	O
qui	O
règne	O
au	B-LOC
Dahomey	I-LOC
.	O
On	O
se	O
perd	O
en	O
conjectures	O
sur	O
la	O
manière	O
dont	O
le	B-PER
Koussmi	I-PER
-	I-PER
koussmi	I-PER
a	O
pu	O
pénétrer	O
à	O
Brunnwald	B-LOC
.	O
La	O
facilité	O
des	O
communications	O
entre	O
l'Allemagne	B-LOC
et	O
l'Afrique	B-LOC
explique	O
tant	O
soit	O
peu	O
cette	O
propagation	O
.	O
Mais	O
comment	O
se	O
fait	O
-	O
il	O
que	O
les	O
contrées	O
intermédiaires	O
n'aient	O
pas	O
été	O
atteintes	O
?	O
Ce	O
sont	O
là	O
des	O
questions	O
que	O
nos	O
hygiénistes	O
sauront	O
promptement	O
résoudre	O
...	O
Quoi	O
qu'il	O
en	O
soit	O
,	O
il	O
s'agit	O
d'un	O
mal	O
redoutable	O
.	O
Nous	O
comptons	O
sur	O
la	O
science	O
de	O
nos	O
médecins	O
pour	O
le	O
conjurer	O
,	O
et	O
sur	O
le	O
bon	O
sens	O
de	O
nos	O
populations	O
pour	O
ne	O
pas	O
s'abandonner	O
à	O
une	O
vaine	O
panique	O
.	O
Cependant	O
le	B-PER
professeur	I-PER
Bakermann	I-PER
est	O
plongé	O
dans	O
un	O
profond	O
désespoir	O
.	O
Assurément	O
la	O
mort	O
de	O
sa	O
femme	O
est	O
un	O
grand	O
deuil	O
.	O
Mais	O
quoi	O
!	O
Mme	B-PER
Baker	I-PER
-	O
mann	O
était	O
mortelle	O
,	O
et	O
à	O
la	O
longue	O
on	O
finit	O
par	O
se	O
4	O
P.	O
consoler	O
.	O
Ce	O
qui	O
est	O
horrible	O
,	O
défiant	O
toutes	O
les	O
expressions	O
de	O
l'horreur	O
,	O
c'est	O
l'extension	O
de	O
l'épidémie	O
.	O
Il	O
essayait	O
de	O
réfléchir	O
;	O
mais	O
les	O
idées	O
tourbillonnaient	O
dans	O
sa	O
tête	O
.	O
Que	O
faire	O
,	O
puisque	O
le	B-PER
Morti	I-PER
-	O
fulgu	O
-	O
rans	O
est	O
invincible	O
?	O
Ordinairement	O
,	O
dans	O
une	O
épidémie	O
,	O
tous	O
ceux	O
qui	O
sont	O
atteints	O
ne	O
meurent	O
pas	O
,	O
il	O
est	O
des	O
individus	O
qui	O
réchappent	O
;	O
il	O
en	O
est	O
peut	O
-	O
être	O
que	O
les	O
médecins	O
sont	O
capables	O
de	O
guérir	O
;	O
il	O
en	O
est	O
qui	O
parviennent	O
à	O
éviter	O
la	O
contagion	O
.	O
Surtout	O
la	O
maladie	O
s'arrête	O
,	O
le	O
microbe	O
finit	O
par	O
deve	O
-	O
venir	O
peu	O
redoutable	O
,	O
s'atténuant	O
de	O
manière	O
à	O
être	O
de	O
moins	O
en	O
moins	O
dangereux	O
.	O
Mais	O
ici	O
on	O
ne	O
peut	O
espér	O
-	O
rer	O
rien	O
de	O
semblable	O
.	O
Le	O
Morti	O
-	O
fulgurans	O
ne	O
s'atténuera	O
pas	O
.	O
Au	O
contraire	O
.	O
Il	O
prendra	O
des	O
forces	O
nouvelles	O
en	O
se	O
disséminant	O
dans	O
le	O
monde	O
:	O
il	O
est	O
trop	O
vigoureux	O
,	O
trop	O
robuste	O
,	O
trop	O
bien	O
constitué	O
pour	O
s'affaiblir	O
.	O
L'espèce	O
humaine	O
,	O
reculant	O
devant	O
lui	O
,	O
va	O
être	O
forcée	O
de	O
disparaître	O
!	O
Un	O
combat	O
terrible	O
,	O
inouï	O
,	O
se	O
livrait	O
dans	O
l'âme	O
de	O
Bakermann	B-PER
.	O
Jamais	O
peut	O
-	O
être	O
un	O
mortel	O
n'avait	O
senti	O
peser	O
sur	O
lui	O
une	O
responsabilité	O
si	O
lourde	O
,	O
si	O
écrasante	O
.	O
Encore	O
si	O
un	O
aveu	O
solennel	O
devait	O
empêcher	O
le	O
mal	O
!	O
...	O
Mais	O
non	O
,	O
un	O
aveu	O
est	O
inutile	O
!	O
Qu'il	O
se	O
taise	O
ou	O
qu'il	O
parle	O
,	O
l'épidémie	O
suivra	O
son	O
cours	O
.	O
Alors	O
pourquoi	O
parler	O
?	O
Oui	O
,	O
pourquoi	O
?	O
Si	O
une	O
confession	O
publique	O
,	O
éclatante	O
,	O
devait	O
sauver	O
un	O
seul	O
malade	O
,	O
certes	O
!	O
Mais	O
elle	O
ne	O
servirait	O
qu	O
'	O
à	O
rendre	O
le	O
nom	O
de	O
Bakermann	B-PER
à	O
jamais	O
honni	O
des	O
générations	O
futures	O
...	O
Si	O
tant	O
est	O
que	O
quelque	O
être	O
humain	O
puisse	O
survivre	O
au	O
Morti	B-PER
-	O
fulgu	O
-	O
rans	O
?	O
...	O
Les	O
générations	O
futures	O
!	O
...	O
Et	O
Bakermann	B-PER
souriait	O
amèrement	O
,	O
en	O
pensant	O
que	O
,	O
grâce	O
à	O
lui	O
,	O
il	O
n	O
'	O
y	O
aurait	O
pas	O
de	O
générations	O
futures	O
.	O
D'ailleurs	O
,	O
est	O
-	O
ce	O
bien	O
le	B-PER
Morti	O
-	O
fulgurans	O
?	O
Rothbein	B-PER
n	O
'	O
a	O
pas	O
eu	O
d'hésitation	O
.	O
Tout	O
de	O
suite	O
il	O
a	O
affirmé	O
que	O
c'était	O
le	B-PER
Koussmi	I-PER
-	O
koussmi	O
.	O
Pourquoi	O
Rothbein	B-PER
n'aurait	O
-	O
il	O
pas	O
raison	O
?	O
Pourquoi	O
le	O
contredire	O
et	O
se	O
faire	O
soi	O
-	O
même	O
son	O
propre	O
bourreau	O
?	O
C'est	O
une	O
coupable	O
présomption	O
que	O
de	O
prétendre	O
en	O
savoir	O
,	O
à	O
soi	O
tout	O
seul	O
,	O
plus	O
que	O
les	O
maîtres	O
de	O
la	O
science	O
.	O
Ils	O
ont	O
prononcé	O
!	O
Eh	O
bien	O
,	O
leur	O
arrêt	O
est	O
irrévocable	O
:	O
c'est	O
le	B-PER
Koussmi	I-PER
-	O
koussmi	O
.	O
Enfin	O
,	O
si	O
je	O
parle	O
,	O
je	O
ne	O
sauverai	O
personne	O
...	O
Je	O
ne	O
parlerai	O
pas	O
!	O
...	O
—	O
s	O
,	O
la	O
voix	O
de	O
la	O
con	O
-	O
Malgré	O
tous	O
cesraisonnements	O
rmann	O
,	O
lui	O
disait	O
la	O
science	O
était	O
plus	O
forte	O
.	O
«	O
Baker	B-PER
-	O
sais	O
parfaitement	O
que	O
voix	O
,	O
tu	O
te	O
mens	O
à	O
toi	O
-	O
même	O
.	O
Tu	O
urans	O
,	O
qu'il	O
n	O
'	O
y	O
a	O
pas	O
ta	O
femme	O
est	O
morte	O
du	B-PER
Morti	O
-	O
fulgu	O
-	O
es	O
l'unique	O
cause	O
de	O
de	B-PER
Koussmi	I-PER
-	O
koussmi	O
,	O
et	O
que	O
tu	O
e	O
disparaître	O
tous	O
les	O
l'épidémie	O
effroyable	O
qui	O
va	O
faire	O
atrocité	O
de	O
ton	O
forfait	O
,	O
humains	O
.	O
Si	O
tu	O
veux	O
diminuer	O
l'ho	O
-	O
Bakermann	B-PER
,	O
sois	O
un	O
il	O
faut	O
l'avouer	O
généreusement	O
.	O
e	O
silence	O
,	O
tu	O
es	O
le	O
plus	O
honnête	O
homme	O
,	O
car	O
,	O
si	O
tu	O
gardes	O
affreux	O
scélérat	O
que	O
la	O
terre	O
ait	O
en	O
-	O
nfanté	O
.	O
»	O
Il	O
sortit	O
.	O
Il	O
se	O
sentait	O
l'âme	O
des	O
grands	O
martyrs	O
,	O
et	O
il	O
avait	O
pris	O
une	O
résolution	O
héroïque	O
.	O
Oui	O
,	O
il	O
voulait	O
boire	O
le	O
calice	O
jusqu	O
'	O
à	O
la	O
lie	O
!	O
Il	O
avait	O
un	O
ennemi	O
,	O
un	O
ennemi	O
mortel	O
,	O
le	B-PER
professeur	I-PER
Hugo	I-PER
Krankwein	I-PER
,	O
son	O
rival	O
en	O
microbe	O
,	O
un	O
petit	O
homme	O
,	O
chauve	O
,	O
à	O
figure	O
de	O
fouine	O
,	O
grimaçante	O
,	O
très	O
envieux	O
et	O
très	O
savant	O
.	O
C'est	O
à	O
Krankwein	B-LOC
que	O
Bakermann	B-PER
va	O
avouer	O
son	O
crime	O
.	O
Krankwein	B-PER
vivait	O
seul	O
,	O
dans	O
un	O
faubourg	O
isolé	O
.	O
Ce	O
fut	O
lui	O
qui	O
ouvrit	O
la	O
porte	O
;	O
mais	O
il	O
recula	O
épouvanté	O
quand	O
il	O
aperçut	O
devant	O
lui	O
la	O
figure	O
bouleversée	O
de	O
son	O
collègue	O
.	O
—	O
Au	O
nom	O
du	O
ciel	O
,	O
est	O
-	O
ce	O
bien	O
vous	O
?	O
—	O
C'est	O
moi	O
,	O
soupira	O
Bakermann	B-PER
;	O
ma	O
femme	O
est	O
morte	O
ce	O
matin	O
!	O
—	O
Oui	O
,	O
je	O
sais	O
,	O
dit	O
Krankwein	B-PER
,	O
en	O
levant	O
les	O
yeux	O
au	O
ciel	O
.	O
La	O
pauvre	O
femme	O
a	O
été	O
une	O
des	O
premières	O
victimes	O
du	B-PER
Koussmi	O
-	O
koussmi	O
.	O
—	O
Ne	O
parlez	O
pas	O
du	B-PER
Koussmi	I-PER
-	O
koussmi	O
!	O
s'écria	O
Baker	B-PER
-	O
mann	O
.	O
Le	B-PER
Koussmi	I-PER
-	O
koussmi	O
n'existe	O
pas	O
!	O
Il	O
n	O
'	O
y	O
a	O
que	O
le	O
Bacillus	B-PER
morti	O
-	O
fulgurans	O
!	O
—	O
Tiens	O
!	O
tiens	O
!	O
pensa	O
Krankwein	B-PER
,	O
non	O
sans	O
quelque	O
satisfaction	O
,	O
le	O
pauvre	O
homme	O
est	O
devenu	O
fou	O
!	O
Voyons	O
,	O
mon	O
cher	O
collègue	O
,	O
dit	O
-	O
il	O
avec	O
douceur	O
,	O
en	O
s'adressant	O
à	O
Bakermann	B-PER
avec	O
la	O
patience	O
un	O
peu	O
méprisante	O
qu'on	O
a	O
pour	O
les	O
enfants	O
et	O
les	O
malades	O
,	O
je	O
connais	O
cette	O
horrible	O
histoire	O
.	O
La	O
chère	O
Mme	B-PER
Bakermann	I-PER
avait	O
acheté	O
des	O
tapis	O
d'Orient	B-LOC
qui	O
venaient	O
en	O
droite	O
ligne	O
du	B-LOC
Dahomey	I-LOC
:	O
il	O
n'en	O
faut	O
pas	O
davantage	O
,	O
hélas	O
!	O
—	O
Et	O
moi	O
je	O
vous	O
dis	O
qu'il	O
n	O
'	O
y	O
a	O
pas	O
de	O
Koussmi	B-PER
-	O
koussmi	O
!	O
s'écria	O
Bakermann	B-PER
.	O
Est	O
-	O
ce	O
que	O
votre	O
Koussmi	B-PER
-	O
koussmi	B-PER
peut	O
tuer	O
en	O
trois	O
heures	O
un	O
homme	O
vigoureux	O
et	O
bien	O
portant	O
?	O
Est	O
-	O
ce	O
qu'il	O
peut	O
frapper	O
sans	O
rémission	O
?	O
Est	O
-	O
ce	O
qu'il	O
résiste	O
à	O
la	O
quinine	O
et	O
aux	O
bains	O
froids	O
?	O
Non	O
,	O
mille	O
fois	O
non	O
,	O
c'est	O
mon	O
microbe	O
,	O
vous	O
dis	O
-	O
je	O
,	O
c'est	O
mon	O
Morti	O
-	O
fulgurans	O
qui	O
a	O
tué	O
Josépha	B-PER
.	O
Krankwein	B-PER
sourit	O
.	O
—	O
Mon	O
cher	O
Bakermann	B-PER
,	O
la	O
douleur	O
vous	O
égare	O
;	O
le	B-PER
Morti	O
-	O
fulgurans	O
est	O
un	O
rêve	O
de	O
votre	O
imagination	O
malade	O
,	O
et	O
la	O
situation	O
est	O
trop	O
grave	O
pour	O
que	O
nous	O
nous	O
arrêtions	O
à	O
des	O
hypothèses	O
invraisemblables	O
.	O
—	O
Des	O
hypothèses	O
!	O
rugit	O
Bakermann	B-PER
.	O
Des	O
hypothèses	O
!	O
Songez	O
-	O
vous	O
à	O
ce	O
que	O
vous	O
dites	O
?	O
Le	O
Morti	O
-	O
fulgurans	O
existe	O
.	O
Je	O
l'ai	O
créé	O
,	O
je	O
l'ai	O
fait	O
sortir	O
du	O
néant	O
.	O
Je	O
l'ai	O
construit	O
de	O
toutes	O
pièces	O
,	O
inattaquable	O
,	O
irréssis	O
-	O
tible	O
,	O
défiant	O
la	O
médecine	O
et	O
les	O
médecins	O
.	O
Je	O
le	O
conserve	O
dans	O
mes	O
fioles	O
:	O
j'empoisonne	O
avec	O
lui	O
Mme	B-PER
Ba	I-PER
-	I-PER
kermann	I-PER
,	O
Rothbein	B-PER
,	O
Thérèse	B-PER
et	O
cinq	O
cents	O
personnes	O
!	O
Et	O
vous	O
venez	O
me	O
parler	O
d'hypothèses	O
!	O
—	O
Calmez	O
-	O
vous	O
,	O
je	O
vous	O
en	O
prie	O
,	O
mon	O
cher	O
collègue	O
,	O
soupira	O
Krankwein	B-PER
.	O
Tenez	O
,	O
demain	O
matin	O
,	O
si	O
nous	O
existons	O
encore	O
,	O
j'irai	O
vous	O
rendre	O
visite	O
,	O
et	O
vous	O
reconnaîtrez	O
que	O
vous	O
n'êtes	O
pas	O
tout	O
à	O
fait	O
raisonnable	O
.	O
—	O
Mais	O
vous	O
ne	O
voyez	O
donc	O
pas	O
que	O
le	B-PER
Morti	I-PER
-	O
fulgu	O
-	O
rans	O
ne	O
m'attaque	O
pas	O
,	O
moi	O
!	O
...	O
Il	O
n'avait	O
pas	O
achevé	O
qu'une	O
lueur	O
soudaine	O
le	O
traversa	O
.	O
Ce	O
fut	O
un	O
éclair	O
éblouissant	O
,	O
une	O
de	O
ces	O
conceptions	O
sublimes	O
,	O
grandioses	O
,	O
qui	O
jettent	O
leur	O
clarté	O
aveuglante	O
sur	O
l'âme	O
tout	O
entière	O
.	O
—	O
J'ai	O
trouvé	O
!	O
J'ai	O
trouvé	O
!	O
s'écria	O
-	O
t	O
-	O
il	O
.	O
Et	O
,	O
sans	O
prendre	O
congé	O
de	O
Krankwein	B-PER
stupéfait	O
,	O
il	O
se	O
précipita	O
nu	O
-	O
tête	O
dans	O
la	O
rue	O
.	O
—	O
Bonté	O
divine	O
!	O
pensa	O
Krankwein	B-PER
,	O
Bakermann	B-PER
est	O
devenu	O
fou	O
.	O
Il	O
n'était	O
certainement	O
pas	O
bien	O
fort	O
,	O
mais	O
maintenant	O
c'est	O
un	O
véritable	O
insensé	O
.	O
Là	O
-	O
dessus	O
Krankwein	B-PER
se	O
coucha	O
.	O
Lui	O
aussi	O
,	O
il	O
était	O
vacciné	O
contre	O
toutes	O
les	O
épidémies	O
,	O
et	O
il	O
n'avait	O
pas	O
peur	O
du	B-PER
Koussmi	I-PER
-	O
koussmi	O
.	O
Le	O
sort	O
de	O
ses	O
concitoyens	O
l'intéressait	O
fort	O
peu	O
.	O
Quant	O
au	O
Morti	B-PER
-	O
fulgurans	O
,	O
il	O
avait	O
le	O
malheur	O
de	O
n	O
'	O
y	O
pas	O
croire	O
.	O
Au	O
milieu	O
de	O
la	O
nuit	O
,	O
dans	O
les	O
rues	O
désolées	O
de	O
Brunnwald	B-LOC
,	O
on	O
aurait	O
pu	O
voir	O
un	O
homme	O
marchant	O
à	O
grands	O
pas	O
,	O
les	O
cheveux	O
au	O
vent	O
,	O
parlant	O
et	O
gesticulant	O
tout	O
haut	O
,	O
sans	O
prendre	O
souci	O
de	O
la	O
neige	O
qui	O
tombait	O
dru	O
,	O
et	O
de	O
la	O
boue	O
épaisse	O
et	O
froide	O
qui	O
couvrait	O
le	O
pavé	O
.	O
—	O
J'ai	O
trouvé	O
!	O
J'ai	O
trouvé	O
!	O
se	O
répétait	O
Bakermann	B-PER
.	O
Parbleu	O
!	O
Mon	O
Morti	B-PER
-	O
fulgurans	O
a	O
été	O
cultivé	O
sur	O
de	O
l'électricité	O
négative	O
;	O
l'électricité	O
positive	O
doit	O
le	O
tuer	O
immédiatement	O
.	O
C'est	O
fatal	O
,	O
absolument	O
fatal	O
!	O
aussi	O
certain	O
que	O
deux	O
et	O
deux	O
font	O
quatre	O
.	O
Avec	O
de	O
l'électricité	O
positive	O
,	O
il	O
sera	O
aussitôt	O
détruit	O
,	O
anéanti	O
,	O
pulvérisé	O
.	O
Il	O
redeviendra	O
aussi	O
inoffensif	O
qu'il	O
était	O
d'abord	O
,	O
quand	O
je	O
l'ai	O
retiré	O
du	O
beurre	O
rance	O
.	O
Que	O
dis	O
-	O
je	O
?	O
il	O
sera	O
plus	O
inoffensif	O
encore	O
.	O
Et	O
on	O
vivra	O
,	O
et	O
on	O
n'aura	O
plus	O
rien	O
à	O
craindre	O
!	O
De	O
l'électricité	O
positive	O
,	O
et	O
le	O
monde	O
sera	O
sauvé	O
,	O
et	O
l'humanité	O
ne	O
finira	O
pas	O
,	O
et	O
le	O
nom	O
de	O
Bakermann	B-PER
sera	O
célébré	O
avec	O
reconnaissance	O
par	O
les	O
innombrables	O
générations	O
futures	O
,	O
car	O
il	O
y	O
aura	O
des	O
générations	O
futures	O
Allons	O
,	O
Bakermann	B-PER
,	O
à	O
l'oeuvre	O
.	O
Tu	O
as	O
fait	O
le	O
mal	O
,	O
mais	O
tu	O
peux	O
le	O
réparer	O
,	O
et	O
même	O
toi	O
seul	O
pouvais	O
le	O
réparer	O
.	O
Pour	O
terrasser	O
le	B-PER
Morti	I-PER
-	O
fulgurans	O
,	O
il	O
ne	O
fallait	O
rien	O
moins	O
que	O
l'homme	O
qui	O
l'avait	O
fait	O
naître	O
.	O
Cependant	O
l'épidémie	O
faisait	O
des	O
pas	O
de	O
géant	O
.	O
D'abord	O
,	O
dans	O
la	B-LOC
ville	I-LOC
de	I-LOC
Brunnwald	I-LOC
,	O
elle	O
avait	O
éclaté	O
partout	O
.	O
Presque	O
dans	O
chaque	O
maison	O
il	O
y	O
avait	O
au	O
moins	O
un	O
malade	O
,	O
et	O
les	O
malades	O
étaient	O
tout	O
de	O
suite	O
dans	O
un	O
état	O
désespéré	O
.	O
Nul	O
remède	O
n'entravait	O
la	O
marche	O
du	O
fléau	O
.	O
La	O
consternation	O
était	O
universelle	O
.	O
On	O
n'osait	O
plus	O
sortir	O
de	O
chez	O
soi	O
.	O
L'administration	O
,	O
toujours	O
prévoyante	O
,	O
répandait	O
sur	O
la	O
ville	O
des	O
torrents	O
d'acide	O
phénique	O
,	O
que	O
des	O
pompes	O
à	O
vapeur	O
pulvérisaient	O
dans	O
les	O
rues	O
.	O
Les	O
nouvelles	O
que	O
le	O
télégraphe	O
apportait	O
étaient	O
très	O
graves	O
.	O
Le	O
matin	O
du	O
23	O
décembre	O
,	O
à	O
Berlin	B-LOC
,	O
on	O
comptait	O
déjà	O
dix	O
cas	O
de	O
mort	O
disséminés	O
en	O
tous	O
les	O
quartiers	O
.	O
Un	O
voyageur	O
,	O
parti	O
de	O
Brunnwald	B-LOC
en	O
troisième	O
classe	O
,	O
avait	O
contaminé	O
les	O
sept	O
voyageurs	O
qui	O
faisaient	O
route	O
avec	O
lui	O
,	O
et	O
tous	O
avaient	O
succombé	O
,	O
laissant	O
derrière	O
eux	O
la	O
contagion	O
de	O
l'épouvantable	O
fléau	O
.	O
La	O
rapidité	O
avec	O
laquelle	O
se	O
développait	O
ce	O
microbe	O
maudit	O
empêchait	O
toute	O
mesure	O
préventive	O
.	O
Point	O
de	O
quarantaine	O
possible	O
.	O
Plus	O
d'entraves	O
aux	O
frontières	O
.	O
En	O
douze	O
heures	O
,	O
avec	O
les	O
chemins	O
de	O
fer	O
à	O
vapeur	O
surchauffée	O
,	O
on	O
va	O
de	O
Cadix	B-LOC
à	O
Saint	B-LOC
-	I-LOC
Pétersbourg	I-LOC
.	O
Ce	O
n'est	O
plus	O
comme	O
au	O
XIXe	O
siècle	O
,	O
où	O
l'on	O
faisait	O
péniblement	O
soixante	O
kilomètres	O
à	O
l'heure	O
.	O
Aussi	O
,	O
en	O
une	O
nuit	O
,	O
l'Europe	B-LOC
entière	O
fut	O
-	O
elle	O
empoisonnée	O
.	O
La	B-LOC
ville	I-LOC
de	I-LOC
Brunnwald	I-LOC
à	O
moitié	O
anéantie	O
,	O
Berlin	B-LOC
,	O
Vienne	B-LOC
et	O
Munich	B-LOC
comptant	O
déjà	O
quelques	O
cas	O
de	O
mort	O
et	O
probablement	O
infectées	O
en	O
tous	O
les	O
points	O
;	O
Paris	B-LOC
,	O
Londres	B-LOC
,	O
Rome	B-LOC
,	O
Saint	B-LOC
-	I-LOC
Pétersbourg	B-LOC
envahis	O
,	O
sans	O
qu'on	O
puisse	O
arrêter	O
l'invasion	O
,	O
et	O
en	O
quarante	O
-	O
huit	O
heures	O
l'humanité	O
anéantie	O
,	O
tel	O
était	O
le	O
bilan	O
de	O
l'heure	O
présente	O
.	O
Il	O
y	O
avait	O
de	O
quoi	O
faire	O
frissonner	O
les	O
plus	O
grands	O
héros	O
.	O
Cependant	O
Bakermann	B-PER
n'avait	O
plus	O
peur	O
.	O
Il	O
ne	O
craignait	O
plus	O
le	B-PER
Morti	I-PER
-	O
fulgurans	O
.	O
Il	O
travailla	O
toute	O
la	O
nuit	O
,	O
et	O
le	O
matin	O
,	O
à	O
l'aube	O
,	O
les	O
habitants	O
de	O
Brunnwald	B-LOC
purent	O
apercevoir	O
une	O
immense	O
affiche	O
,	O
qui	O
s'étalait	O
sur	O
la	O
place	O
du	O
marché	O
.	O
LE	B-PER
PROFESSEUR	I-PER
BAKERMANN	I-PER
GUÉRIT	B-PER
LE	I-PER
KOUSSMI	I-PER
-	O
KOUSSMI	B-PER
PAR	O
L'ÉLECTRICITÉ	O
.	O
Si	O
Bakermann	B-PER
s'était	O
servi	O
du	O
mot	O
de	O
Koussmi	B-PER
-	O
koussmi	O
,	O
c'avait	O
été	O
par	O
une	O
lâche	O
condescendance	O
à	O
l'opinion	O
commune	O
.	O
En	O
effet	O
,	O
le	O
public	O
,	O
les	O
journaux	O
,	O
les	O
savants	O
,	O
les	O
médecins	O
ne	O
parlaient	O
que	O
du	O
Koussmi	O
-	O
koussmi	O
.	O
Tout	O
autre	O
nom	O
eût	O
été	O
incompris	O
.	O
Non	O
sans	O
amertume	O
,	O
Bakermann	B-PER
s'était	O
résolu	O
à	O
employer	O
l'expression	O
vulgaire	O
,	O
devenue	O
unanime	O
.	O
Il	O
regrettait	O
le	O
terme	O
de	O
Morti	O
-	O
fulgurans	O
,	O
qu'il	O
avait	O
choisi	O
lui	O
-	O
même	O
avec	O
amour	O
.	O
Et	O
,	O
après	O
tout	O
,	O
il	O
avait	O
bien	O
le	O
droit	O
de	O
donner	O
à	O
son	O
microbe	O
le	O
nom	O
qu'il	O
préférait	O
.	O
Mais	O
il	O
avait	O
cédé	O
.	O
Car	O
il	O
s'agissait	O
de	O
faire	O
connaître	O
sans	O
délai	O
le	O
traitement	O
vainqueur	O
qui	O
va	O
arrêter	O
le	O
fléau	O
dans	O
sa	O
course	O
envahissante	O
.	O
Un	O
grand	O
plateau	O
,	O
sur	O
lequel	O
on	O
peut	O
mettre	O
des	O
chaises	O
,	O
des	O
fauteuils	O
et	O
même	O
des	O
lits	O
.	O
A	O
ce	O
plateau	O
un	O
conducteur	O
électrique	O
relié	O
à	O
une	O
immense	O
pile	O
.	O
L'électricité	O
négative	O
,	O
celle	O
qui	O
donne	O
de	O
la	O
vigueur	O
au	O
Morti	O
-	O
fulgurans	O
,	O
s'en	O
va	O
dans	O
le	O
sol	O
;	O
mais	O
l'électricité	O
positive	O
,	O
celle	O
qui	O
est	O
la	O
mort	O
du	O
microbe	O
,	O
va	O
tout	O
entière	O
dans	O
le	O
plateau	O
.	O
On	O
monte	O
sur	O
le	O
plateau	O
—	O
et	O
,	O
grâce	O
à	O
ses	O
dimensions	O
,	O
quinze	O
personnes	O
peuvent	O
y	O
tenir	O
à	O
l'aise	O
—	O
et	O
au	O
bout	O
de	O
quelques	O
instants	O
on	O
se	O
charge	O
d'électricité	O
positive	O
.	O
On	O
devient	O
alors	O
rebelle	O
à	O
l'infection	O
.	O
Le	O
premier	O
malade	O
qui	O
prit	O
place	O
sur	O
le	O
plateau	O
fut	O
César	B-PER
Pück	I-PER
.	O
Il	O
souffrait	O
atrocement	O
,	O
et	O
ses	O
membres	O
livides	O
étaient	O
en	O
proie	O
à	O
d'atroces	O
convulsions	O
.	O
On	O
le	O
misa	O
sur	O
le	O
plateau	O
en	O
présence	O
de	O
Krankwein	B-PER
,	O
qui	O
souriait	O
sarcastiquement	O
,	O
et	O
aussitôt	O
toutes	O
les	O
douleurs	O
cessèrent	O
.	O
Les	O
crampes	O
,	O
les	O
spasmes	O
,	O
le	O
refroidissement	O
disparurent	O
en	O
quelques	O
minutes	O
comme	O
par	O
miracle	O
.	O
La	O
figure	O
moribonde	O
du	O
bon	O
César	B-PER
Pück	I-PER
redevint	O
joyeuse	O
et	O
souriante	O
comme	O
par	O
le	O
passé	O
.	O
En	O
voyant	O
ce	O
résultat	O
,	O
qu'il	O
avait	O
prévu	O
,	O
mais	O
dont	O
il	O
doutait	O
encore	O
jusqu	O
'	O
à	O
ce	O
que	O
la	O
démonstration	O
lui	O
en	O
ait	O
été	O
donnée	O
,	O
Bakermann	B-PER
fut	O
écrasé	O
par	O
la	O
joie	O
.	O
C'était	O
trop	O
d'émotions	O
en	O
si	O
peu	O
de	O
temps	O
;	O
et	O
il	O
perdit	O
connaissance	O
.	O
On	O
le	O
ranima	O
comme	O
on	O
put	O
.	O
Bientôt	O
tout	O
le	O
monde	O
connut	O
la	O
guérison	O
merveilleuse	O
de	O
César	B-PER
Pück	I-PER
.	O
La	O
nouvelle	O
se	O
répandit	O
en	O
un	O
clin	O
d'oeil	O
.	O
En	O
moins	O
d'une	O
demi	O
-	O
heure	O
,	O
tous	O
les	B-MISC
Brunnwaldiens	I-MISC
surent	O
que	O
Baker	B-PER
-	I-PER
mann	I-PER
guérissait	O
le	B-PER
Koussmi	I-PER
-	O
koussmi	O
par	O
l'électricité	O
.	O
Alors	O
de	O
toutes	O
parts	O
on	O
dressa	O
des	O
piles	O
électriques	O
et	O
des	O
plateaux	O
modèle	O
Bakermann	B-PER
.	O
A	O
midi	O
,	O
il	O
n	O
'	O
y	O
avait	O
pas	O
moins	O
de	O
quatorze	O
grands	O
plateaux	O
à	O
électricité	O
positive	O
qui	O
fonctionnaient	O
activement	O
.	O
Aussi	O
les	O
décès	O
diminuèrent	O
bien	O
vite	O
.	O
De	O
neuf	O
heures	O
à	O
dix	O
heures	O
,	O
il	O
y	O
eut	O
135	O
décès	O
.	O
Ce	O
fut	O
le	O
chiffre	O
le	O
plus	O
fort	O
.	O
Le	O
chiffre	O
tomba	O
,	O
à	O
onze	O
heures	O
,	O
à	O
32	O
;	O
à	O
midi	O
,	O
il	O
n'était	O
plus	O
que	O
de	O
8	O
;	O
à	O
une	O
heure	O
,	O
il	O
n	O
'	O
y	O
en	O
eut	O
qu'un	O
,	O
et	O
enfin	O
à	O
deux	O
heures	O
il	O
celui	O
d'un	O
vieux	O
médecin	O
entêté	O
qui	O
ne	O
voulut	O
pas	O
entendre	O
parler	O
du	O
traitement	O
électrique	O
,	O
disant	O
que	O
c'étaient	O
des	O
sottises	O
,	O
qu'au	B-LOC
Dahomey	I-LOC
on	O
guérit	O
du	B-PER
Koussmi	I-PER
-	I-PER
koussmi	O
sans	O
électricité	O
,	O
et	O
qu'il	O
était	O
,	O
lui	O
,	O
Meinfeld	B-PER
,	O
trop	O
vieux	O
pour	O
gober	O
les	O
soi	O
-	O
disant	O
découvertes	O
de	O
la	O
science	O
moderne	O
.	O
On	O
était	O
tranquille	O
maintenant	O
à	O
Brunnwald	B-LOC
.	O
Mais	O
au	O
loin	O
,	O
quel	O
désastre	O
!	O
Le	O
télégraphe	O
transmettait	O
à	O
chaque	O
minute	O
des	O
nouvelles	O
effrayantes	O
.	O
Au	O
moment	O
même	O
où	O
,	O
à	O
Brunnwald	B-LOC
,	O
grâce	O
aux	O
plateaux	O
d'électricité	O
positive	O
,	O
la	O
population	O
était	O
tout	O
à	O
fait	O
rassurée	O
,	O
il	O
y	O
avait	O
eu	O
45	O
329	O
décès	O
à	O
Berlin	B-LOC
,	O
7542	O
à	O
Vienne	B-LOC
,	O
4673	O
à	O
Munich	B-LOC
;	O
à	O
Paris	B-LOC
,	O
déjà	O
54	O
376	O
décès	O
et	O
58352	O
à	O
Londres	B-LOC
!	O
Bref	O
,	O
en	O
Europe	B-LOC
il	O
y	O
avait	O
déjà	O
,	O
en	O
tout	O
,	O
684	O
539	O
décès	O
.	O
Les	B-MISC
Américains	I-MISC
,	O
en	O
apprenant	O
la	O
nouvelle	O
de	O
ce	O
fléau	O
épouvantable	O
,	O
avaient	O
décrété	O
des	O
mesures	O
précises	O
pour	O
empêcher	O
qu'il	O
se	O
propageât	O
au	O
nouveau	O
monde	O
.	O
La	O
flotte	O
avait	O
été	O
mise	O
sur	O
le	O
pied	O
de	O
guerre	O
,	O
et	O
ils	O
avaient	O
pris	O
l'héroïque	O
résolution	O
de	O
recevoir	O
à	O
coups	O
de	O
canon	O
et	O
avec	O
des	O
torpilles	O
chargées	O
de	O
tétranitrodyna	O
-	O
mite	O
tout	O
navire	O
essayant	O
de	O
forcer	O
l'entrée	O
.	O
La	O
désolation	O
régnait	O
.	O
Chacun	O
se	O
répétait	O
que	O
la	O
fin	O
du	O
monde	O
vivant	O
était	O
venue	O
.	O
Un	O
grand	O
nombre	O
d'individus	O
,	O
préférant	O
une	O
mort	O
rapide	O
aux	O
angoisses	O
d'une	O
douloureuse	O
et	O
invincible	O
maladie	O
,	O
s'étaient	O
tués	O
pour	O
échapper	O
à	O
la	O
mort	O
.	O
Toutes	O
les	O
affaires	O
étaient	O
suspendues	O
.	O
Plus	O
de	O
chemins	O
de	O
fer	O
,	O
plus	O
de	O
bateaux	O
,	O
plus	O
de	O
police	O
,	O
plus	O
d'administration	O
.	O
Quelques	O
crimes	O
furent	O
constatés	O
.	O
C'étaient	O
des	O
gens	O
,	O
ordinairement	O
pacifiques	O
,	O
qui	O
,	O
affolés	O
,	O
reçurent	O
à	O
coups	O
de	O
revolvers	O
des	O
fournisseurs	O
qui	O
essayaient	O
de	O
pénétrer	O
chez	O
eux	O
.	O
La	O
sauvagerie	O
humaine	O
,	O
latente	O
en	O
nous	O
tous	O
,	O
avait	O
repris	O
le	O
dessus	O
.	O
Le	O
monde	O
civilisé	O
,	O
si	O
fier	O
de	O
sa	O
civilisation	O
,	O
était	O
redevenu	O
barbare	O
comme	O
aux	O
premiers	O
temps	O
de	O
l'humanité	O
.	O
On	O
reculait	O
à	O
l'époque	O
de	O
la	O
pierre	O
polie	O
,	O
et	O
même	O
au	O
delà	O
.	O
Cependant	O
le	O
télégraphe	O
fonctionnait	O
toujours	O
:	O
si	O
bien	O
qu'on	O
put	O
,	O
vers	O
midi	O
,	O
faire	O
savoir	O
au	O
monde	O
entier	O
que	O
le	O
remède	O
au	O
Koussmi	O
-	O
koussmi	O
était	O
trouvé	O
,	O
qu'un	O
célèbre	O
professeur	O
de	O
l'Université	B-LOC
de	I-LOC
Brunnwald	I-LOC
HEYRE	I-LOC
.	O
—	O
LE	O
MICROBE	O
DU	O
PROFESSEUR	B-PER
BAKERMANN	I-PER
.	O
avait	O
,	O
par	O
un	O
trait	O
de	O
génie	O
,	O
découvert	O
le	O
moyen	O
de	O
s'opposer	O
à	O
l'affreux	O
mal	O
.	O
Bakermann	B-PER
!	O
Bakermann	B-PER
a	O
inventé	O
le	O
traitement	O
du	O
Koussmi	B-PER
-	O
koussmi	O
!	O
Il	O
suffit	O
de	O
se	O
placer	O
pendant	O
quelques	O
minutes	O
sur	O
un	O
plateau	O
chargé	O
d'électricité	O
positive	O
.	O
La	O
nouvelle	O
se	O
propagea	O
avec	O
une	O
rapidité	O
prodigieuse	O
.	O
Le	O
soir	O
même	O
,	O
dans	O
toutes	O
les	O
localités	O
,	O
grandes	O
et	O
petites	O
,	O
de	O
l'Europe	B-LOC
,	O
d'immenses	O
plateaux	O
électriques	O
fonctionnaient	O
.	O
Des	O
flots	O
d'électricité	O
positive	O
se	O
répandirent	O
sur	O
le	O
globe	O
terrestre	O
.	O
Partout	O
des	O
machines	O
colossales	O
,	O
des	O
piles	O
électriques	O
gigantesques	O
,	O
étaient	O
installées	O
sur	O
les	O
places	O
publiques	O
:	O
partout	O
on	O
constatait	O
l'action	O
merveilleusement	O
efficace	O
de	O
l'électricité	O
positive	O
.	O
Aussi	O
la	O
mortalité	O
décrut	O
-	O
elle	O
aussi	O
vite	O
qu'elle	O
avait	O
monté	O
.	O
Le	B-PER
Koussmi	I-PER
-	O
koussmi	O
avait	O
trouvé	O
son	O
maître	O
.	O
Cette	O
épidémie	O
qui	O
devait	O
faire	O
disparaître	O
l'humanité	O
avait	O
prouvé	O
une	O
fois	O
de	O
plus	O
que	O
le	O
génie	O
de	O
l'homme	O
ne	O
trouve	O
pas	O
d'obstacles	O
et	O
que	O
la	O
nature	O
rebelle	O
est	O
toujours	O
domptée	O
par	O
les	O
forces	O
supérieures	O
de	O
l'intelligence	O
et	O
de	O
la	O
science	O
humaines	O
.	O
Quelques	O
victimes	O
,	O
assurément	O
;	O
mais	O
dans	O
toutes	O
les	O
administrations	O
sévissait	O
un	O
tel	O
encombrement	O
—	O
trois	O
mille	O
demandes	O
pour	O
une	O
seule	O
place	O
—	O
que	O
cette	O
petite	O
saignée	O
,	O
assurément	O
douloureuse	O
en	O
quelques	O
familles	O
,	O
était	O
dans	O
son	O
ensemble	O
plutôt	O
bienfaisante	O
,	O
et	O
que	O
,	O
l'alerte	O
une	O
fois	O
passée	O
,	O
on	O
ne	O
pouvait	O
considérer	O
le	B-PER
Koussmi	I-PER
-	O
koussmi	B-PER
comme	O
une	O
calamité	O
véritable	O
.	O
A	O
Brunnwald	B-LOC
,	O
le	B-PER
professeur	I-PER
Hermann	I-PER
Bakermann	I-PER
nageait	O
en	O
pleine	O
gloire	O
.	O
Les	O
télégrammes	O
affluaient	O
dans	O
sa	O
demeure	O
.	O
Quelques	O
souverains	O
daignèrent	O
le	O
remercier	O
personnellement	O
;	O
car	O
les	O
souverains	O
tiennent	O
à	O
leur	O
santé	O
autant	O
,	O
sinon	O
plus	O
,	O
que	O
les	O
autres	O
hommes	O
,	O
et	O
ils	O
ont	O
raison	O
.	O
Bakermann	B-PER
reçut	O
donc	O
de	O
grands	O
honneurs	O
:	O
la	O
Jarretière	O
,	O
le	O
Bain	O
,	O
la	O
Toison	O
d'or	O
,	O
l'Aigle	B-PER
noir	I-PER
,	O
l'Aigle	B-PER
rouge	I-PER
,	O
l'Éléphant	B-PER
blanc	I-PER
,	O
le	B-PER
Dragon	I-PER
vert	O
et	O
le	O
Chardon	B-PER
.	O
Le	O
nom	O
de	O
Bakermann	B-PER
,	O
qui	O
jusque	O
-	O
là	O
n'était	O
pas	O
sorti	O
d'un	O
petit	O
cercle	O
d'initiés	O
,	O
devint	O
en	O
une	O
demi	O
-	O
journée	O
le	O
plus	O
grand	O
nom	O
de	O
la	O
science	O
.	O
Modestement	O
il	O
savourait	O
son	O
triomphe	O
.	O
Il	O
accueillit	O
avec	O
une	O
franche	O
cordialité	O
une	O
députation	O
des	O
notables	O
et	O
des	O
étudiants	O
qui	O
venaient	O
le	O
féliciter	O
.	O
—	O
Mon	B-PER
Dieu	I-PER
,	O
mes	O
amis	O
,	O
j'ai	O
eu	O
une	O
bonne	O
idée	O
,	O
voilà	O
tout	O
.	O
Votre	O
gratitude	O
est	O
la	O
plus	O
douce	O
de	O
toutes	O
les	O
récompenses	O
.	O
Krankwein	B-PER
vint	O
lui	O
-	O
même	O
lui	O
faire	O
une	O
visite	O
.	O
—	O
Eh	O
bien	O
,	O
mon	O
cher	O
collègue	O
,	O
dit	O
-	O
il	O
avec	O
aigreur	O
,	O
vous	O
voilà	O
un	O
grand	O
homme	O
maintenant	O
!	O
Mais	O
avouez	O
que	O
vous	O
avez	O
eu	O
de	O
la	O
chance	O
.	O
Si	O
Mme	B-PER
Bakermann	I-PER
n'avait	O
pas	O
reçu	O
ses	O
tapis	O
du	B-LOC
Dahomey	I-LOC
,	O
et	O
s'il	O
n	O
'	O
y	O
avait	O
pas	O
eu	O
de	O
Koussmi	B-PER
-	O
koussmi	O
à	O
Brunnwald	B-LOC
,	O
vous	O
ne	O
seriez	O
pas	O
si	O
fier	O
.	O
Dans	O
toutes	O
les	O
contrées	O
de	O
l'Europe	B-LOC
,	O
une	O
souscription	O
fut	O
organisée	O
pour	O
dresser	O
une	O
statue	O
à	O
Bakermann	B-PER
.	O
Quelques	O
millions	O
furent	O
amassés	O
en	O
moins	O
d'une	O
journée	O
,	O
et	O
le	O
comité	O
décida	O
que	O
cette	O
statue	O
,	O
de	O
dix	O
mètres	O
de	O
haut	O
,	O
s'élèverait	O
sur	O
la	B-LOC
place	O
publique	O
de	O
Brunnwald	B-LOC
.	O
Cependant	O
Bakermann	B-PER
,	O
malgré	O
tant	O
de	O
gloire	O
,	O
n	O
'	O
a	O
pas	O
de	O
vanité	O
ni	O
de	O
fol	O
orgueil	O
.	O
Il	O
a	O
repris	O
ses	O
chères	O
études	O
dans	O
son	O
cher	O
laboratoire	O
,	O
et	O
il	O
y	O
travaille	O
avec	O
acharnement	O
.	O
Il	O
n	O
'	O
a	O
plus	O
peur	O
de	O
la	O
chambre	O
infernale	O
.	O
Elle	O
est	O
ouverte	O
jour	O
et	O
nuit	O
,	O
et	O
tous	O
les	O
curieux	O
y	O
peuvent	O
pénétrer	O
.	O
Le	O
soir	O
,	O
il	O
retourne	O
à	O
la	O
brasserie	O
.	O
Grâce	O
au	O
Morti	O
-	O
fulgurans	O
,	O
personne	O
à	O
présent	O
ne	O
l'empêche	O
d	O
'	O
y	O
boire	O
des	O
chopes	O
à	O
sa	O
guise	O
.	O
Aussi	O
prolonge	O
-	O
t	O
-	O
il	O
jusqu	O
'	O
à	O
l'aube	O
ses	O
parties	O
avec	O
César	B-PER
Pück	I-PER
et	O
Rodolphe	B-PER
Müller	I-PER
.	O
Il	O
a	O
bien	O
le	O
droit	O
de	O
se	O
donner	O
un	O
peu	O
de	O
bon	O
temps	O
,	O
après	O
de	O
si	O
terribles	O
angoisses	O
et	O
un	O
tel	O
service	O
rendu	O
aux	O
hommes	O
.	O
Mais	O
le	O
bonheur	O
parfait	O
,	O
irréprochable	O
,	O
n'est	O
pas	O
de	O
ce	O
monde	O
.	O
Le	B-PER
professeur	I-PER
Hermann	I-PER
Bakermann	I-PER
a	O
encore	O
un	O
gros	O
souci	O
:	O
il	O
regrette	O
le	O
terme	O
de	O
Morti	O
-	O
fulgurans	O
,	O
et	O
toutes	O
les	O
fois	O
que	O
l'on	O
prononce	O
devant	O
lui	O
le	O
nom	O
de	O
Kousmi	B-PER
-	O
kousmi	O
,	O
il	O
fait	O
une	O
grimace	O
de	O
déplaisir	O
.	O
Car	O
il	O
sait	O
bien	O
que	O
le	B-PER
Kousmi	I-PER
-	I-PER
kousmi	I-PER
n'existe	O
pas	O
,	O
et	O
qu'on	O
fait	O
tort	O
au	O
microbe	O
fabriqué	O
et	O
renforcé	O
par	O
lui	O
.	O
Toutefois	O
,	O
il	O
se	O
console	O
un	O
peu	O
,	O
en	O
cherchant	O
à	O
faire	O
un	O
meilleur	O
Morti	O
-	O
fulgurans	O
,	O
plus	O
vigoureux	O
,	O
plus	O
invincible	O
que	O
le	O
premier	O
,	O
et	O
dont	O
ni	O
l'électricité	O
,	O
ni	O
aucune	O
médication	O
,	O
connue	O
ou	O
inconnue	O
,	O
ne	O
pourront	O
combattre	O
les	O
irrésistibles	O
effets	O
.	O