I	O
.	O

Les	O
formes	O

C	O
'	O
était	O
mille	O
ans	O
avant	O
le	O
massement	O
civilisateur	O
d	O
'	O
où	O
surgirent	O
plus	O
tard	O
Ninive	B-LOC
,	O
Babylone	B-LOC
,	O
Ecbatane	B-LOC
.	O

La	O
tribu	O
nomade	O
de	O
Pjehou	B-PER
,	O
avec	O
ses	O
ânes	O
,	O
ses	O
chevaux	O
,	O
son	O
bétail	O
,	O
traversait	O
la	B-LOC
forêt	I-LOC
farouche	O
de	B-LOC
Kzour	I-LOC
,	O
vers	O
le	O
crépuscule	O
,	O
dans	O
la	O
nappe	O
des	O
rayons	O
obliques	O
.	O

Le	O
chant	O
du	O
déclin	O
s	O
'	O
enﬂait	O
,	O
planait	O
,	O
descendait	O
des	O
nichées	O
harmonieuses	O
.	O

Tout	O
le	O
monde	O
étant	O
très	O
las	O
,	O
on	O
se	O
taisait	O
,	O
en	O
quête	O
d	O
'	O
une	O
belle	O
clairière	O
où	O
la	O
tribu	O
pût	O
allumer	O
le	O
feu	O
sacré	O
,	O
faire	O
le	O
repas	O
du	O
soir	O
,	O
dormir	O
à	O
l	O
'	O
abri	O
des	O
brutes	O
,	O
derrière	O
la	O
double	O
rampe	O
de	O
brasiers	O
rouges	O
.	O

Les	O
nues	O
s	O
'	O
opalisèrent	O
,	O
les	O
contrées	O
illusoires	O
vaguèrent	O
aux	O
quatre	O
horizons	O
,	O
les	O
dieux	O
nocturnes	O
soufﬂèrent	O
le	O
chant	O
berceur	O
,	O
et	O
la	O
tribu	O
marchait	O
encore	O
.	O

Un	O
éclaireur	O
reparut	O
au	O
galop	O
,	O
annonçant	O
la	O
clairière	O
et	O
l	O
'	O
eau	O
,	O
une	O
source	O
pure	O
.	O

La	O
tribu	O
poussa	O
trois	O
longs	O
cris	O
;	O
tous	O
allèrent	O
plus	O
vite	O
:	O
des	O
rires	O
puérils	O
s	O
'	O
épan	O
-	O
chèrent	O
;	O
les	O
chevaux	O
et	O
les	O
ânes	O
même	O
,	O
accoutumés	O
à	O
reconnaître	O
l	O
'	O
approche	O
de	O
la	O
halte	O
,	O
d	O
'	O
après	O
le	O
retour	O
des	O
coureurs	O
et	O
les	O
acclamations	O
des	O
nomades	O
,	O
ﬁèrement	O
dressaient	O
l	O
'	O
encolure	O
.	O

La	O
clairière	O
apparut	O
.	O

La	O
source	O
charmante	O
y	O
trouait	O
sa	O
route	O
entre	O
des	O
mousses	O
et	O
des	O
arbustes	O
.	O

Une	O
fantasmagorie	O
se	O
montra	O
aux	O
nomades	O
.	O

C	O
'	O
était	O
d	O
'	O
abord	O
un	O
grand	O
cercle	O
de	O
cônes	O
bleuâtres	O
,	O
translucides	O
,	O
la	O
pointe	O
en	O
haut	O
,	O
chacun	O
du	O
volume	O
à	O
peu	O
près	O
de	O
la	O
moitié	O
d	O
'	O
un	O
homme	O
.	O

Quelques	O
raies	O
claires	O
,	O
quelques	O
circonvolutions	O
sombres	O
,	O
parsemaient	O
leur	O
surface	O
;	O
tous	O
avaient	O
vers	O
la	O
base	O
une	O
étoile	O
éblouissante	O
.	O

Plus	O
loin	O
,	O
aussi	O
étranges	O
,	O
des	O
strates	O
se	O
posaient	O
verticalement	O
,	O
assez	O
semblables	O
à	O
de	O
l	O
'	O
écorce	O
de	O
bouleau	O
et	O
madrées	O
d	O
'	O
ellipses	O
versicolores	O
.	O

Il	O
y	O
avait	O
encore	O
,	O
deci	O
de	O
-	O
là	O
,	O
des	O
Formes	O
presque	O
cylindriques	O
,	O
variées	O
d	O
'	O
ailleurs	O
,	O
les	O
unes	O
minces	O
et	O
hautes	O
,	O
les	O
autres	O
basses	O
et	O
trapues	O
,	O
toutes	O
de	O
couleur	O
bronzée	O
,	O
pointillées	O
de	O
vert	O
,	O
toutes	O
possédant	O
,	O
comme	O
les	O
strates	O
,	O
le	O
caractéristique	O
point	O
de	O
lumière	O
.	O

La	O
tribu	O
regardait	O
,	O
ébahie	O
.	O

Une	O
superstitieuse	O
crainte	O
ﬁgeait	O
les	O
plus	O
braves	O
,	O
grossissante	O
encore	O
quand	O
les	O
Formes	O
se	O
prirent	O
à	O
onduler	O
dans	O
les	O
ombres	O
grises	O
de	O
la	O
clairière	O
.	O

Et	O
soudain	O
,	O
les	O
étoiles	O
tremblant	O
,	O
vacillant	O
,	O
les	O
cônes	O
s	O
'	O
allongèrent	O
,	O
les	O
cylindres	O
et	O
les	O
strates	O
bruissèrent	O
comme	O
de	O
l	O
'	O
eau	O
jetée	O
sur	O
une	O
ﬂamme	O
,	O
tous	O
progressant	O
vers	O
les	O
nomades	O
avec	O
une	O
vitesse	O
accélérée	O
.	O

La	O
tribu	O
,	O
dans	O
l	O
'	O
ensorcellement	O
de	O
ce	O
spectacle	O
,	O
ne	O
bougeait	O
point	O
,	O
continuait	O
à	O
regarder	O
.	O

Les	O
Formes	O
abordèrent	O
.	O

Le	O
choc	O
fut	O
épouvantable	O
.	O

Guerriers	O
,	O
femmes	O
,	O
enfants	O
,	O
par	O
grappes	O
,	O
croulaient	O
sur	O
le	O
sol	O
de	O
la	O
forêt	O
,	O
mystérieusement	O
frappés	O
comme	O
du	O
glaive	O
de	O
la	O
foudre	O
.	O

Alors	O
,	O
aux	O
survivants	O
,	O
la	O
ténébreuse	O
terreur	O
rendit	O
la	O
force	O
,	O
les	O
ailes	O
de	O
la	O
fuite	O
agile	O
.	O

Et	O
les	O
Formes	O
,	O
massées	O
d	O
'	O
abord	O
,	O
ordonnées	O
par	O
rangs	O
,	O
s	O
'	O
éparpillèrent	O
autour	O
de	O
la	O
tribu	O
,	O
impitoyablement	O
attachées	O
aux	O
fuyards	O
.	O

L	O
'	O
affreuse	O
attaque	O
,	O
pourtant	O
,	O
n	O
'	O
était	O
pas	O
infaillible	O
:	O
elle	O
tuait	O
les	O
uns	O
,	O
étourdissait	O
les	O
autres	O
,	O
jamais	O
ne	O
blessait	O
.	O

Quelques	O
gouttes	O
rouges	O
jaillissaient	O
des	O
narines	O
des	O
yeux	O
,	O
des	O
oreilles	O
des	O
agonisants	O
,	O
mais	O
les	O
autres	O
,	O
intacts	O
,	O
bientôt	O
se	O
relevaient	O
,	O
reprenaient	O
la	O
course	O
fantastique	O
,	O
dans	O
le	O
blêmissement	O
crépusculaire	O
.	O

Quelle	O
que	O
fût	O
la	O
nature	O
des	O
Formes	O
,	O
elles	O
agissaient	O
à	O
la	O
façon	O
des	O
êtres	O
,	O
nullement	O
à	O
la	O
façon	O
des	O
éléments	O
,	O
ayant	O
comme	O
des	O
êtres	O
l	O
'	O
inconstance	O
et	O
la	O
diversité	O
des	O
allures	O
,	O
choisissant	O
évidemment	O
leurs	O
victimes	O
,	O
ne	O
confondant	O
pas	O
les	O
nomades	O
avec	O
des	O
plantes	O
ni	O
même	O
avec	O
les	O
animaux	O
.	O

Bientôt	O
les	O
plus	O
véloces	O
perçurent	O
qu	O
'	O
on	O
ne	O
les	O
poursuivait	O
plus	O
.	O

Épuisés	O
,	O
déchirés	O
,	O
ils	O
osèrent	O
se	O
retourner	O
enﬁn	O
vers	O
le	O
prodige	O
.	O

Au	O
loin	O
entre	O
les	O
troncs	O
noyés	O
d	O
'	O
ombre	O
,	O
continuait	O
la	O
poursuite	O
resplendissante	O
.	O

Et	O
les	O
Formes	O
,	O
de	O
préférence	O
,	O
pourchassaient	O
,	O
massacraient	O
les	O
guerriers	O
,	O
souvent	O
dédaignaient	O
les	O
faibles	O
,	O
la	O
femme	O
,	O
l	O
'	O
enfant	O
.	O

Ainsi	O
,	O
à	O
distance	O
,	O
dans	O
la	O
nuit	O
toute	O
venue	O
,	O
la	O
scène	O
était	O
plus	O
surnaturelle	O
,	O
plus	O
écrasante	O
aux	O
cerveaux	O
barbares	O
.	O

Les	O
guerriers	O
allaient	O
recommencer	O
la	O
fuite	O
.	O

Une	O
observation	O
capitale	O
les	O
arrêta	O
:	O
c	O
'	O
est	O
que	O
,	O
quels	O
que	O
fussent	O
les	O
fugitifs	O
,	O
les	O
Formes	O
abandonnaient	O
la	O
poursuite	O
au	O
-	O
delà	O
d	O
'	O
une	O
limite	O
ﬁxe	O
.	O

Et	O
,	O
si	O
lasse	O
,	O
si	O
impotente	O
que	O
fût	O
la	O
victime	O
,	O
même	O
évanouie	O
,	O
dès	O
que	O
cette	O
frontière	O
idéale	O
était	O
franchie	O
,	O
tout	O
péril	O
aussitôt	O
cessait	O
.	O

Cette	O
très	O
rassurante	O
remarque	O
,	O
bientôt	O
conﬁrmée	O
par	O
cinquante	O
faits	O
,	O
tran	O
-	O
quillisa	O
les	O
nerfs	O
frénétiques	O
des	O
fuyards	O
.	O

Ils	O
osèrent	O
attendre	O
leurs	O
compagnons	O
,	O
leurs	O
femmes	O
,	O
et	O
leurs	O
pauvres	O
petits	O
échappés	O
à	O
la	O
tuerie	O
.	O

Même	O
,	O
un	O
d	O
'	O
eux	O
,	O
leur	O
héros	O
,	O
abruti	O
d	O
'	O
abord	O
,	O
effaré	O
par	O
le	O
surhumain	O
de	O
l	O
'	O
aventure	O
,	O
retrouva	O
le	O
soufﬂe	O
de	O
sa	O
grande	O
âme	O
,	O
alluma	O
un	O
foyer	O
,	O
emboucha	O
la	O
corne	O
de	O
bufﬂe	O
pour	O
guider	O
les	O
fugitifs	O
.	O

Alors	O
,	O
un	O
à	O
un	O
,	O
vinrent	O
les	O
misérables	O
.	O

Beaucoup	O
,	O
éclopés	O
,	O
se	O
traînaient	O
sur	O
les	O
mains	O
.	O

Des	O
femmes	O
-	O
mères	O
,	O
avec	O
l	O
'	O
indomptable	O
force	O
maternelle	O
,	O
avaient	O
gardé	O
,	O
rassemblé	O
,	O
porté	O
le	O
fruit	O
de	O
leurs	O
entrailles	O
à	O
travers	O
la	O
mêlée	O
hagarde	O
.	O

Et	O
beaucoup	O
d	O
'	O
ânes	O
,	O
de	O
chevaux	O
,	O
de	O
boeufs	O
,	O
reparurent	O
,	O
moins	O
affolés	O
que	O
les	O
hommes	O
.	O

Nuit	O
lugubre	O
,	O
passée	O
dans	O
le	O
silence	O
,	O
sans	O
sommeil	O
,	O
où	O
les	O
guerriers	O
sentirent	O
continuellement	O
trembler	O
leurs	O
vertèbres	O
.	O

Mais	O
l	O
'	O
aube	O
vint	O
,	O
s	O
'	O
insinua	O
pâle	O
à	O
travers	O
les	O
gros	O
feuillages	O
,	O
puis	O
la	O
fanfare	O
aurorale	O
,	O
de	O
couleurs	O
,	O
d	O
'	O
oiseaux	O
retentissants	O
,	O
exhorta	O
à	O
vivre	O
,	O
à	O
rejeter	O
les	O
terreurs	O
de	O
la	O
Ténèbre	O
.	O

Le	B-PER
Héros	I-PER
,	O
le	O
chef	O
naturel	O
,	O
rassemblant	O
la	O
foule	O
par	O
groupes	O
,	O
commença	O
le	O
dénombrement	O
de	O
la	O
tribu	O
.	O

La	O
moitié	O
des	O
guerriers	O
,	O
deux	O
cents	O
,	O
manquait	O
à	O
l	O
'	O
appel	O
.	O

Beaucoup	O
moindre	O
était	O
la	O
perte	O
des	O
femmes	O
et	O
presque	O
nulle	O
celle	O
des	O
enfants	O
.	O

Quand	O
ce	O
dénombrement	O
fut	O
terminé	O
,	O
qu	O
'	O
on	O
eut	O
rassemblé	O
les	O
bêtes	O
de	O
somme	O
(	O
peu	O
manquaient	O
,	O
par	O
la	O
supériorité	O
de	O
l	O
'	O
instinct	O
sur	O
la	O
raison	O
pendant	O
les	O
débâcles	O
)	O
,	O
le	B-PER
Héros	I-PER
disposa	O
la	O
tribu	O
suivant	O
l	O
'	O
arrangement	O
accoutumé	O
,	O
puis	O
,	O
ordonnant	O
à	O
tous	O
de	O
l	O
'	O
attendre	O
,	O
seul	O
,	O
pâle	O
,	O
il	O
se	O
dirigea	O
vers	O
la	O
clairière	O
.	O

Nul	O
,	O
même	O
de	O
loin	O
,	O
n	O
'	O
osa	O
le	O
suivre	O
.	O

Il	O
se	O
dirigea	O
là	O
où	O
les	O
arbres	O
s	O
'	O
espaçaient	O
largement	O
,	O
dépassa	O
légèrement	O
la	O
limite	O
observée	O
la	O
veille	O
et	O
regarda	O
.	O

Au	O
loin	O
,	O
dans	O
la	O
transparence	O
fraîche	O
du	O
matin	O
,	O
coulait	O
la	O
jolie	O
source	O
;	O
sur	O
les	O
bords	O
,	O
réunie	O
,	O
la	O
troupe	O
fantastique	O
des	O
Formes	O
resplendissait	O
.	O

Leur	O
couleur	O
avait	O
varié	O
.	O

Les	B-LOC
Cônes	I-LOC
étaient	O
plus	O
compacts	O
,	O
leur	O
teinte	O
turquoise	O
ayant	O
verdi	O
,	O
les	B-LOC
Cylindres	I-LOC
se	O
nuaient	O
de	O
violet	O
et	O
les	B-LOC
Strates	I-LOC
ressemblaient	O
à	O
du	O
cuivre	O
vierge	O
.	O

Mais	O
chez	O
toutes	O
,	O
l	O
'	O
étoile	O
pointait	O
ses	O
rayons	O
qui	O
,	O
même	O
à	O
la	O
lumière	O
diurne	O
,	O
éblouis	O
-	O
saient	O
.	O

La	O
métamorphose	O
s	O
'	O
étendait	O
aux	O
contours	O
des	O
fantasmagoriques	O

Entités	O
:	O
des	O
cônes	O
tendaient	O
à	O
s	O
'	O
élargir	O
en	O
cylindres	O
,	O
des	O
cylindres	O
se	O
déployaient	O
,	O
tandis	O
que	O
des	O
strates	O
se	O
curvaient	O
partiellement	O
.	O

Mais	O
,	O
comme	O
la	O
veille	O
,	O
tout	O
à	O
coup	O
les	O
Formes	O
ondulèrent	O
,	O
leurs	O
Étoiles	O
se	O
prirent	O
à	O
palpiter	O
;	O
le	O
Héros	B-PER
,	O
lentement	O
,	O
repassa	O
la	O
frontière	O
de	O
Salut	O
.	O

II	O
.	O

Expédition	O
hiératique	O

La	B-PER
tribu	I-PER
de	I-PER
Pjehou	I-PER
s	O
'	O
arrêta	O
à	O
la	O
porte	O
du	B-LOC
grand	I-LOC
Tabernacle	I-LOC
nomade	O
où	O
les	O
chefs	O
seuls	O
entrèrent	O
.	O

Dans	O
le	O
fond	O
rempli	O
d	O
'	O
astres	O
,	O
sous	O
l	O
'	O
image	O
mâle	O
du	B-PER
Soleil	I-PER
,	O
se	O
tenaient	O
les	O
trois	O
grands	O
-	O
prêtres	O
.	O

Plus	O
bas	O
qu	O
'	O
eux	O
,	O
sur	O
les	O
degrés	O
dorés	O
,	O
les	O
douze	O
sacriﬁcateurs	O
inférieurs	O
.	O

Le	B-PER
Héros	I-PER
s	O
'	O
avança	O
,	O
dit	O
au	O
long	O
la	O
terriﬁque	O
traversée	O
de	O
la	B-LOC
forêt	I-LOC
de	I-LOC
Kzour	I-LOC
,	O
que	O
les	O
prêtres	O
écoutaient	O
,	O
très	O
graves	O
,	O
étonnés	O
,	O
sentant	O
un	O
amoindrissement	O
de	O
leur	O
puissance	O
devant	O
cette	O
aventure	O
inconcevable	O
.	O

Le	O
suprême	O
grand	O
-	O
prêtre	O
exigea	O
que	O
la	O
tribu	O
offrît	O
au	B-LOC
Soleil	I-LOC
douze	O
taureaux	O
,	O
sept	O
onagres	O
,	O
trois	O
étalons	O
.	O

Il	O
reconnut	O
aux	O
Formes	O
les	O
attributs	O
divins	O
,	O
et	O
,	O
après	O
les	O
sa	O
-	O
criﬁces	O
,	O
résolut	O
une	O
expédition	O
hiératique	O
.	O

Tous	O
les	O
prêtres	O
,	O
tous	O
les	O
chefs	O
de	O
la	O
nation	O
zahelal	B-PER
,	O
devaient	O
y	O
assister	O
.	O

Et	O
des	O
messagers	O
parcoururent	O
les	O
monts	O
et	O
les	O
plaines	O
,	O
à	O
cent	O
lieues	O
autour	O
de	O
la	O
place	O
où	O
s	O
'	O
éleva	O
plus	O
tard	O
l	O
'	O
Ecbatane	O
des	O
mages	O
.	O

Partout	O
la	O
ténébreuse	O
histoire	O
faisait	O
se	O
dresser	O
le	O
poil	O
des	O
hommes	O
,	O
partout	O
les	O
chefs	O
obéirent	O
précipitamment	O
à	O
l	O
'	O
appel	O
sacerdotal	O
.	O

Un	O
matin	O
d	O
'	O
automne	O
,	O
le	B-PER
Mâle	I-PER
perça	O
les	O
nues	O
,	O
inonda	O
le	B-LOC
Tabernacle	I-LOC
,	O
atteignit	O
l	O
'	O
autel	O
où	O
fumait	O
un	O
coeur	O
saignant	O
de	O
taureau	O
.	O

Les	O
grands	O
-	O
prêtres	O
,	O
les	O
immola	O
-	O
teurs	O
,	O
cinquante	O
chefs	O
de	O
tribu	O
,	O
poussèrent	O
le	O
cri	O
triomphal	O
.	O

Cent	O
mille	O
nomades	O
,	O
au	O
-	O
dehors	O
,	O
foulant	O
la	O
rosée	O
fraîche	O
,	O
répétèrent	O
la	O
clameur	O
,	O
tournant	O
leurs	O
têtes	O
tannées	O
vers	O
la	O
prodigieuse	O
forêt	B-LOC
de	I-LOC
Kzour	I-LOC
,	O
mollement	O
frissonnante	O
.	O

Le	O
présage	O
était	O
favorable	O
.	O

Alors	O
,	O
les	O
prêtres	O
en	O
tête	O
,	O
tout	O
un	O
peuple	O
marcha	O
à	O
travers	O
les	O
bois	O
.	O

Dans	O
l	O
'	O
aprèsmidi	O
,	O
vers	O
trois	O
heures	O
,	O
le	O
héros	O
de	O
Pjehou	B-PER
arrêta	O
la	O
multitude	O
.	O

La	O
grande	O
clairière	O
roussie	O
par	O
l	O
'	O
automne	O
,	O
un	O
ﬂot	O
de	O
feuilles	O
mortes	O
cachant	O
ses	O
mousses	O
,	O
s	O
'	O
étendait	O
avec	O
majesté	O
;	O
sur	O
les	O
bords	O
de	O
la	O
source	O
,	O
les	O
prêtres	O
aperçurent	O
ce	O
qu	O
'	O
ils	O
venaient	O
adorer	O
et	O
apaiser	O
,	O
les	O
Formes	O
.	O

Elles	O
étaient	O
douces	O
à	O
l	O
'	O
oeil	O
,	O
sous	O
l	O
'	O
ombre	O
des	O
arbres	O
,	O
avec	O
leurs	O
nuances	O
tremblantes	O
,	O
le	O
feu	O
pur	O
de	O
leurs	O
étoiles	O
,	O
leur	O
tranquille	O
évolution	O
au	O
bord	O
de	O
la	O
source	O
.	O

Il	O
faut	O
,	O
dit	O
le	O
grand	O
-	O
prêtre	O
suprême	O
,	O
offrir	O
ici	O
le	O
sacriﬁce	O
qu	O
'	O
ils	O
sachent	O
que	O
nous	O
nous	O
soumettons	O
à	O
leur	O
puissance	O
!	O

Tous	O
les	O
vieillards	O
s	O
'	O
inclinèrent	O
.	O

Une	O
voix	O
s	O
'	O
éleva	O
,	O
cependant	O
.	O

C	O
'	O
était	O
Yushik	B-PER
,	O
de	O
la	B-ORG
tribu	I-ORG
de	I-ORG
Nim	I-ORG
,	O
jeune	O
compteur	O
d	O
'	O
astres	O
,	O
pâle	O
veilleur	O
prophétique	O
,	O
de	O
renommée	O
débutante	O
,	O
qui	O
demanda	O
audacieusement	O
d	O
'	O
approcher	O
plus	O
près	O
des	O
Formes	O
.	O

Mais	O
les	O
vieillards	O
,	O
blanchis	O
dans	O
l	O
'	O
art	O
des	O
sages	O
paroles	O
,	O
triomphèrent	O
:	O
l	O
'	O
autel	O
fut	O
construit	O
,	O
la	O
victime	O
amenée	O
-	O
un	O
éblouissant	O
étalon	O
,	O
superbe	O
serviteur	O
de	O
l	O
'	O
homme	O
.	O

Alors	O
,	O
dans	O
le	O
silence	O
,	O
la	O
prosternation	O
d	O
'	O
un	O
peuple	O
,	O
le	O
couteau	O
d	O
'	O
airain	O
trouva	O
le	O
noble	O
coeur	O
de	O
l	O
'	O
animal	O
.	O

Une	O
grande	O
plainte	O
s	O
'	O
éleva	O
.	O

Et	O
le	O
grand	O
-	O
prêtre	B-PER
:	O
-	O
Êtes	O
-	O
vous	O
apaisés	O
,	O
ô	O
dieux	B-PER
?	O

Là	O
-	O
bas	O
,	O
parmi	O
les	O
troncs	O
silencieux	O
,	O
les	O
Formes	O
circulaient	O
toujours	O
,	O
se	O
faisant	O
reluire	O
,	O
préférant	O
les	O
places	O
où	O
le	O
soleil	O
coulait	O
en	O
ondes	O
plus	O
denses	O
.	O
-	O
Oui	O
,	O
oui	O
,	O
cria	O
l	O
'	O
enthousiaste	O
,	O
ils	O
sont	O
apaisés	O
!	O

Et	O
saisissant	O
le	O
coeur	O
chaud	O
de	O
l	O
'	O
étalon	O
,	O
sans	O
que	O
le	O
grand	O
-	O
prêtre	O
,	O
curieux	O
,	O
pro	O
-	O
nonçât	O
une	O
parole	O
,	O
Yushik	B-PER
se	O
lança	O
par	O
la	O
clairière	O
.	O

Des	O
fanatiques	O
,	O
avec	O
des	O
hurlements	O
,	O
le	O
suivirent	O
.	O

Lentement	O
,	O
les	O
Formes	O
ondulaient	O
,	O
se	O
massant	O
,	O
rasant	O
le	O
sol	O
,	O
puis	O
,	O
soudain	O
,	O
précipitées	O
sur	O
les	O
téméraires	O
,	O
un	O
lamentable	O
massacre	O
épouvanta	O
les	O
cinquante	O
tribus	O
.	O

Six	O
ou	O
sept	O
fugitifs	O
,	O
à	O
grand	O
effort	O
,	O
poursuivis	O
avec	O
acharnement	O
,	O
purent	O
atteindre	O
la	O
limite	O
.	O

Le	O
reste	O
avait	O
vécu	O
et	O
Yushik	B-PER
avec	O
eux	O
.	O
-	O
Ce	O
sont	O
des	O
dieux	O
inexorables	O
!	O

dit	O
solennellement	O
le	O
suprême	O
grand	O
-	O
prêtre	O
.	O

Puis	O
un	O
conseil	O
s	O
'	O
assembla	O
,	O
le	O
vénérable	O
conseil	O
des	O
prêtres	O
,	O
des	O
ancêtres	O
,	O
des	O
chefs	O
.	O

Ils	O
décidèrent	O
de	O
tracer	O
,	O
au	O
-	O
delà	O
de	O
la	O
limite	O
du	O
Salut	O
,	O
une	O
enceinte	O
de	O
pieux	O
,	O
et	O
de	O
forcer	O
,	O
pour	O
la	O
détermination	O
de	O
cette	O
enceinte	O
,	O
des	O
esclaves	O
à	O
s	O
'	O
exposer	O
à	O
l	O
'	O
attaque	O
des	O
Formes	O
sur	O
tout	O
le	O
pourtour	O
successivement	O
.	O

Et	O
cela	O
fut	O
fait	O
.	O

Sous	O
menace	O
de	O
mort	O
,	O
des	O
esclaves	O
entrèrent	O
dans	O
l	O
'	O
enceinte	O
.	O

Très	O
peu	O
,	O
pourtant	O
y	O
périrent	O
,	O
par	O
l	O
'	O
excellence	O
des	O
précautions	O
.	O

La	O
frontière	O
se	O
trouva	O
fermement	O
établie	O
,	O
rendue	O
à	O
tous	O
visible	O
par	O
son	O
pourtour	O
de	O
pieux	O
.	O

Ainsi	O
ﬁnit	O
heureusement	O
l	O
'	O
expédition	O
hiératique	O
,	O
et	O
les	B-PER
Zahelals	I-PER
se	O
crurent	O
abrités	O
contre	O
le	O
subtil	O
ennemi	O
.	O

III	O
.	O

Les	O
ténèbres	O

Mais	O
le	O
système	O
préventif	O
préconisé	O
par	O
le	O
conseil	O
,	O
bientôt	O
se	O
montra	O
impuissant	O
.	O

Au	O
printemps	O
suivant	O
,	O
les	O
tribus	O
Hertoth	B-PER
et	O
Nazzum	B-PER
passant	O
près	O
de	O
l	O
'	O
enceinte	O
des	O
pieux	O
,	O
sans	O
déﬁance	O
,	O
un	O
peu	O
en	O
désordre	O
,	O
furent	O
cruellement	O
assaillies	O
par	O
les	O
Formes	O
et	O
décimées	O
.	O

Les	O
chefs	O
qui	O
échappèrent	O
au	O
massacre	O
racontèrent	O
au	O
grand	O
conseil	O
Zahelal	B-PER
que	O
les	O
Formes	O
étaient	O
maintenant	O
beaucoup	O
plus	O
nombreuses	O
qu	O
'	O
à	O
l	O
'	O
automne	O
passé	O
.	O

Toutefois	O
,	O
comme	O
auparavant	O
,	O
elles	O
limitaient	O
leur	O
poursuite	O
,	O
mais	O
les	O
frontières	O
s	O
'	O
étaient	O
élargies	O
.	O

Ces	O
nouvelles	O
consternèrent	O
le	O
peuple	O
:	O
il	O
y	O
eut	O
un	O
grand	O
deuil	O
et	O
de	O
grands	O
sa	O
-	O
criﬁces	O
.	O

Puis	O
,	O
le	O
conseil	O
résolut	O
de	O
détruire	O
la	B-LOC
forêt	I-LOC
de	I-LOC
Kzour	I-LOC
par	O
le	O
feu	O
.	O

Malgré	O
tous	O
les	O
efforts	O
on	O
ne	O
put	O
incendier	O
que	O
la	O
lisière	O
.	O

Alors	O
,	O
les	O
prêtres	O
,	O
au	O
désespoir	O
,	O
consacrèrent	O
la	O
forêt	O
,	O
défendirent	O
à	O
quiconque	O
d	O
'	O
y	O
entrer	O
.	O

Et	O
plusieurs	O
étés	O
s	O
'	O
écoulèrent	O
.	O

Une	O
nuit	O
d	O
'	O
octobre	O
,	O
le	O
campement	O
endormi	O
de	O
la	B-PER
tribu	I-PER
Zulf	I-PER
,	O
à	O
dix	O
portées	O
d	O
'	O
arc	O
de	O
la	O
forêt	O
fatale	O
,	O
fut	O
envahi	O
par	O
les	O
Formes	O
.	O

Trois	O
cents	O
guerriers	O
perdirent	O
encore	O
la	O
vie	O
.	O

De	O
ce	O
jour	O
une	O
histoire	O
sinistre	O
,	O
dissolvante	O
,	O
mystérieuse	O
,	O
alla	O
de	O
tribu	O
en	O
tribu	O
,	O
murmurée	O
à	O
l	O
'	O
oreille	O
,	O
le	O
soir	O
,	O
aux	O
larges	O
nuits	O
astrales	O
de	O
la	B-LOC
Mésopotamie	I-LOC
.	O

L	O
'	O
homme	O
allait	O
périr	O
.	O

L	O
'	O
autre	O
,	O
toujours	O
élargi	O
,	O
dans	O
la	O
forêt	O
,	O
sur	O
les	O
plaines	O
,	O
indestructible	O
,	O
jour	O
par	O
jour	O
dévorerait	O
la	O
race	O
déchue	O
.	O

Et	O
la	O
conﬁdence	O
,	O
craintive	O
et	O
noire	O
,	O
hantait	O
les	O
pauvres	O
cerveaux	O
,	O
à	O
tous	O
ôtait	O
la	O
force	O
de	O
lutte	O
,	O
le	O
brillant	O
optimisme	O
des	O
jeunes	O
races	O
.	O

L	O
'	O
homme	O
errant	O
,	O
rêvant	O
à	O
ces	O
choses	O
,	O
n	O
'	O
osait	O
plus	O
aimer	O
les	O
somptueux	O
pâturages	O
natals	O
,	O
cherchait	O
en	O
haut	O
,	O
de	O
sa	O
prunelle	O
accablée	O
,	O
l	O
'	O
arrêt	O
des	O
constellations	O
.	O

Ce	O
fut	O
l	O
'	O
an	O
mil	O
des	O
peuples	O
enfants	O
,	O
le	O
glas	O
de	O
la	O
ﬁn	O
du	O
monde	O
,	O
ou	O
,	O
peut	O
-	O
être	O
,	O
la	O
résignation	O
de	O
l	O
'	O
homme	O
rouge	O
des	O
savanes	O
indiennes	O
.	O

Et	O
,	O
dans	O
cette	O
angoisse	O
,	O
les	O
méditateurs	O
venaient	O
à	O
un	O
culte	O
amer	O
,	O
un	O
culte	O
de	O
mort	O
que	O
prêchaient	O
de	O
pâles	O
prophètes	O
,	O
le	O
culte	O
des	O
Ténèbres	O
plus	O
puissantes	O
que	O
les	O
Astres	O
,	O
des	O
Ténèbres	O
qui	O
devaient	O
engloutir	O
,	O
dévorer	O
la	O
sainte	O
Lumière	O
,	O
le	O
feu	O
resplendissant	O
.	O

Partout	O
,	O
aux	O
abords	O
des	O
solitudes	O
,	O
on	O
rencontrait	O
immobiles	O
,	O
amaigries	O
des	O
silhouettes	O
d	O
'	O
inspirés	O
,	O
des	O
hommes	O
de	O
silence	O
,	O
qui	O
,	O
par	O
périodes	O
,	O
se	O
répandant	O
parmi	O
les	O
tribus	O
,	O
contaient	O
leurs	O
épouvantables	O
rêves	O
,	O
le	O
Crépuscule	O
de	O
la	O
grande	O
Nuit	O
approchante	O
,	O
du	O
Soleil	O
agonisant	O
.	O

IV	O
.	O

Bakhoûn	B-PER

Or	O
,	O
à	O
cette	O
époque	O
,	O
vivait	O
un	O
homme	O
extraordinaire	O
,	O
nommé	O
Bakhoûn	B-PER
,	O
issu	O
de	O
la	B-ORG
tribu	I-ORG
de	I-ORG
Ptuh	I-ORG
et	O
frère	O
du	O
premier	O
grand	O
-	O
prêtre	O
des	B-MISC
Zahelals	I-MISC
.	O

De	O
bonne	O
heure	O
,	O
il	O
avait	O
quitté	O
la	O
vie	O
nomade	O
,	O
fait	O
choix	O
d	O
'	O
une	O
belle	O
solitude	O
,	O
entre	O
quatre	O
collines	O
,	O
dans	O
un	O
mince	O
et	O
vivant	O
vallon	O
où	O
roulait	O
la	O
clarté	O
chanteuse	O
d	O
'	O
une	O
source	O
.	O

Des	O
quartiers	O
de	O
rocs	O
lui	O
faisaient	O
la	O
tente	O
ﬁxe	O
,	O
la	O
demeure	O
cyclopéenne	O
.	O

La	O
patience	O
et	O
l	O
'	O
aide	O
ménagée	O
des	O
boeufs	O
ou	O
des	O
chevaux	O
,	O
lui	O
avaient	O
créé	O
l	O
'	O
opulence	O
,	O
des	O
récoltes	O
régulières	O
.	O

Ses	O
quatre	O
femmes	O
,	O
ses	O
trente	O
enfants	O
,	O
y	O
vivaient	O
de	O
la	O
vie	O
d	O
'	O
Eden	B-PER
.	O

Bakhoûn	B-PER
professait	O
des	O
idées	O
singulières	O
,	O
qui	O
l	O
'	O
eussent	O
fait	O
lapider	O
sans	O
le	O
respect	O
des	B-PER
Zahelals	I-PER
pour	O
son	O
frère	O
aîné	O
,	O
le	O
grand	O
-	O
prêtre	O
suprême	O
.	O

Premièrement	O
,	O
il	O
professait	O
que	O
la	O
vie	O
sédentaire	O
était	O
préférable	O
à	O
la	O
vie	O
nomade	O
,	O
ménageant	O
les	O
forces	O
de	O
l	O
'	O
homme	O
au	O
proﬁt	O
de	O
l	O
'	O
esprit	O
;	O

Secondement	O
,	O
il	O
pensait	O
que	O
le	O
Soleil	B-LOC
,	O
la	O
Lune	O
et	O
les	O
Étoiles	B-LOC
n	O
'	O
étaient	O
pas	O
des	O
dieux	O
,	O
mais	O
des	O
masses	O
lumineuses	O
;	O

Troisièmement	O
,	O
il	O
disait	O
que	O
l	O
'	O
homme	O
ne	O
doit	O
réellement	O
croire	O
qu	O
'	O
aux	O
choses	O
prouvées	O
par	O
la	O
Mesure	O
.	O

Les	B-PER
Zahelals	I-PER
lui	O
attribuaient	O
des	O
pouvoirs	O
magiques	O
,	O
et	O
les	O
plus	O
téméraires	O
,	O
parfois	O
,	O
se	O
risquaient	O
à	O
le	O
consulter	O
.	O

Ils	O
ne	O
s	O
'	O
en	O
repentaient	O
jamais	O
.	O

On	O
avouait	O
qu	O
'	O
il	O
avait	O
souvent	O
aidé	O
des	O
tribus	O
malheureuses	O
en	O
leur	O
distribuant	O
des	O
vivres	O
.	O

Or	O
,	O
à	O
l	O
'	O
heure	O
noire	O
,	O
quand	O
apparut	O
la	O
mélancolique	O
alternative	O
d	O
'	O
abandonner	O
des	O
contrées	O
fécondes	O
ou	O
d	O
'	O
être	O
détruites	O
par	O
les	O
divinités	O
inexorables	O
,	O
les	O
tribus	O
songèrent	O
à	O
Bakhoûn	B-LOC
,	O
et	O
les	O
prêtres	O
eux	O
-	O
mêmes	O
,	O
après	O
des	O
luttes	O
d	O
'	O
orgueil	O
,	O
lui	O
dé	O
-	O
putèrent	O
trois	O
des	O
plus	O
considérables	O
de	O
leur	O
ordre	O
.	O

Bakhoûn	B-PER
prêta	O
la	O
plus	O
anxieuse	O
attention	O
aux	O
récits	O
,	O
les	O
faisant	O
répéter	O
,	O
posant	O
des	O
questions	O
nombreuses	O
et	O
précises	O
.	O

Il	O
demanda	O
deux	O
jours	O
de	O
méditation	O
.	O

Ce	O
temps	O
écoulé	O
,	O
il	O
annonça	O
simplement	O
qu	O
'	O
il	O
allait	O
se	O
consacrer	O
à	O
l	O
'	O
étude	O
des	O
Formes	O
.	O

Les	O
tribus	O
furent	O
un	O
peu	O
désappointées	O
,	O
car	O
on	O
avait	O
espéré	O
que	O
Bakhoûn	B-PER
pourrait	O
délivrer	O
le	O
pays	O
par	O
sorcellerie	O
.	O

Néanmoins	O
,	O
les	O
chefs	O
se	O
montrèrent	O
heureux	O
de	O
sa	O
décision	O
et	O
en	O
espérèrent	O
de	O
grandes	O
choses	O
.	O

Alors	O
,	O
Bakhoûn	B-PER
s	O
'	O
établit	O
aux	O
abords	O
de	O
la	B-LOC
forêt	I-LOC
de	I-LOC
Kzour	I-LOC
,	O
se	O
retirant	O
à	O
l	O
'	O
heure	O
du	O
repos	O
,	O
et	O
,	O
tout	O
le	O
jour	O
,	O
il	O
observait	O
,	O
monté	O
sur	O
le	O
plus	O
rapide	O
étalon	O
de	O
Chaldée	B-LOC
.	O

Bientôt	O
,	O
convaincu	O
de	O
la	O
supériorité	O
du	O
splendide	O
animal	O
sur	O
les	O
plus	O
agiles	O
des	O
Formes	O
,	O
il	O
put	O
commencer	O
son	O
étude	O
hardie	O
et	O
minutieuse	O
des	O
ennemis	O
de	O
l	O
'	O
Homme	O
,	O
cette	O
étude	O
à	O
laquelle	O
nous	O
devons	O
le	O
grand	O
livre	O
antécunéiforme	O
de	O
soixante	O
tables	O
,	O
le	O
plus	O
beau	O
livre	O
lapidaire	O
que	O
les	O
âges	O
nomades	O
aient	O
légué	O
aux	O
races	O
modernes	O
.	O

C	O
'	O
est	O
dans	O
ce	O
livre	O
,	O
admirable	O
de	O
patiente	O
observation	O
et	O
de	O
sobriété	O
,	O
que	O
se	O
trouve	O
constaté	O
un	O
système	O
de	O
vie	O
absolument	O
dissemblable	O
de	O
notre	O
règne	O
animal	O
et	O
végétal	O
,	O
système	O
que	O
Bakhoûn	B-PER
avoue	O
humblement	O
n	O
'	O
avoir	O
pu	O
analyser	O
que	O
dans	O
son	O
apparence	O
la	O
plus	O
grossière	O
,	O
la	O
plus	O
extérieure	O
.	O

Il	O
est	O
impossible	O
à	O
l	B-PER
'	I-PER
Homme	I-PER
de	O
ne	O
pas	O
frissonner	O
en	O
lisant	O
cette	O
monographie	O
des	O
êtres	O
que	O
Bakhoûn	B-PER
nomme	O
les	B-PER
Xipéhuz	I-PER
,	O
ces	O
détails	O
désintéressés	O
,	O
jamais	O
poussés	O
au	O
merveilleux	O
systématique	O
,	O
que	O
le	O
vieux	O
scribe	O
révèle	O
sur	O
leurs	O
actes	O
,	O
leur	O
mode	O
de	O
progression	O
,	O
de	O
combat	O
,	O
de	O
génération	O
,	O
et	O
qui	O
démontrent	O
que	O
la	O
race	O
humaine	O
a	O
été	O
au	O
bord	O
du	B-LOC
Néant	I-LOC
,	O
que	O
la	O
terre	O
a	O
failli	O
être	O
le	O
patrimoine	O
d	O
'	O
un	O
Règne	O
dont	O
nous	O
avons	O
perdu	O
jusqu	O
'	O
à	O
la	O
conception	O
.	O

Il	O
faut	O
lire	O
la	O
merveilleuse	O
traduction	O
de	O
M.	B-PER
Dessault	I-PER
,	O
ses	O
découvertes	O
inattendues	O
sur	O
la	O
linguistique	O
pré	O
-	O
assyrienne	O
,	O
découvertes	O
plus	O
admirées	O
malheureusement	O
à	O
l	O
?	O
étranger	O
?	O
en	O
Angleterre	B-LOC
,	O
en	O
Allemagne	B-LOC
?	O
que	O
dans	O
sa	O
propre	O
patrie	O
.	O

L	O
?	O
illustre	O
savant	O
a	O
daigné	O
mettre	O
à	O
notre	O
disposition	O
les	O
passages	O
saillants	O
du	O
précieux	O
ouvrage	O
,	O
et	O
ces	O
passages	O
,	O
que	O
nous	O
offrons	O
ci	O
-	O
après	O
au	O
public	O
,	O
peut	O
-	O
être	O
inspireront	O
l	O
?	O
envie	O
de	O
parcourir	O
les	O
superbes	O
traductions	O
du	B-PER
Maître	O
1	O
.	O

V	O
.	O

Puisé	O
au	O
livre	O
de	O
Bakhoûn	B-PER

Les	B-PER
Xipéhuz	I-PER
sont	O
évidemment	O
des	O
Vivants	B-MISC
.	O

Toutes	O
leurs	O
allures	O
décèlent	O
la	O
volonté	O
,	O
le	O
caprice	O
,	O
l	O
'	O
association	O
,	O
l	O
'	O
indépendance	O
partielle	O
qui	O
fait	O
distinguer	O
l	O
'	O
Être	O
animal	O
de	O
la	O
plante	O
ou	O
de	O
la	O
chose	O
inerte	O
.	O

Quoique	O
leur	O
mode	O
de	O
progression	O
ne	O
puisse	O
être	O
déﬁni	O
par	O
comparaison	O
-	O
c	O
'	O
est	O
un	O
simple	O
glissement	O
sur	O
terre	O
-	O
il	O
est	O
aisé	O
de	O
voir	O
qu	O
'	O
ils	O
le	O
dirigent	O
à	O
leur	O
gré	O
.	O

On	O
les	O
voit	O
s	O
'	O
arrêter	O
brusquement	O
,	O
se	O
tourner	O
,	O
s	O
'	O
élancer	O
à	O
la	O
poursuite	O
les	O
uns	O
des	O
autres	O
,	O
se	O
promener	O
par	O
deux	O
,	O
par	O
trois	O
,	O
manifester	O
des	O
préférences	O
qui	O
leur	O
feront	O
quitter	O
un	O
compagnon	O
pour	O
aller	O
au	O
loin	O
en	O
rejoindre	O
un	O
autre	O
.	O

Ils	O
n	O
'	O
ont	O
point	O
la	O
faculté	O
d	O
'	O
escalader	O
les	O
arbres	O
,	O
mais	O
ils	O
réussissent	O
à	O
tuer	O
les	O
oiseaux	O
en	O
les	O
attirant	O
par	O
des	O
moyens	O
indécouvrables	O
.	O

On	O
les	O
voit	O
souvent	O
cerner	O
des	O
bêtes	O
sylvestres	O
ou	O
les	O
attendre	O
derrière	O
un	O
buisson	O
;	O
ils	O
ne	O
manquent	O
jamais	O
de	O
les	O
tuer	O
et	O
de	O
les	O
consumer	O
ensuite	O
.	O

On	O
peut	O
poser	O
comme	O
règle	O
qu	O
'	O
ils	O
tuent	O
tous	O
les	O
animaux	O
indistinctement	O
,	O
s	O
'	O
ils	O
peuvent	O
les	O
atteindre	O
,	O
et	O
cela	O
sans	O
motif	O
apparent	O
,	O
car	O
ils	O
ne	O
le	O
consomment	O
point	O
,	O
mais	O
les	O
réduisent	O
simplement	O
en	O
cendres	O
.	O

Leur	O
manière	O
de	O
consumer	O
n	O
'	O
exige	O
pas	O
de	O
bûcher	O
:	O
le	O
point	O
incandescent	O
qu	O
'	O
ils	O
ont	O
à	O
leur	O
base	O
sufﬁt	O
à	O
cette	O
opération	O
.	O

Ils	O
se	O
réunissent	O
à	O
dix	O
ou	O
à	O
vingt	O
,	O
en	O
cercle	O
,	O
autour	O
des	O
gros	O
animaux	O
tués	O
,	O
et	O
font	O
converger	O
leurs	O
rayons	O
sur	O
la	O
carcasse	O
.	O

Pour	O
les	O
petits	O
animaux	O
,	O
-	O
les	O
oiseaux	O
,	O
par	O
exemple	O
-	O
les	O
rayons	O
d	O
'	O
un	O
seul	O
Xipéhuz	B-PER
suf	O
-	O
ﬁsent	O
à	O
l	O
'	O
incinération	O
.	O

Il	O
faut	O
remarquer	O
que	O
la	O
chaleur	O
qu	O
'	O
ils	O
peuvent	O
produire	O
n	O
'	O
est	O
point	O
instantanément	O
violente	O
.	O

J	O
'	O
ai	O
souvent	O
reçu	O
sur	O
la	O
main	O
le	O
rayonnement	O
d	O
'	O
un	O
Xipéhuz	B-PER
et	O
la	O
peau	O
ne	O
commençait	O
à	O
s	O
'	O
échauffer	O
qu	O
'	O
après	O
quelque	O
temps	O
.	O

1	O
Les	O
Précurseurs	O
de	O
Ninive	B-LOC
,	O
par	O
B.	B-PER
Dessault	I-PER
,	O
édition	O
in	O
-	O
8	O
‘	O
,	O
chez	O
Calmann	O
-	O
Lévy	O
.	O

Dans	O
l	O
'	O
intérêt	O
du	O
lecteur	O
,	O
j	O
'	O
ai	O
converti	O
l	O
'	O
extrait	O
du	O
livre	O
de	O
Bakhoûn	B-PER
,	O
ci	O
-	O
après	O
,	O
en	O
langage	O
scientiﬁque	O
moderne	O
.	O

Je	O
ne	O
sais	O
s	O
'	O
il	O
faut	O
dire	O
que	O
les	B-PER
Xipéhuz	I-PER
sont	O
de	O
différentes	O
formes	O
,	O
car	O
tous	O
peuvent	O
se	O
transformer	O
successivement	O
en	O
cônes	O
,	O
cylindres	O
et	O
strates	O
,	O
et	O
cela	O
en	O
un	O
seul	O
jour	O
.	O

Leur	O
couleur	O
varie	O
continuellement	O
,	O
ce	O
que	O
je	O
crois	O
devoir	O
attribuer	O
,	O
en	O
général	O
,	O
aux	O
métamorphoses	O
de	O
la	O
lumière	O
depuis	O
le	O
matin	O
jusqu	O
'	O
au	O
soir	O
et	O
depuis	O
le	O
soir	O
jusqu	O
'	O
au	O
matin	O
.	O

Cependant	O
quelques	O
variations	O
de	O
nuances	O
paraissent	O
dues	O
au	O
caprice	O
des	O
individus	O
et	O
spécialement	O
à	O
leurs	O
passions	O
,	O
si	O
je	O
puis	O
dire	O
,	O
et	O
constituent	O
ainsi	O
de	O
véritables	O
expressions	O
de	O
physionomie	O
,	O
dont	O
j	O
'	O
ai	O
été	O
parfaitement	O
impuissant	O
,	O
malgré	O
une	O
étude	O
ardente	O
,	O
à	O
déterminer	O
les	O
plus	O
simples	O
autrement	O
que	O
par	O
hypothèse	O
.	O

Ainsi	O
,	O
jamais	O
je	O
n	O
'	O
ai	O
pu	O
distinguer	O
une	O
nuance	O
colère	O
d	O
'	O
une	O
nuance	O
douce	O
,	O
ce	O
qui	O
aurait	O
été	O
assurément	O
la	O
première	O
découverte	O
en	O
ce	O
genre	O
.	O

J	O
?	O
ai	O
dit	O
leurs	O
”	O
passions	O
”	O
.	O

Précédemment	O
j	O
?	O
ai	O
déjà	O
remarqué	O
leurs	O
préférences	O
,	O
ce	O
que	O
je	O
nommerais	O
leurs	O
”	O
amitiés	O
”	O
.	O

Ils	O
ont	O
leurs	O
”	O
haines	O
”	O
aussi	O
.	O

Tel	O
Xipéhuz	B-PER
s	O
?	O
éloigne	O
constamment	O
de	O
tel	O
autre	O
et	O
réciproquement	O
.	O

Leurs	O
colères	O
paraissent	O
violentes	O
.	O

Ils	O
s	O
?	O
entrechoquent	O
avec	O
des	O
mouvements	O
identiques	O
à	O
ceux	O
qu	O
?	O
on	O
observe	O
lorsqu	O
?	O
ils	O
attaquent	O
les	O
gros	O
animaux	O
ou	O
les	O
hommes	O
,	O
et	O
ce	O
sont	O
même	O
ces	O
combats	O
qui	O
m	O
?	O
ont	O
appris	O
qu	O
?	O
ils	O
n	O
?	O
étaient	O
aucunement	O
immortels	O
,	O
comme	O
je	O
me	O
sentais	O
d	O
?	O
abord	O
disposé	O
à	O
le	O
croire	O
,	O
car	O
deux	O
ou	O
trois	O
fois	O
j	O
?	O
ai	O
vu	O
des	B-PER
Xipéhuz	I-PER
succomber	O
dans	O
ces	O
rencontres	O
,	O
c	O
?	O
est	O
-	O
à	O
-	O
dire	O
”	O
tomber	O
”	O
,	O
”	O
se	O
”	O
”	O
condenser	O
”	O
,	O
”	O
se	O
”	O
”	O
pétriﬁer	O
”	O
.	O

J	O
?	O
ai	O
précieusement	O
conservé	O
quelques	O
-	O
uns	O
de	O
ces	O
bizarres	O
cadavres	O
2	O
,	O
et	O
peut	O
-	O
être	O
pourront	O
-	O
ils	O
plus	O
tard	O
servir	O
à	O
découvrir	O
la	O
nature	O
des	B-PER
Xipéhuz	I-PER
.	O

Ce	O
sont	O
des	O
cristaux	O
jaunâtres	O
,	O
disposés	O
irrégulièrement	O
,	O
et	O
striés	O
de	O
ﬁlets	O
bleus	O
.	O

De	O
ce	O
que	O
les	B-PER
Xipéhuz	I-PER
n	O
'	O
étaient	O
point	O
immortels	O
,	O
j	O
'	O
ai	O
dû	O
déduire	O
qu	O
'	O
il	O
devait	O
être	O
possible	O
de	O
les	O
combattre	O
et	O
de	O
les	O
vaincre	O
,	O
et	O
j	O
'	O
ai	O
depuis	O
lors	O
commencé	O
la	O
série	O
d	O
'	O
expériences	O
combattantes	O
dont	O
il	O
sera	O
parlé	O
plus	O
loin	O
.	O

Comme	O
les	B-PER
Xipéhuz	I-PER
rayonnent	O
toujours	O
sufﬁsamment	O
pour	O
être	O
aperçus	O
à	O
travers	O
les	O
fourrés	O
et	O
même	O
derrière	O
les	O
gros	O
troncs	O
-	O
une	O
grande	O
auréole	O
émane	O
d	O
'	O
eux	O
en	O
tous	O
sens	O
et	O
avertit	O
de	O
leur	O
approche	O
,	O
j	O
'	O
ai	O
pu	O
me	O
risquer	O
souvent	O
dans	O
la	O
forêt	O
,	O
me	O
ﬁant	O
à	O
la	O
vélocité	O
de	O
mon	O
étalon	O
.	O

Là	O
,	O
j	O
'	O
ai	O
tenté	O
de	O
découvrir	O
s	O
'	O
ils	O
se	O
construisaient	O
des	O
abris	O
,	O
mais	O
j	O
'	O
avoue	O
avoir	O
échoué	O
en	O
cette	O
recherche	O
.	O

Ils	O
ne	O
meuvent	O
ni	O
les	O
pierres	O
ni	O
les	O
plantes	O
,	O
et	O
paraissent	O
étrangers	O
à	O
toute	O
espèce	O
d	O
'	O
industrie	O
tangible	O
et	O
visible	O
,	O
seule	O
industrie	O
appréciable	O
2	O

Le	B-LOC
Kensington	I-LOC
Muséum	I-LOC
,	O
à	O
Londres	B-LOC
,	O
et	O
M.	B-PER
Dessault	I-PER
lui	O
-	O
même	O
possèdent	O
quelques	O
débris	O
minéraux	O
,	O
en	O
tout	O
semblables	O
à	O
ceux	O
décrits	O
par	O
Bakhoûn	B-PER
,	O
que	O
l	O
'	O
analyse	O
chimique	O
a	O
été	O
impuissante	O
à	O
décomposer	O
et	O
à	O
combiner	O
avec	O
d	O
'	O
autres	O
substances	O
,	O
et	O
qui	O
ne	O
peuvent	O
,	O
en	O
conséquence	O
,	O
entrer	O
dans	O
aucune	O
nomenclature	O
des	O
corps	O
connus	O
.	O

à	O
l	O
'	O
observation	O
humaine	O
.	O

Ils	O
n	O
'	O
ont	O
conséquemment	O
point	O
d	O
'	O
armes	O
,	O
selon	O
le	O
sens	O
par	O
nous	O
attribué	O
à	O
ce	O
mot	O
.	O

Il	O
est	O
certain	O
qu	O
'	O
ils	O
ne	O
peuvent	O
tuer	O
à	O
distance	O
:	O
tout	O
animal	O
qui	O
a	O
pu	O
fuir	O
sans	O
subir	O
le	O
contact	O
immédiat	O
d	O
'	O
un	B-MISC
Xipéhuz	B-PER
a	O
infailliblement	O
échappé	O
,	O
et	O
de	O
cela	O
j	O
'	O
ai	O
été	O
maintes	O
fois	O
témoin	O
.	O

Comme	O
l	O
'	O
avait	O
fait	O
déjà	O
remarquer	O
la	O
malheureuse	O
tribu	B-PER
de	I-PER
Pjehou	I-PER
,	O
ils	O
ne	O
peuvent	O
franchir	O
certaines	O
barrières	O
idéales	O
;	O
ainsi	O
se	O
limite	O
leur	O
action	O
.	O

Mais	O
ces	O
bornes	O
se	O
sont	O
toujours	O
accrues	O
d	O
'	O
année	O
en	O
année	O
,	O
de	O
mois	O
en	O
mois	O
.	O

J	O
'	O
ai	O
dû	O
en	O
rechercher	O
la	O
cause	O
.	O

Or	O
,	O
cette	O
cause	O
ne	O
semble	O
être	O
autre	O
qu	O
'	O
un	O
phénomène	O
de	O
croissance	O
collective	O
et	O
,	O
comme	O
la	O
plupart	O
des	O
choses	O
xipéhuzes	O
,	O
elle	O
est	O
incompréhensible	O
pour	O
l	O
'	O
intelligence	O
de	O
l	O
'	O
homme	O
.	O

Brièvement	O
,	O
voici	O
la	O
loi	O
:	O
les	O
limites	O
de	O
l	O
'	O
action	O
xipéhuze	O
s	O
'	O
élargissent	O
proportionnellement	O
au	O
nombre	O
des	O
individus	O
,	O
c	O
'	O
est	O
-	O
à	O
-	O
dire	O
que	O
dès	O
qu	O
'	O
il	O
y	O
a	O
procréation	O
de	O
nouveaux	O
êtres	O
,	O
il	O
y	O
a	O
aussi	O
extension	O
des	O
frontières	O
;	O
mais	O
tant	O
que	O
le	O
nombre	O
reste	O
invariable	O
,	O
tout	O
individu	O
est	O
totalement	O
incapable	O
de	O
franchir	O
l	O
'	O
habitat	O
attribué	O
par	O
la	O
force	O
des	O
choses	O
(	O
?	O
)	O
-	O
à	O
l	O
'	O
ensemble	O
de	O
la	O
race	O
.	O

Cette	O
règle	O
fait	O
entrevoir	O
une	O
corrélation	O
plus	O
intime	O
entre	O
la	O
masse	O
et	O
l	O
'	O
individu	O
que	O
la	O
corrélation	O
similaire	O
remarquée	O
parmi	O
les	O
hommes	O
et	O
les	O
animaux	O
.	O

On	O
a	O
vu	O
plus	O
tard	O
la	O
réciproque	O
de	O
cette	O
loi	O
,	O
car	O
dès	O
que	O
les	B-PER
Xipéhuz	I-PER
ont	O
commencé	O
à	O
diminuer	O
,	O
leurs	O
frontières	O
se	O
sont	O
proportionnellement	O
rétrécies	O
.	O

Du	O
phénomène	O
de	O
la	O
procréation	O
même	O
,	O
j	O
'	O
ai	O
peu	O
à	O
dire	O
;	O
mais	O
ce	O
peu	O
est	O
caractéristique	O
.	O

D	O
'	O
abord	O
,	O
cette	O
procréation	O
se	O
produit	O
quatre	O
fois	O
l	O
'	O
an	O
,	O
un	O
peu	O
avant	O
les	O
équinoxes	O
et	O
les	O
solstices	O
,	O
et	O
seulement	O
par	O
les	O
nuits	O
très	O
pures	O
.	O

Les	B-PER
Xipéhuz	I-PER
se	O
réunissent	O
par	O
groupes	O
de	O
trois	O
,	O
et	O
ces	O
groupes	O
,	O
peu	O
à	O
peu	O
,	O
ﬁnissent	O
par	O
n	O
'	O
en	O
former	O
qu	O
'	O
un	O
seul	O
,	O
étroitement	O
amalgamé	O
et	O
disposé	O
en	O
ellipse	O
très	O
longue	O
.	O

Ils	O
restent	O
ainsi	O
toute	O
la	O
nuit	O
,	O
et	O
le	O
matin	O
jusqu	O
'	O
à	O
l	O
'	O
élévation	O
supérieure	O
du	O
Soleil	B-PER
.	O

Lorsqu	O
'	O
ils	O
se	O
séparent	O
,	O
on	O
voit	O
monter	O
des	O
formes	O
vagues	O
,	O
vaporeuses	O
et	O
énormes	O
.	O

Ces	O
formes	O
se	O
condensent	O
lentement	O
,	O
se	O
rapetissent	O
,	O
se	O
transforment	O
au	O
bout	O
de	O
dix	O
jours	O
en	O
cônes	O
ambrés	O
,	O
considérablement	O
plus	O
grands	O
encore	O
que	O
les	B-MISC
Xipéhuz	I-MISC
adultes	O
.	O

Il	O
faut	O
deux	O
mois	O
et	O
quelques	O
jours	O
pour	O
qu	O
'	O
elles	O
atteignent	O
leur	O
maximum	O
de	O
développement	O
,	O
c	O
'	O
est	O
-	O
à	O
-	O
dire	O
de	O
rétrécissement	O
.	O

Au	O
bout	O
de	O
ce	O
temps	O
,	O
elles	O
deviennent	O
semblables	O
aux	O
autres	O
êtres	O
de	O
leur	O
règne	O
,	O
de	O
couleurs	O
et	O
de	O
formes	O
variables	O
selon	O
l	O
'	O
heure	O
,	O
le	O
temps	O
et	O
le	O
caprice	O
individuel	O
.	O

Quelques	O
jours	O
après	O
leur	O
développement	O
ou	O
rétrécissement	O
intégral	O
,	O
les	O
frontières	O
d	O
'	O
action	O
s	O
'	O
élargissent	O
.	O

C	O
'	O
était	O
,	O
naturellement	O
,	O
un	O
peu	O
avant	O
ce	O
moment	O
redoutable	O
que	O
je	O
pressais	O
les	O
ﬂancs	O
de	O
mon	O
bon	O
Kouath	B-PER
,	O
aﬁn	O
d	O
'	O
aller	O
établir	O
mon	O
campement	O
plus	O
loin	O
.	O

Si	O
les	B-PER
Xipéhuz	I-PER
ont	O
des	O
sens	O
,	O
c	O
'	O
est	O
ce	O
qu	O
'	O
il	O
n	O
'	O
est	O
pas	O
possible	O
d	O
'	O
afﬁrmer	O
.	O

Ils	O
possèdent	O
certainement	O
des	O
appareils	O
qui	O
leur	O
en	O
tiennent	O
lieu	O
.	O

La	O
facilité	O
avec	O
laquelle	O
ils	O
perçoivent	O
à	O
de	O
grandes	O
distances	O
la	O
présence	O
des	O
animaux	O
,	O
mais	O
surtout	O
celle	O
de	O
l	O
'	O
homme	O
,	O
annonce	O
évidemment	O
que	O
leurs	O
organes	O
d	O
'	O
investigation	O
valent	O
au	O
moins	O
nos	O
yeux	O
.	O

Je	O
ne	O
leur	O
ai	O
jamais	O
vu	O
confondre	O
un	O
végétal	O
et	O
un	O
animal	O
,	O
même	O
en	O
de	O
circonstances	O
où	O
j	O
'	O
aurais	O
très	O
bien	O
pu	O
commettre	O
cette	O
erreur	O
,	O
trompé	O
par	O
la	O
lumière	O
sous	O
-	O
branchiale	O
,	O
la	O
couleur	O
de	O
l	O
'	O
objet	O
,	O
sa	O
position	O
.	O

La	O
circonstance	O
de	O
s	O
'	O
employer	O
à	O
vingt	O
pour	O
consumer	O
un	O
gros	O
animal	O
,	O
alors	O
qu	O
'	O
un	O
seul	O
s	O
'	O
occupe	O
de	O
la	O
calcination	O
d	O
'	O
un	O
oiseau	O
,	O
prouve	O
une	O
entente	O
correcte	O
des	O
proportions	O
,	O
et	O
cette	O
entente	O
paraît	O
plus	O
parfaite	O
si	O
l	O
'	O
on	O
observe	O
qu	O
'	O
ils	O
se	O
mettent	O
dix	O
,	O
douze	O
,	O
quinze	O
,	O
toujours	O
en	O
raison	O
de	O
la	O
grosseur	O
relative	O
de	O
la	O
carcasse	O
.	O

Un	O
meilleur	O
argument	O
encore	O
en	O
faveur	O
soit	O
de	O
l	O
'	O
existence	O
d	O
'	O
organes	O
analogues	O
à	O
nos	O
sens	O
,	O
soit	O
de	O
leur	O
intelligence	O
,	O
est	O
la	O
façon	O
dont	O
ils	O
agirent	O
en	O
attaquant	O
nos	O
tribus	O
,	O
car	O
ils	O
s	O
'	O
attachèrent	O
peu	O
ou	O
point	O
aux	O
femmes	O
et	O
aux	O
enfants	O
,	O
tandis	O
qu	O
'	O
ils	O
pourchassaient	O
impitoyablement	O
les	O
guerriers	O
.	O

Maintenant	O
-	O
question	O
la	O
plus	O
importante	O
-	O
ont	O
-	O
ils	O
un	O
langage	O

Je	O
puis	O
répondre	O
à	O
ceci	O
sans	O
la	O
moindre	O
hésitation	O
:	O
«	O
Oui	O
,	O
ils	O
ont	O
un	O
langage	O
.	O
»	O

Et	O
ce	O
langage	O
se	O
compose	O
de	O
signes	O
parmi	O
lesquels	O
j	O
'	O
en	O
ai	O
pu	O
même	O
déchiffrer	O
quelques	O
-	O
uns	O
.	O

Supposons	O
,	O
par	O
exemple	O
,	O
qu	O
'	O
un	B-PER
Xipéhuz	I-PER
veuille	O
parler	O
à	O
un	O
autre	O
.	O

Pour	O
cela	O
,	O
il	O
lui	O
sufﬁt	O
de	O
diriger	O
les	O
rayons	O
de	O
son	O
étoile	O
vers	O
le	O
compagnon	O
,	O
ce	O
qui	O
est	O
toujours	O
perçu	O
instantanément	O
.	O

L	O
'	O
appelé	O
,	O
s	O
'	O
il	O
marche	O
,	O
s	O
'	O
arrête	O
,	O
attend	O
.	O

Le	O
parleur	O
,	O
alors	O
,	O
trace	O
rapidement	O
,	O
sur	O
la	O
surface	O
même	O
de	O
son	O
interlocuteur	O
-	O
et	O
il	O
n	O
'	O
importe	O
de	O
quel	O
côté	O
-	O
une	O
série	O
de	O
courts	O
caractères	O
lumineux	O
,	O
par	O
un	O
jeu	O
de	O
rayonnement	O
toujours	O
émanant	O
de	O
la	O
base	O
,	O
et	O
ces	O
caractères	O
restent	O
un	O
instant	O
ﬁxés	O
,	O
puis	O
s	O
'	O
effacent	O
.	O

L	O
'	O
interlocuteur	O
,	O
après	O
une	O
courte	O
pause	O
,	O
répond	O
.	O

Préliminairement	O
à	O
toute	O
action	O
de	O
combat	O
ou	O
d	O
'	O
embuscade	O
,	O
j	O
'	O
ai	O
toujours	O
vu	O
les	B-PER
Xipéhuz	I-PER
employer	O
les	O
caractères	O
suivants	O
:	O

Lorsqu	O
'	O
il	O
était	O
question	O
de	O
moi	O
-	O
et	O
il	O
en	O
était	O
souvent	O
question	O
,	O
car	O
ils	O
ont	O
tout	O
fait	O
pour	O
nous	O
exterminer	O
,	O
mon	O
brave	O
Kouath	B-PER
et	O
moi	O
-	O
les	O
signes	O
ont	O
été	O
invariablement	O
échangés	O
,	O
-	O
parmi	O
d	O
'	O
autres	O
,	O
comme	O
le	O
mot	O
ou	O
la	O
phrase	O
donné	O
ci	O
-	O
dessus	O
.	O

Le	O
signe	O
d	O
'	O
appel	O
ordinaire	O
était	O
et	O
il	O
faisait	O
accourir	O
l	O
'	O
individu	O
qui	O
le	O
recevait	O
.	O

Lorsque	O
les	B-PER
Xipéhuz	I-PER
étaient	O
invités	O
à	O
une	O
réunion	O
générale	O
,	O
je	O
n	O
'	O
ai	O
jamais	O
failli	O
à	O
observer	O
un	O
signal	O
de	O
cette	O
forme	O
représentant	O
la	O
triple	O
apparence	O
de	O
ces	O
êtres	O
.	O

Les	B-PER
Xipéhuz	I-PER
ont	O
d	O
'	O
ailleurs	O
des	O
signes	O
plus	O
compliqués	O
,	O
se	O
rapportant	O
non	O
plus	O
à	O
des	O
actions	O
similaires	O
aux	O
nôtres	O
,	O
mais	O
à	O
un	O
ordre	O
de	O
choses	O
complètement	O
extraordinaire	O
,	O
et	O
dont	O
je	O
n	O
'	O
ai	O
rien	O
pu	O
déchiffrer	O
.	O

On	O
ne	O
peut	O
entretenir	O
le	O
moindre	O
doute	O
relativement	O
à	O
leur	O
faculté	O
d	O
'	O
échanger	O
des	O
idées	O
d	O
'	O
un	O
ordre	O
abstrait	O
,	O
probablement	O
équivalentes	O
aux	O
idées	O
humaines	O
,	O
car	O
ils	O
peuvent	O
rester	O
longtemps	O
immobiles	O
à	O
ne	O
faire	O
autre	O
chose	O
que	O
converser	O
,	O
ce	O
qui	O
annonce	O
de	O
véritables	O
accumulations	O
de	O
pensées	O
.	O

Mon	O
long	O
séjour	O
près	O
d	O
'	O
eux	O
avait	O
ﬁni	O
,	O
malgré	O
les	O
métamorphoses	O
(	O
dont	O
les	O
lois	O
varient	O
pour	O
chacun	O
,	O
faiblement	O
sans	O
doute	O
,	O
mais	O
avec	O
des	O
caractéristiques	O
sufﬁ	O
-	O
santes	O
pour	O
un	O
épieur	O
opiniâtre	O
)	O
,	O
par	O
me	O
faire	O
connaître	O
plusieurs	O
Xipéhuz	B-PER
d	O
'	O
une	O
façon	O
assez	O
intime	O
,	O
par	O
me	O
révéler	O
des	O
particularités	O
sur	O
les	O
différences	O
individuelles	O
...	O
dirais	O
-	O
je	O
sur	O
les	O
caractères	O
?	O

J	O
'	O
en	O
ai	O
connu	O
de	O
taciturnes	O
,	O
qui	O
,	O
quasi	O
jamais	O
,	O
ne	O
traçaient	O
une	O
parole	O
;	O
d	O
'	O
expansifs	O
qui	O
écrivaient	O
de	O
véritables	O
discours	O
;	O
d	O
'	O
attentifs	O
,	O
de	O
jaseurs	O
qui	O
parlaient	O
ensemble	O
,	O
s	O
'	O
interrompaient	O
les	O
uns	O
les	O
autres	O
.	O

Il	O
y	O
en	O
avait	O
qui	O
aimaient	O
à	O
se	O
retirer	O
,	O
à	O
vivre	O
solitaires	O
;	O
d	O
'	O
autres	O
recherchaient	O
évidemment	O
la	O
société	O
;	O
des	O
féroces	O
chassaient	O
perpétuellement	O
les	O
fauves	O
,	O
les	O
oiseaux	O
,	O
et	O
des	O
miséricordieux	O
souvent	O
épargnaient	O
les	O
animaux	O
,	O
les	O
laissaient	O
vivre	O
en	O
paix	O
.	O

Tout	O
cela	O
n	O
'	O
ouvre	O
-	O
t	O
-	O
il	O
pas	O
à	O
l	O
'	O
imagination	O
une	O
gigantesque	O
carrière	O
?	O

ne	O
porte	O
-	O
til	O
pas	O
à	O
imaginer	O
des	O
diversités	O
d	O
'	O
aptitudes	O
,	O
d	O
'	O
intelligence	O
,	O
de	O
forces	O
,	O
analogues	O
à	O
celles	O
de	O
la	O
race	O
humaine	O
?	O

Ils	O
pratiquent	O
l	O
'	O
éducation	O
.	O

Que	O
de	O
fois	O
j	O
'	O
ai	O
observé	O
un	O
vieux	O
Xipéhuz	B-PER
,	O
assis	O
au	O
milieu	O
de	O
nombreux	O
jeunes	O
,	O
leur	O
rayonnant	O
des	O
signes	O
que	O
ceux	O
-	O
ci	O
lui	O
répétaient	O
ensuite	O
l	O
'	O
un	O
après	O
l	O
'	O
autre	O
,	O
et	O
qu	O
'	O
il	O
leur	O
faisait	O
recommencer	O
quand	O
la	O
répétition	O
en	O
était	O
imparfaite	O
!	O

Ces	O
leçons	O
étaient	O
bien	O
merveilleuses	O
à	O
mes	O
yeux	O
,	O
et	O
de	O
tout	O
ce	O
qui	O
concerne	O
les	B-PER
Xipéhuz	I-PER
,	O
il	O
n	O
'	O
est	O
rien	O
qui	O
m	O
'	O
ait	O
si	O
souvent	O
tenu	O
attentif	O
,	O
rien	O
qui	O
m	O
'	O
ait	O
plus	O
préoccupé	O
aux	O
soirs	O
d	O
'	O
insomnie	O
.	O

Il	O
me	O
semblait	O
que	O
c	O
'	O
était	O
là	O
,	O
dans	O
cette	O
aube	O
de	O
la	O
race	O
,	O
que	O
le	O
voile	O
du	O
mystère	O
pouvait	O
s	O
'	O
entrouvrir	O
,	O
là	O
que	O
quelque	O
idée	O
simple	O
,	O
primitive	O
,	O
jaillirait	O
peut	O
-	O
être	O
,	O
éclairerait	O
pour	O
moi	O
un	O
recoin	O
de	O
ces	O
profondes	O
ténèbres	O
.	O

Non	O
,	O
rien	O
ne	O
m	O
'	O
a	O
rebuté	O
;	O
j	O
'	O
ai	O
,	O
des	O
années	O
durant	O
,	O
assisté	O
à	O
cette	O
éducation	O
,	O
j	O
'	O
ai	O
essayé	O
des	O
interprétations	O
innombrables	O
.	O

Que	O
de	O
fois	O
j	O
'	O
ai	O
cru	O
y	O
saisir	O
comme	O
une	O
fugitive	O
lueur	O
de	O
la	O
nature	O
essentielle	O
des	B-PER
Xipéhuz	I-PER
,	O
une	O
lueur	O
extrasensible	O
,	O
une	O
pure	O
abstraction	O
,	O
et	O
que	O
,	O
hélas	O
!	O
mes	O
pauvres	O
facultés	O
noyées	O
de	O
chair	O
ne	O
sont	O
jamais	O
parvenues	O
à	O
poursuivre	O
!	O

J	O
'	O
ai	O
dit	O
plus	O
haut	O
que	O
j	O
'	O
avais	O
cru	O
longtemps	O
les	B-PER
Xipéhuz	I-PER
immortels	O
.	O

Cette	O
croyance	O
ayant	O
été	O
détruite	O
à	O
la	O
vue	O
des	O
morts	O
violentes	O
qui	O
suivirent	O
quelques	O
rencontres	O
entre	O
Xipéhuz	B-PER
,	O
je	O
fus	O
naturellement	O
amené	O
à	O
chercher	O
leur	O
point	O
vulnérable	O
et	O
m	O
'	O
appliquait	O
chaque	O
jour	O
,	O
depuis	O
lors	O
,	O
à	O
trouver	O
des	O
moyens	O
destructifs	O
,	O
car	O
les	B-PER
Xi	I-PER
-	I-PER
péhuz	I-PER
croissaient	O
en	O
nombre	O
,	O
tellement	O
,	O
qu	O
'	O
après	O
avoir	O
débordé	O
la	B-LOC
forêt	I-LOC
de	I-LOC
Kzour	I-LOC
au	O
sud	O
,	O
au	O
nord	O
,	O
l	O
'	O
ouest	O
,	O
ils	O
commençaient	O
à	O
empiéter	O
sur	O
les	O
plaines	O
,	O
du	O
côté	O
du	O
levant	O
.	O

Hélas	O
!	O
en	O
peu	O
de	O
cycles	O
,	O
ils	O
auraient	O
dépossédé	O
l	O
'	O
homme	O
de	O
sa	O
demeure	O
terrestre	O
.	O

Donc	O
,	O
je	O
m	O
'	O
armai	O
d	O
'	O
une	O
fronde	O
et	O
,	O
dès	O
qu	O
'	O
un	B-PER
Xipéhuz	I-PER
sortait	O
de	O
la	O
forêt	O
,	O
à	O
portée	O
,	O
je	O
le	O
visais	O
et	O
lui	O
lançais	O
ma	O
pierre	O
.	O

Je	O
n	O
'	O
obtins	O
ainsi	O
aucun	O
résultat	O
,	O
quoique	O
j	O
'	O
eusse	O
atteint	O
l	O
'	O
ensemble	O
des	O
individus	O
visés	O
à	O
toutes	O
les	O
parties	O
de	O
leur	O
surface	O
,	O
même	O
au	O
point	O
lumineux	O
.	O

Ils	O
paraissaient	O
d	O
'	O
une	O
insensibilité	O
parfaite	O
à	O
mes	O
atteintes	O
et	O
nul	O
d	O
'	O
entre	O
eux	O
ne	O
s	O
'	O
est	O
jamais	O
détourné	O
pour	O
éviter	O
un	O
de	O
mes	O
projectiles	O
.	O

Après	O
un	O
mois	O
d	O
'	O
essai	O
il	O
fallut	O
bien	O
m	O
'	O
avouer	O
que	O
la	O
fronde	O
ne	O
pouvait	O
rien	O
contre	O
eux	O
,	O
et	O
j	O
'	O
abandonnai	O
cette	O
arme	O
.	O

Je	O
pris	O
l	O
'	O
arc	O
.	O

Aux	O
premières	O
ﬂèches	O
que	O
je	O
lançai	O
,	O
je	O
découvris	O
chez	O
les	B-PER
Xipéhuz	I-PER
un	O
sentiment	O
de	O
crainte	O
très	O
vive	O
,	O
car	O
ils	O
se	O
détournèrent	O
,	O
se	O
tinrent	O
hors	O
de	O
portée	O
,	O
m	O
'	O
évitèrent	O
tant	O
qu	O
'	O
ils	O
purent	O
.	O

Pendant	O
huit	O
jours	O
,	O
je	O
tentai	O
vainement	O
d	O
'	O
en	O
atteindre	O
un	O
.	O

Le	O
huitième	O
jour	O
,	O
un	O
parti	O
Xipéhuz	B-PER
,	O
emporté	O
je	O
pense	O
par	O
son	O
ardeur	O
chasseresse	O
,	O
passa	O
assez	O
près	O
de	O
moi	O
en	O
poursuivant	O
une	O
belle	O
gazelle	O
.	O

Je	O
lançai	O
précipitamment	O
quelques	O
ﬂèches	O
,	O
sans	O
aucun	O
effet	O
apparent	O
,	O
et	O
le	O
parti	O
se	O
dispersa	O
,	O
moi	O
les	O
pourchassant	O
et	O
dépensant	O
mes	O
munitions	O
.	O

Je	O
n	O
'	O
eus	O
pas	O
plutôt	O
tiré	O
la	O
dernière	O
ﬂèche	O
que	O
tous	O
revinrent	O
à	O
grande	O
vitesse	O
,	O
de	O
différents	O
côtés	O
,	O
me	O
cer	O
-	O
nèrent	O
aux	O
trois	O
quarts	O
,	O
et	O
j	O
'	O
aurais	O
perdu	O
l	O
'	O
existence	O
sans	O
la	O
prodigieuse	O
vélocité	O
du	O
vaillant	O
Kouath	B-PER
.	O

Cette	O
aventure	O
me	O
laissa	O
plein	O
d	O
'	O
incertitudes	O
et	O
d	O
'	O
espérances	O
;	O
je	O
passai	O
toute	O
la	O
semaine	O
inerte	O
,	O
perdu	O
dans	O
le	O
vague	O
et	O
la	O
profondeur	O
de	O
mes	O
méditations	O
,	O
dans	O
un	O
problème	O
excessivement	O
passionnant	O
,	O
subtil	O
,	O
propre	O
à	O
faire	O
fuir	O
le	O
sommeil	O
,	O
et	O
qui	O
,	O
tout	O
à	O
la	O
fois	O
,	O
m	O
'	O
emplissait	O
de	O
souffrance	O
et	O
de	O
plaisir	O
.	O

Pourquoi	O
les	B-PER
Xipé	I-PER
-	O
huz	O
craignaient	O
-	O
ils	O
mes	O
ﬂèches	O
?	O

Pourquoi	O
d	O
'	O
autre	O
part	O
,	O
dans	O
le	O
grand	O
nombre	O
de	O
projectiles	O
dont	O
j	O
'	O
avais	O
atteint	O
ceux	O
de	O
la	O
chasse	O
,	O
aucun	O
n	O
'	O
avait	O
-	O
il	O
produit	O
d	O
'	O
effet	O
?	O

Ce	O
que	O
je	O
savais	O
de	O
l	O
'	O
intelligence	O
de	O
mes	O
ennemis	O
ne	O
permettait	O
pas	O
l	O
'	O
hypothèse	O
d	O
'	O
une	O
terreur	O
sans	O
cause	O
.	O

Tout	O
,	O
au	O
contraire	O
,	O
me	O
forçait	O
à	O
supposer	O
que	O
la	O
ﬂèche	O
,	O
lancée	O
dans	O
des	O
conditions	O
particulières	O
,	O
devait	O
être	O
contre	O
eux	O
une	O
arme	O
redoutable	O
.	O

Mais	O
quelles	O
étaient	O
ces	O
conditions	O
?	O

Quel	O
était	O
le	O
point	O
vulnérable	O
des	B-PER
Xi	I-PER
-	O
péhuz	O
?	O

Et	O
brusquement	O
la	O
pensée	O
me	O
vint	O
que	O
c	O
'	O
était	O
l	O
'	O
étoile	O
qu	O
'	O
il	O
fallait	O
atteindre	O
.	O

Une	O
minute	O
j	O
'	O
en	O
eus	O
la	O
certitude	O
,	O
une	O
certitude	O
passionnée	O
,	O
aveugle	O
.	O

Puis	O
le	O
doute	O
me	O
saisit	O
.	O

De	O
la	O
fronde	O
,	O
plusieurs	O
fois	O
,	O
n	O
'	O
avais	O
-	O
je	O
pas	O
visé	O
,	O
touché	O
ce	O
but	O
?	O

Pourquoi	O
la	O
ﬂèche	O
serait	O
-	O
elle	O
plus	O
heureuse	O
que	O
la	O
pierre	O
?	O
...	O

Or	O
,	O
c	O
'	O
était	O
la	O
nuit	O
,	O
l	O
'	O
incommensurable	O
abîme	O
,	O
ses	O
lampes	O
merveilleuses	O
épandues	O
par	O
-	O
dessus	O
la	O
terre	O
.	O

Et	O
moi	O
,	O
la	O
tête	O
dans	O
les	O
mains	O
,	O
je	O
rêvais	O
,	O
le	O
coeur	O
plus	O
ténébreux	O
que	O
la	O
nuit	O
.	O

Un	O
lion	O
se	O
mit	O
à	O
rugir	O
,	O
des	O
chacals	O
passèrent	O
dans	O
la	O
plaine	O
,	O
et	O
de	O
nouveau	O
la	O
petite	O
lumière	O
d	O
'	O
espérance	O
m	O
'	O
éclaira	O
.	O

Je	O
venais	O
de	O
penser	O
que	O
le	O
caillou	O
de	O
la	O
fronde	O
était	O
relativement	O
gros	O
et	O
l	O
'	O
étoile	O
des	B-LOC
Xipéhuz	I-LOC
si	O
minuscule	O
!	O

Peut	O
-	O
être	O
,	O
pour	O
agir	O
,	O
fallait	O
-	O
il	O
aller	O
profond	O
,	O
percer	O
d	O
'	O
une	O
pointe	O
aiguë	O
,	O
et	O
alors	O
leur	O
terreur	O
devant	O
la	O
ﬂèche	O
s	O
'	O
expliquait	O
!	O

Cependant	O
Wéga	B-PER
tournait	O
lentement	O
sur	O
le	O
pôle	O
,	O
l	O
'	O
aube	O
était	O
proche	O
,	O
et	O
la	O
lassitude	O
,	O
pour	O
quelques	O
heures	O
,	O
endormit	O
dans	O
mon	O
crâne	O
le	O
monde	O
de	O
l	O
'	O
esprit	O
.	O

Les	O
jours	O
suivants	O
,	O
armé	O
de	O
l	O
'	O
arc	O
,	O
je	O
fus	O
constamment	O
à	O
la	O
poursuite	O
des	B-PER
Xipéhuz	I-PER
,	O
aussi	O
loin	O
dans	O
leur	O
enceinte	O
que	O
la	O
sagesse	O
le	O
permettait	O
.	O

Mais	O
tous	O
évitèrent	O
mon	O
attaque	O
,	O
se	O
tenant	O
au	O
loin	O
,	O
hors	O
de	O
portée	O
.	O

Il	O
ne	O
fallait	O
pas	O
songer	O
à	O
se	O
mettre	O
en	O
embuscade	O
,	O
leur	O
mode	O
de	O
perception	O
leur	O
permettant	O
de	O
constater	O
ma	O
présence	O
à	O
travers	O
les	O
obstacles	O
.	O

Vers	O
la	O
ﬁn	O
du	O
cinquième	O
jour	O
,	O
il	O
se	O
produisit	O
un	O
événement	O
qui	O
,	O
à	O
lui	O
seul	O
,	O
prouverait	O
que	O
les	B-PER
Xipéhuz	I-PER
sont	O
des	O
êtres	O
faillibles	O
à	O
la	O
fois	O
et	O
perfectibles	O
comme	O
l	O
'	O
homme	O
.	O

Ce	O
soir	O
-	O
là	O
,	O
au	O
crépuscule	O
,	O
un	B-PER
Xipéhuz	I-PER
s	O
'	O
approcha	O
délibérément	O
de	O
moi	O
,	O
avec	O
cette	O
vitesse	O
constamment	O
accélérée	O
qu	O
'	O
ils	O
affectionnent	O
pour	O
l	O
'	O
attaque	O
.	O

Surpris	O
,	O
le	O
coeur	O
palpitant	O
,	O
je	O
bandai	O
mon	O
arc	O
.	O

Lui	O
,	O
s	O
'	O
avançant	O
toujours	O
,	O
pareil	O
à	O
une	O
colonne	O
de	O
turquoise	O
dans	O
le	O
soir	O
naissant	O
,	O
arrivait	O
presque	O
à	O
portée	O
.	O

Puis	O
,	O
comme	O
je	O
m	O
'	O
apprêtais	O
à	O
lancer	O
ma	O
ﬂèche	O
,	O
je	O
le	O
vis	O
,	O
avec	O
stupéfaction	O
,	O
se	O
retourner	O
,	O
cacher	O
son	O
étoile	O
,	O
sans	O
cesser	O
de	O
progresser	O
vers	O
moi	O
.	O

Je	O
n	O
'	O
eus	O
que	O
le	O
temps	O
de	O
mettre	O
Kouath	B-PER
au	O
galop	O
,	O
de	O
me	O
dérober	O
à	O
l	O
'	O
atteinte	O
de	O
ce	O
redoutable	O
adversaire	O
.	O

Or	O
,	O
cette	O
simple	O
manoeuvre	O
,	O
à	O
laquelle	O
aucun	O
Xipéhuz	B-PER
n	O
'	O
avait	O
paru	O
songer	O
auparavant	O
,	O
outre	O
qu	O
'	O
elle	O
démontrait	O
,	O
une	O
fois	O
de	O
plus	O
,	O
l	O
'	O
invention	O
personnelle	O
,	O
l	O
'	O
individualité	O
chez	O
l	O
'	O
ennemi	O
,	O
suggérait	O
deux	O
idées	O
:	O
la	O
première	O
,	O
c	O
'	O
est	O
que	O
j	O
'	O
avais	O
chance	O
d	O
'	O
avoir	O
raisonné	O
juste	O
relativement	O
à	O
la	O
vulnérabilité	O
de	O
l	O
'	O
étoile	O
xipéhuze	O
;	O
la	O
seconde	O
,	O
moins	O
encourageante	O
,	O
c	O
'	O
est	O
que	O
la	O
même	O
tactique	O
,	O
si	O
elle	O
était	O
adoptée	O
par	O
tous	O
,	O
allait	O
rendre	O
ma	O
tâche	O
extraordinairement	O
ardue	O
,	O
peut	O
-	O
être	O
impossible	O
.	O

Cependant	O
,	O
après	O
avoir	O
tant	O
fait	O
que	O
d	O
?	O
arriver	O
à	O
connaître	O
la	O
vérité	O
,	O
je	O
sentis	O
grandir	O
mon	O
courage	O
devant	O
l	O
?	O
obstacle	O
et	O
j	O
?	O
osai	O
espérer	O
de	O
mon	O
esprit	O
la	O
subtilité	O
nécessaire	O
pour	O
le	O
renverser	O
3	O
.	O

VI	O
.	O

Seconde	O
période	O
du	O
livre	O
de	O
Bakhoûn	B-PER

Je	O
retournai	O
dans	O
ma	O
solitude	O
.	O

Anakhre	B-PER
,	O
troisième	O
ﬁls	O
de	O
ma	O
femme	O
Tepai	B-PER
,	O
était	O
un	O
puissant	O
constructeur	O
d	O
'	O
armes	O
.	O

Je	O
lui	O
ordonnai	O
de	O
tailler	O
un	O
arc	O
de	O
portée	O
extraordinaire	O
.	O

Il	O
prit	O
une	O
branche	O
de	O
l	O
'	O
arbre	O
Waham	B-PER
,	O
dure	O
comme	O
le	O
fer	O
,	O
et	O
l	O
'	O
arc	O
qu	O
'	O
il	O
en	O
tira	O
était	O
quatre	O
fois	O
plus	O
puissant	O
que	O
celui	O
du	B-PER
pasteur	I-PER
Zankann	I-PER
,	O
le	O
plus	O
fort	O
archer	O
des	O
mille	O
tribus	O
.	O

Nul	O
homme	O
vivant	O
n	O
'	O
aurait	O
pu	O
le	O
tendre	O
.	O

Mais	O
j	O
'	O
avais	O
imaginé	O
un	O
artiﬁce	O
et	O
Anakhre	B-PER
ayant	O
travaillé	O
selon	O
ma	O
pensée	O
,	O
il	O
se	O
trouva	O
que	O
l	O
'	O
arc	O
immense	O
pouvait	O
être	O
tendu	O
et	O
détendu	O
par	O
une	O
femme	O
.	O

Or	O
,	O
j	O
'	O
avais	O
toujours	O
été	O
expert	O
à	O
lancer	O
le	O
dard	O
et	O
la	O
ﬂèche	O
,	O
et	O
en	O
quelques	O
jours	O
j	O
'	O
appris	O
à	O
connaître	O
si	O
parfaitement	O
l	O
'	O
arme	O
construite	O
par	O
mon	O
ﬁs	B-PER
Anakhre	B-PER
que	O
je	O
ne	O
manquais	O
aucun	O
but	O
,	O
fût	O
-	O
il	O
menu	O
comme	O
la	O
mouche	O
ou	O
se	O
déplaçât	O
-	O
il	O
aussi	O
vite	O
que	O
le	O
faucon	O
.	O

Tout	O
cela	O
fait	O
,	O
je	O
retournai	O
vers	O
Kzour	B-PER
,	O
monté	O
sur	O
Kouath	B-PER
aux	O
yeux	O
de	O
ﬂamme	O
,	O
et	O
je	O
recommençai	O
à	O
rôder	O
autour	O
des	O
ennemis	O
de	O
l	O
'	O
homme	O
.	O

Pour	O
leur	O
inspirer	O
conﬁance	O
,	O
je	O
tirai	O
beaucoup	O
de	O
ﬂèches	O
avec	O
mon	O
arc	O
habituel	O
,	O
chaque	O
fois	O
qu	O
'	O
un	O
de	O
leurs	O
partis	O
approchait	O
de	O
la	O
frontière	O
,	O
et	O
mes	O
ﬂèches	O
tombaient	O
beaucoup	O
en	O
deçà	O
d	O
'	O
eux	O
.	O

Ils	O
apprirent	O
ainsi	O
à	O
connaître	O
la	O
portée	O
exacte	O
de	O
l	O
'	O
arme	O
,	O
et	O
par	O
là	O
à	O
se	O
croire	O
absolument	O
hors	O
de	O
péril	O
à	O
des	O
distances	O
ﬁxes	O
.	O

Pourtant	O
,	O
une	O
déﬁance	O
leur	O
restait	O
,	O
qui	O
les	O
rendait	O
mobiles	O
,	O
capricieux	O
,	O
tant	O
qu	O
'	O
ils	O
n	O
'	O
étaient	O
pas	O
sous	O
le	O
couvert	O
de	O
la	O
forêt	O
,	O
et	O
leur	O
faisait	O
dérober	O
leurs	O
étoiles	O
à	O
ma	O
vue	O
.	O
À	O
force	O
de	O
patience	O
,	O
je	O
lassai	O
leur	O
inquiétude	O
,	O
et	O
,	O
au	O
sixième	O
matin	O
,	O
une	O
troupe	O
vint	O
se	O
poster	O
en	O
face	O
de	O
moi	O
,	O
sous	O
un	O
grand	O
arbre	O
à	O
châtaignes	O
à	O
trois	O
portées	O
d	O
'	O
arc	O
communes	O
.	O
3	O

Aux	O
chapitres	O
suivants	O
,	O
où	O
le	O
mode	O
est	O
généralement	O
narratif	O
,	O
je	O
serre	O
de	O
près	O
la	O
traduction	O
littérale	O
de	O
M.	B-PER
Dessault	I-PER
,	O
sans	O
pourtant	O
m	O
'	O
astreindre	O
à	O
la	O
fatigante	O
division	O
en	O
verset	O
,	O
ni	O
aux	O
répétitions	O
inutiles	O
.	O

Tout	O
de	O
suite	O
j	O
'	O
envoyai	O
une	O
nuée	O
de	O
ﬂèches	O
inutiles	O
.	O

Alors	O
,	O
leur	O
vigilance	O
s	O
'	O
endormit	O
de	O
plus	O
en	O
plus	O
et	O
leurs	O
allures	O
devinrent	O
aussi	O
libres	O
qu	O
'	O
aux	O
premiers	O
temps	O
de	O
mon	O
séjour	O
.	O

C	O
'	O
était	O
l	O
'	O
heure	O
décisive	O
.	O

Ma	O
poitrine	O
grondait	O
tellement	O
que	O
,	O
d	O
'	O
abord	O
,	O
je	O
me	O
sentis	O
sans	O
force	O
.	O

J	O
'	O
attendis	O
,	O
car	O
d	O
'	O
une	O
seule	O
ﬂèche	O
dépendait	O
le	O
formidable	O
avenir	O
.	O

Si	O
celle	O
-	O
là	O
faillait	O
d	O
'	O
aller	O
au	O
but	O
marqué	O
,	O
plus	O
jamais	O
peut	O
-	O
être	O
les	B-PER
Xipéhuz	I-PER
ne	O
se	O
prêteraient	O
à	O
mon	O
expérimentation	O
,	O
et	O
alors	O
comment	O
savoir	O
s	O
'	O
ils	O
sont	O
accessibles	O
aux	O
coups	O
de	O
l	O
'	O
homme	O
?	O

Cependant	O
,	O
peu	O
à	O
peu	O
ma	O
volonté	O
triompha	O
,	O
ﬁt	O
taire	O
la	O
poitrine	O
,	O
ﬁt	O
souples	O
et	O
forts	O
les	O
membres	O
et	O
tranquille	O
la	O
prunelle	O
.	O

Alors	O
,	O
lent	O
,	O
je	O
levai	O
l	B-LOC
'	I-LOC
arc	I-LOC
d	I-LOC
'	I-LOC
Anakhre	I-LOC
.	O

Là	O
-	O
bas	O
,	O
au	O
loin	O
,	O
un	O
grand	O
cône	O
d	O
'	O
émeraude	O
se	O
tenait	O
immobile	O
dans	O
l	O
'	O
ombre	O
de	O
l	O
'	O
arbre	O
;	O
son	O
étoile	O
éclatante	O
se	O
tournait	O
vers	O
moi	O
.	O

L	O
'	O
arc	O
énorme	O
se	O
tendit	O
;	O
dans	O
l	O
'	O
espace	O
,	O
sifﬂante	O
,	O
partit	O
la	O
ﬂèche	O
...	O

et	O
le	B-LOC
Xipéhuz	I-LOC
,	O
atteint	O
,	O
tomba	O
,	O
se	O
condensa	O
,	O
se	O
pétriﬁa	O
.	O

Le	O
cri	O
sonore	O
du	O
triomphe	O
jaillit	O
de	O
ma	O
poitrine	O
.	O

Étendant	O
les	O
bras	O
,	O
dans	O
l	O
'	O
extase	O
,	O
je	O
remerciai	O
l	B-PER
'	I-PER
Unique	I-PER
.	O

Ainsi	O
donc	O
,	O
ils	O
étaient	O
vulnérables	O
à	O
l	O
'	O
arme	O
humaine	O
,	O
ces	O
épouvantables	O
Xipé	B-PER
-	O
huz	O
!	O

On	O
pouvait	O
espérer	O
les	O
détruire	O
!	O

Maintenant	O
,	O
sans	O
crainte	O
,	O
je	O
laissai	O
gronder	O
ma	O
poitrine	O
,	O
je	O
laissai	O
battre	O
la	O
musique	O
d	O
'	O
allégresse	O
,	O
moi	O
qui	O
avais	O
tant	O
désespéré	O
du	O
futur	O
de	O
ma	O
race	O
,	O
moi	O
qui	O
,	O
sous	O
la	O
course	O
des	O
constellations	O
,	O
sous	O
le	O
cristal	O
bleu	O
de	O
l	O
'	O
abîme	O
,	O
avais	O
si	O
souvent	O
calculé	O
qu	O
'	O
en	O
deux	O
siècles	O
le	O
vaste	O
monde	O
aurait	O
senti	O
craquer	O
ses	O
limites	O
devant	O
l	O
'	O
invasion	O
xipéhuze	O
.	O

Et	O
pourtant	O
,	O
quand	O
elle	O
revint	O
,	O
la	O
Nuit	O
aimée	O
,	O
la	O
Nuit	O
pensive	O
,	O
une	O
ombre	O
tomba	O
sur	O
ma	O
béatitude	O
,	O
le	O
chagrin	O
que	O
l	O
'	O
homme	O
et	O
le	B-LOC
Xipéhuz	I-LOC
ne	O
pussent	O
pas	O
coexister	O
,	O
que	O
l	O
'	O
anéantissement	O
de	O
l	O
'	O
un	O
dût	O
être	O
la	O
farouche	O
condition	O
de	O
la	O
vie	O
de	O
l	O
'	O
autre	O
.	O

VII	O
.	O

Troisième	O
période	O
du	O
livre	O
de	O
Bakhoûn	B-PER

Les	O
prêtres	O
,	O
les	O
vieillards	O
et	O
les	O
chefs	O
ont	O
,	O
dans	O
l	O
'	O
émerveillement	O
,	O
écouté	O
mon	O
récit	O
;	O
jusqu	O
'	O
au	O
fond	O
des	O
solitudes	O
les	O
coureurs	O
sont	O
allés	O
répéter	O
la	O
bonne	O
nouvelle	O
.	O

Le	O
grand	O
Conseil	O
a	O
ordonné	O
aux	O
guerriers	O
de	O
se	O
réunir	O
à	O
la	O
sixième	O
lune	O
de	O
l	O
'	O
an	O
22	O
649	O
,	O
dans	O
la	B-LOC
plaine	I-LOC
de	I-LOC
Mehour	I-LOC
-	I-LOC
Asar	I-LOC
,	O
et	O
les	O
prophètes	O
ont	O
prêché	O
la	O
guerre	O
sacrée	O
.	O

Plus	O
de	O
cent	O
mille	O
guerriers	O
Zahelals	B-PER
sont	O
accourus	O
;	O
un	O
grand	O
nombre	O
de	O
combattants	O
des	O
races	O
étrangères	O
,	O
Dzoums	B-PER
,	O
Sahrs	B-PER
,	O
Khaldes	B-PER
,	O
attirés	O
par	O
la	O
renommée	O
,	O
sont	O
venus	O
s	O
'	O
offrir	O
à	O
la	O
grande	O
nation	O
.	O

Kzour	B-PER
a	O
été	O
cerné	O
d	O
'	O
un	O
décuple	O
rang	O
d	O
'	O
archers	O
,	O
mais	O
les	O
ﬂèches	O
ont	O
toutes	O
échoué	O
devant	O
la	O
tactique	O
xipéhuze	O
,	O
et	O
des	O
guerriers	O
imprudents	O
,	O
en	O
grand	O
nombre	O
,	O
ont	O
péri	O
.	O

Alors	O
,	O
pendant	O
plusieurs	O
semaines	O
,	O
une	O
grande	O
terreur	O
a	O
prévalu	O
parmi	O
les	O
hommes	O
...	O

Le	O
troisième	O
jour	O
de	O
la	O
huitième	O
lune	O
,	O
armé	O
d	O
'	O
un	O
couteau	O
à	O
pointe	O
ﬁne	O
,	O
j	O
'	O
ai	O
annoncé	O
aux	O
peuples	O
innombrables	O
que	O
j	O
'	O
allais	O
seul	O
combattre	O
les	B-PER
Xipéhuz	I-PER
dans	O
l	O
'	O
espérance	O
de	O
détruire	O
la	O
déﬁance	O
qui	O
commençait	O
à	O
naître	O
contre	O
la	O
vérité	O
de	O
mon	O
récit	O
.	O

Mes	O
ﬁls	O
Loûm	B-PER
,	O
Demja	B-PER
,	O
Anakhre	B-PER
,	O
se	O
sont	O
violemment	O
opposés	O
à	O
mon	O
projet	O
et	O
ont	O
voulu	O
prendre	O
ma	O
place	O
.	O

Et	O
Loûm	B-PER
a	O
dit	O
:	O
«	O
Tu	O
ne	O
peux	O
pas	O
y	O
aller	O
,	O
car	O
,	O
toi	O
mort	O
,	O
tous	O
croiraient	O
les	B-PER
Xipéhuz	I-PER
invulnérables	O
,	O
et	O
la	O
race	O
humaine	O
périrait	O
.	O
»	O

Demja	B-PER
,	O
Anakhre	B-PER
et	O
beaucoup	O
de	O
chefs	O
ayant	O
prononcé	O
les	O
mêmes	O
paroles	O
,	O
j	O
'	O
ai	O
trouvé	O
ces	O
raisons	O
justes	O
et	O
je	O
me	O
suis	O
retiré	O
.	O

Alors	O
,	O
Loûm	B-PER
,	O
s	O
'	O
étant	O
emparé	O
de	O
mon	O
couteau	O
à	O
manche	O
de	O
corne	O
,	O
a	O
passé	O
la	O
frontière	O
mortelle	O
et	O
les	B-PER
Xipéhuz	I-PER
sont	O
accourus	O
.	O

L	O
'	O
un	O
d	O
'	O
eux	O
,	O
beaucoup	O
plus	O
rapide	O
que	O
les	O
autres	O
,	O
allait	O
l	O
'	O
atteindre	O
,	O
mais	O
Loûm	B-PER
,	O
plus	O
subtil	O
que	O
le	O
léopard	O
,	O
s	O
'	O
écarta	O
,	O
tourna	O
le	B-LOC
Xipéhuz	I-LOC
,	O
puis	O
d	O
'	O
un	O
bond	O
géant	O
,	O
rejoignit	O
,	O
darda	O
la	O
pointe	O
aiguë	O
.	O

Les	O
peuples	O
immobiles	O
virent	O
crouler	O
,	O
se	O
condenser	O
,	O
se	O
pétriﬁer	O
l	O
'	O
adversaire	O
.	O

Cent	O
mille	O
voix	O
montèrent	O
dans	O
le	O
matin	O
bleu	O
,	O
et	O
déjà	O
Loûm	B-PER
revenait	O
,	O
franchissait	O
la	O
frontière	O
.	O

Son	O
nom	O
glorieux	O
circulait	O
à	O
travers	O
les	O
armées	O
.	O

=2	O
.	O

Première	O
bataille	O

L	O
'	O
an	O
du	O
monde	O
22	O
649	O
,	O
le	O
septième	O
jour	O
de	O
la	O
huitième	O
lune	O
.	O

À	O
l	O
'	O
aube	O
,	O
les	O
cors	O
ont	O
sonné	O
;	O
les	O
lourds	O
marteaux	O
ont	O
frappé	O
les	O
cloches	O
d	O
'	O
airain	O
pour	O
la	O
grande	O
bataille	O
.	O

Cent	O
bufﬂes	O
noirs	O
,	O
deux	O
cents	O
étalons	O
ont	O
été	O
immolés	O
par	O
les	O
prêtres	O
,	O
et	O
mes	O
cinquante	O
ﬁls	O
ont	O
avec	O
moi	O
prié	O
l	B-PER
'	I-PER
Unique	I-PER
.	O

La	O
planète	O
du	O
soleil	O
s	O
'	O
est	O
engloutie	O
dans	O
l	O
'	O
aurore	O
rouge	O
,	O
les	O
chefs	O
ont	O
galopé	O
au	O
front	O
des	O
armées	O
,	O
la	O
clameur	O
de	O
l	O
'	O
attaque	O
s	O
'	O
est	O
élargie	O
avec	O
la	O
course	O
impétueuse	O
de	O
cent	O
mille	O
combattants	O
.	O

La	B-PER
tribu	I-PER
de	I-PER
Nazzum	I-PER
a	O
,	O
la	O
première	O
,	O
abordé	O
l	O
'	O
ennemi	O
et	O
le	O
combat	O
a	O
été	O
formidable	O
.	O

Impuissants	O
d	O
'	O
abord	O
,	O
fauchés	O
par	O
les	O
coups	O
mystérieux	O
,	O
bientôt	O
les	O
guerriers	O
ont	O
connu	O
l	O
'	O
art	O
de	O
frapper	O
les	B-PER
Xipéhuz	I-PER
et	O
de	O
les	O
anéantir	O
.	O

Alors	O
,	O
toutes	O
les	O
nations	O
,	O
Zahelals	B-PER
,	O
Dzoums	B-PER
,	O
Sahrs	B-PER
,	O
Khaldes	B-PER
,	O
Xisoastres	B-PER
,	O
Pjarvanns	B-PER
,	O
grondantes	O
comme	O
les	O
océans	O
,	O
ont	O
envahi	O
la	O
plaine	O
et	O
la	O
forêt	O
,	O
partout	O
cerné	O
les	O
silencieux	O
adversaires	O
.	O

Pendant	O
longtemps	O
la	O
bataille	O
a	O
été	O
un	O
chaos	O
;	O
les	O
messagers	O
venaient	O
continuellement	O
apprendre	O
aux	O
prêtres	O
que	O
les	O
hommes	O
périssaient	O
par	O
centaines	O
,	O
mais	O
que	O
leur	O
mort	O
était	O
vengée	O
.	O

À	O
l	O
'	O
heure	O
brûlante	O
,	O
mon	O
ﬁls	O
Sourdar	B-PER
aux	O
pieds	O
agiles	O
,	O
dépêché	O
par	O
Loûm	B-PER
,	O
est	O
venu	O
me	O
dire	O
que	O
,	O
pour	O
chaque	O
Xipéhuz	B-PER
anéanti	O
,	O
il	O
périssait	O
douze	O
des	O
nôtres	O
.	O

J	O
'	O
ai	O
eu	O
l	O
'	O
âme	O
noire	O
et	O
le	O
coeur	O
sans	O
force	O
,	O
puis	O
mes	O
lèvres	O
ont	O
murmuré	O
:	O
-	O
Qu	O
'	O
il	O
en	O
soit	O
comme	O
le	O
veut	O
le	O
seul	O
Père	B-PER
!	O

Et	O
m	O
'	O
étant	O
rappelé	O
le	O
dénombrement	O
des	O
guerriers	O
,	O
qui	O
donnait	O
le	O
chiffre	O
de	O
cent	O
et	O
quarante	O
mille	O
;	O
sachant	O
que	O
les	B-PER
Xipéhuz	I-PER
s	O
'	O
élevaient	O
à	O
quatre	O
mille	O
environ	O
,	O
je	O
pensai	O
que	O
plus	O
du	O
tiers	O
de	O
la	O
vaste	O
armée	O
périrait	O
,	O
mais	O
que	O
la	O
terre	O
serait	O
à	O
l	O
'	O
homme	O
.	O

Or	O
,	O
il	O
aurait	O
pu	O
se	O
faire	O
que	O
l	O
'	O
armée	O
n	O
'	O
y	O
suffît	O
pas	O
:	O
-	O
C	O
'	O
est	O
donc	O
une	O
victoire	O
!	O

murmurai	O
-	O
je	O
tristement	O
.	O

Mais	O
comme	O
je	O
songeais	O
à	O
ces	O
choses	O
,	O
voilà	O
que	O
la	O
clameur	O
de	O
la	O
bataille	O
ﬁt	O
trembler	O
plus	O
fort	O
la	O
forêt	O
,	O
puis	O
,	O
en	O
grandes	O
masses	O
,	O
les	O
guerriers	O
reparurent	O
et	O
tous	O
,	O
avec	O
des	O
cris	O
de	O
détresse	O
,	O
s	O
'	O
enfuyaient	O
vers	O
la	B-LOC
frontière	I-LOC
de	I-LOC
Salut	I-LOC
.	O

Alors	O
je	O
vis	O
les	B-PER
Xipéhuz	I-PER
déboucher	O
à	O
l	B-LOC
'	I-LOC
Orée	I-LOC
,	O
non	O
plus	O
séparés	O
les	O
uns	O
des	O
autres	O
,	O
comme	O
au	O
matin	O
,	O
mais	O
unis	O
par	O
vingtaines	O
,	O
circulairement	O
,	O
leurs	O
feux	O
tournés	O
à	O
l	O
'	O
intérieur	O
des	O
groupes	O
.	O

Dans	O
cette	O
position	O
,	O
invulnérables	O
,	O
ils	O
avançaient	O
sur	O
nos	O
guerriers	O
impuissants	O
,	O
et	O
les	O
massacraient	O
épouvantablement	O
.	O

C	O
'	O
était	O
la	O
débâcle	O
.	O

Les	O
plus	O
hardis	O
combattants	O
ne	O
songeaient	O
qu	O
'	O
à	O
la	O
fuite	O
.	O

Pourtant	O
,	O
malgré	O
le	O
deuil	O
qui	O
s	O
'	O
élargissait	O
sur	O
mon	O
âme	O
,	O
j	O
'	O
observai	O
patiemment	O
les	O
péripéties	O
fatales	O
,	O
dans	O
l	O
'	O
espoir	O
de	O
trouver	O
quelque	O
remède	O
au	O
fond	O
même	O
de	O
l	O
'	O
infortune	O
,	O
car	O
souvent	O
le	O
venin	O
et	O
l	O
'	O
antidote	O
habitent	O
côte	O
à	O
côte	O
.	O

De	O
cette	O
conﬁance	O
dans	O
la	O
réﬂexion	O
,	O
le	O
destin	O
me	O
récompensa	O
par	O
deux	O
découvertes	O
.	O

Je	O
remarquai	O
,	O
premièrement	O
,	O
aux	O
places	O
où	O
nos	O
tribus	O
étaient	O
en	O
grandes	O
multitudes	O
et	O
les	B-MISC
Xipéhuz	I-MISC
en	O
petit	O
nombre	O
,	O
que	O
la	O
tuerie	O
,	O
d	O
'	O
abord	O
incalculable	O
,	O
se	O
ralentissait	O
à	O
mesure	O
,	O
que	O
les	O
coups	O
de	O
l	O
'	O
ennemi	O
portaient	O
de	O
moins	O
en	O
moins	O
,	O
beaucoup	O
de	O
frappés	O
se	O
relevant	O
après	O
un	O
bref	O
étourdissement	O
.	O

Les	O
plus	O
robustes	O
ﬁnissaient	O
même	O
par	O
résister	O
complètement	O
au	O
choc	O
,	O
continuant	O
à	O
fuir	O
après	O
des	O
atteintes	O
répétées	O
.	O

Le	O
même	O
phénomène	O
se	O
renouvelant	O
en	O
divers	O
points	O
du	O
champ	O
de	O
bataille	O
,	O
j	O
'	O
osai	O
conclure	O
que	O
les	B-PER
Xipéhuz	I-PER
se	O
fatiguaient	O
,	O
que	O
leur	O
puissance	O
de	O
destruction	O
ne	O
dépassait	O
pas	O
une	O
certaine	O
limite	O
.	O

La	O
seconde	O
remarque	O
,	O
qui	O
complétait	O
heureusement	O
la	O
première	O
,	O
me	O
fut	O
fournie	O
par	O
un	O
groupe	O
de	O
Khaldes	B-PER
.	O

Ces	O
pauvres	O
gens	O
,	O
entourés	O
de	O
tous	O
côtés	O
par	O
l	O
'	O
ennemi	O
,	O
perdant	O
conﬁance	O
dans	O
leurs	O
courts	O
couteaux	O
,	O
arrachèrent	O
des	O
arbustes	O
et	O
s	O
'	O
en	O
ﬁrent	O
des	O
massues	O
à	O
l	O
'	O
aide	O
desquelles	O
ils	O
essayèrent	O
de	O
se	O
frayer	O
un	O
passage	O
.	O

À	O
ma	O
grande	O
surprise	O
,	O
leur	O
tentative	O
réussit	O
.	O

Je	O
vis	O
des	B-PER
Xipéhuz	I-PER
,	O
par	O
douzaines	O
,	O
perdre	O
l	O
'	O
équilibre	O
sous	O
les	O
coups	O
,	O
et	O
environ	O
la	O
moitié	O
des	B-PER
Khaldes	I-PER
s	O
'	O
échapper	O
par	O
la	O
trouée	O
ainsi	O
faite	O
,	O
mais	O
,	O
chose	O
singulière	O
,	O
ceux	O
qui	O
,	O
au	O
lieu	O
d	O
'	O
arbustes	O
,	O
se	O
servirent	O
d	O
'	O
instruments	O
d	O
'	O
airain	O
(	O
ainsi	O
qu	O
'	O
il	O
advint	O
à	O
quelques	O
chefs	O
)	O
,	O
ceux	O
-	O
là	O
se	O
tuèrent	O
eux	O
-	O
mêmes	O
en	O
frappant	O
l	O
'	O
ennemi	O
.	O

Il	O
faut	O
encore	O
remarquer	O
que	O
les	O
coups	O
de	O
massue	O
ne	O
ﬁrent	O
pas	O
de	O
mal	O
sensible	O
aux	B-PER
Xipéhuz	I-PER
,	O
car	O
ceux	O
qui	O
étaient	O
tombés	O
se	O
relevèrent	O
promptement	O
et	O
reprirent	O
la	O
poursuite	O
.	O

Je	O
n	O
'	O
en	O
considérai	O
pas	O
moins	O
ma	O
double	O
découverte	O
comme	O
d	O
'	O
une	O
extrême	O
importance	O
pour	O
les	O
luttes	O
futures	O
.	O

Cependant	O
,	O
la	O
débâcle	O
continuait	O
.	O

La	O
terre	O
retentissait	O
de	O
la	O
fuite	O
des	O
vaincus	O
;	O
avant	O
le	O
soir	O
,	O
il	O
ne	O
restait	O
plus	O
dans	O
les	O
limites	O
xipéhuzes	O
que	O
nos	O
morts	O
et	O
quelques	O
centaines	O
de	O
combattants	O
montés	O
aux	O
arbres	O
.	O

De	O
ces	O
derniers	O
,	O
le	O
sort	O
fut	O
terrible	O
,	O
car	O
les	B-PER
Xipéhuz	I-PER
les	O
brûlèrent	O
vivants	O
en	O
convergeant	O
mille	O
feux	O
dans	O
les	O
branchages	O
qui	O
les	O
abritaient	O
.	O

Leurs	O
cris	O
effroyables	O
retentirent	O
pendant	O
des	O
heures	O
sous	O
le	O
grand	O
ﬁrmament	O
.	O

=3	O
.	O

Bakhoûn	B-PER
élu	O

Le	O
lendemain	O
,	O
les	O
peuples	O
ﬁrent	O
le	O
dénombrement	O
des	O
survivants	O
.	O

Il	O
se	O
trouva	O
que	O
la	O
bataille	O
coûtait	O
neuf	O
mille	O
hommes	O
environ	O
;	O
une	O
évaluation	O
sage	O
porta	O
la	O
perte	O
des	B-PER
Xipéhuz	I-PER
à	O
six	O
cents	O
.	O

De	O
sorte	O
que	O
la	O
mort	O
de	O
chaque	O
ennemi	O
avait	O
coûté	O
quinze	O
existences	O
humaines	O
.	O

Le	O
désespoir	O
se	O
mit	O
dans	O
les	O
coeurs	O
,	O
beaucoup	O
criaient	O
contre	O
les	O
chefs	O
et	O
parlaient	O
d	O
'	O
abandonner	O
l	O
'	O
épouvantable	O
entreprise	O
.	O

Alors	O
,	O
sous	O
les	O
murmures	O
,	O
je	O
m	O
'	O
avançai	O
au	O
milieu	O
du	O
camp	O
et	O
je	O
me	O
mis	O
à	O
reprocher	O
hautement	O
aux	O
guerriers	O
la	O
pusillanimité	O
de	O
leurs	O
âmes	O
.	O

Je	O
leur	O
demandai	O
s	O
'	O
il	O
était	O
préférable	O
de	O
laisser	O
périr	O
tous	O
les	O
hommes	O
ou	O
d	O
'	O
en	O
sacriﬁer	O
une	O
partie	O
;	O
je	O
leur	O
démontrai	O
qu	O
'	O
en	O
dix	O
ans	O
la	B-LOC
contrée	I-LOC
Zahelale	I-LOC
serait	O
envahie	O
par	O
les	B-MISC
Formes	I-MISC
,	O
et	O
en	O
vingt	O
le	B-LOC
pays	I-LOC
des	I-LOC
Khaldes	I-LOC
,	O
des	B-MISC
Sahrs	I-MISC
,	O
des	B-MISC
Pjarvanns	I-MISC
et	O
des	B-MISC
Xisoastres	I-MISC
;	O
puis	O
,	O
ayant	O
ainsi	O
éveillé	O
leur	O
conscience	O
,	O
je	O
leur	O
ﬁs	O
reconnaître	O
que	O
déjà	O
un	O
sixième	O
du	O
redoutable	O
territoire	O
était	O
revenu	O
aux	O
hommes	O
,	O
que	O
par	O
trois	O
côtés	O
l	O
'	O
ennemi	O
était	O
refoulé	O
dans	O
la	O
forêt	O
.	O

Enﬁn	O
je	O
leur	O
com	O
-	O
muniquai	O
mes	O
observations	O
,	O
je	O
leur	O
ﬁs	O
comprendre	O
que	O
les	B-PER
Xipéhuz	I-PER
n	O
'	O
étaient	O
pas	O
infatigables	O
,	O
que	O
des	O
massues	O
de	O
bois	O
pouvaient	O
les	O
renverser	O
et	O
les	O
forcer	O
de	O
découvrir	O
leur	O
point	O
vulnérable	O
.	O

Un	O
grand	O
silence	O
régnait	O
sur	O
la	O
plaine	O
,	O
l	O
'	O
espoir	O
revenait	O
au	O
coeur	O
des	O
guerriers	O
innombrables	O
qui	O
m	O
'	O
écoutaient	O
.	O

Et	O
pour	O
augmenter	O
la	O
conﬁance	O
,	O
je	O
décrivis	O
des	O
appareils	O
de	O
bois	O
que	O
j	O
'	O
avais	O
imaginés	O
,	O
propres	O
à	O
la	O
fois	O
a	O
l	O
'	O
attaque	O
et	O
a	O
la	O
défense	O
.	O

L	O
'	O
enthousiasme	O
renaquit	O
,	O
les	O
peuples	O
applaudirent	O
ma	O
parole	O
et	O
les	O
chefs	O
mirent	O
leur	O
commandement	O
à	O
mes	O
pieds	O
.	O

=4	O
.	O

Métamorphoses	O
de	O
l	O
?	O

armement	O

Les	O
jours	O
suivants	O
,	O
je	O
ﬁs	O
abattre	O
un	O
grand	O
nombre	O
d	O
'	O
arbres	O
,	O
et	O
je	O
donnai	O
le	O
modèle	O
de	O
légères	O
barrières	O
portatives	O
dont	O
voici	O
la	O
description	O
sommaire	O
:	O
un	O
châssis	O
long	O
de	O
six	O
,	O
large	O
de	O
deux	O
coudées	O
,	O
relié	O
par	O
des	O
barreaux	O
à	O
un	O
châssis	O
intérieur	O
d	O
'	O
une	O
largeur	O
d	O
'	O
une	O
coudée	O
sur	O
une	O
longueur	O
de	O
cinq	O
.	O

Six	O
hommes	O
(	O
deux	O
porteurs	O
,	O
deux	O
guerriers	O
armés	O
de	O
grosses	O
lances	O
de	O
bois	O
obtuses	O
,	O
deux	O
autres	O
également	O
armés	O
de	O
lances	O
de	O
bois	O
,	O
mais	O
à	O
très	O
ﬁnes	O
pointes	O
métalliques	O
,	O
et	O
pourvus	O
,	O
en	O
outre	O
,	O
d	O
'	O
arcs	O
et	O
de	O
ﬂèches	O
)	O
pouvaient	O
y	O
tenir	O
à	O
l	O
'	O
aise	O
,	O
circuler	O
en	O
forêt	O
,	O
abrités	O
contre	O
le	O
choc	O
immédiat	O
des	B-PER
Xipéhuz	I-PER
.	O

Arrivés	O
à	O
portée	O
de	O
l	O
'	O
ennemi	O
,	O
les	O
guerriers	O
pourvus	O
de	O
lances	O
obtuses	O
devaient	O
frapper	O
,	O
renverser	O
,	O
forcer	O
l	O
'	O
ennemi	O
à	O
se	O
découvrir	O
,	O
et	O
les	O
archers	O
-	O
lanciers	O
devaient	O
viser	O
les	O
étoiles	O
,	O
soit	O
de	O
la	O
lance	O
,	O
soit	O
de	O
l	O
'	O
arc	O
,	O
suivant	O
l	O
'	O
éventualité	O
.	O

Comme	O
la	O
stature	O
moyenne	O
des	B-PER
Xipéhuz	I-PER
atteignait	O
un	O
peu	O
au	O
-	O
delà	O
d	O
'	O
une	O
coudée	O
et	O
demie	O
,	O
je	O
disposai	O
les	O
barrières	O
de	O
façon	O
que	O
le	O
châssis	O
extérieur	O
ne	O
dépassât	O
pas	O
,	O
pendant	O
la	O
marche	O
,	O
une	O
hauteur	O
au	O
-	O
dessus	O
du	O
sol	O
de	O
plus	O
d	O
'	O
une	O
coudée	O
et	O
un	O
quart	O
,	O
et	O
pour	O
cela	O
il	O
sufﬁsait	O
d	O
'	O
incliner	O
un	O
peu	O
les	O
supports	O
qui	O
le	O
reliaient	O
au	O
châssis	O
intérieur	O
porté	O
à	O
main	O
d	O
'	O
homme	O
.	O

Comme	O
d	O
'	O
ailleurs	O
les	B-PER
Xipéhuz	I-PER
ne	O
savent	O
pas	O
franchir	O
les	O
obstacles	O
abrupts	O
,	O
ni	O
progresser	O
autrement	O
que	O
debout	O
,	O
la	O
barrière	O
ainsi	O
conçue	O
était	O
sufﬁsante	O
pour	O
s	O
'	O
abriter	O
contre	O
leurs	O
attaques	O
immédiates	O
.	O

Assurément	O
,	O
ils	O
feraient	O
effort	O
pour	O
brûler	O
les	O
armes	O
nouvelles	O
,	O
et	O
en	O
plus	O
d	O
'	O
un	O
cas	O
ils	O
devaient	O
y	O
parvenir	O
,	O
mais	O
comme	O
leurs	O
feux	O
n	O
'	O
étaient	O
guère	O
efﬁcaces	O
hors	O
de	O
portée	O
de	O
ﬂèche	O
,	O
il	O
leur	O
faudrait	O
se	O
découvrir	O
pour	O
entreprendre	O
cette	O
calcination	O
.	O

En	O
outre	O
,	O
celle	O
-	O
ci	O
n	O
'	O
étant	O
pas	O
instantanée	O
,	O
on	O
pourrait	O
,	O
par	O
des	O
manoeuvres	O
de	O
déplacement	O
rapides	O
,	O
s	O
'	O
y	O
soustraire	O
en	O
grande	O
partie	O
.	O

=5	O
.	O

La	O
deuxième	O
bataille	O

L	O
'	O
an	O
du	O
monde	O
22	O
649	O
,	O
le	O
onzième	O
jour	O
de	O
la	O
huitième	O
lune	O
.	O

Ce	O
jour	O
a	O
été	O
livrée	O
la	O
seconde	O
bataille	O
contre	O
les	B-PER
Xipéhuz	I-PER
,	O
et	O
les	O
chefs	O
m	O
'	O
ont	O
remis	O
le	O
commandement	O
suprême	O
.	O

Alors	O
,	O
j	O
'	O
ai	O
divisé	O
les	O
peuples	O
en	O
trois	O
armées	O
.	O

Un	O
peu	O
avant	O
l	O
'	O
aurore	O
,	O
j	O
'	O
ai	O
lancé	O
contre	O
Kzour	B-PER
quarante	O
mille	O
guerriers	O
armés	O
selon	O
le	O
système	O
des	O
barrières	O
.	O

Cette	O
attaque	O
a	O
été	O
moins	O
confuse	O
que	O
celle	O
du	O
septième	O
jour	O
.	O

Les	O
tribus	O
sont	O
entrées	O
lentement	O
dans	O
la	O
forêt	O
,	O
par	O
petites	O
troupes	O
disposées	O
en	O
bon	O
ordre	O
,	O
et	O
la	O
rencontre	O
a	O
commencé	O
.	O

Elle	O
a	O
été	O
tout	O
à	O
l	O
'	O
avantage	O
des	O
hommes	O
pendant	O
la	O
première	O
heure	O
,	O
les	B-PER
Xipéhuz	I-PER
ayant	O
été	O
complètement	O
déroutés	O
par	O
la	O
tactique	O
nouvelle	O
;	O
plus	O
de	O
cent	O
des	O
Formes	B-MISC
ont	O
péri	O
,	O
à	O
peine	O
vengées	O
par	O
la	O
mort	O
d	O
'	O
une	O
dizaine	O
de	O
guerriers	O
.	O

Mais	O
,	O
la	O
surprise	O
passée	O
,	O
les	B-PER
Xipéhuz	I-PER
se	O
sont	O
appliqués	O
à	O
brûler	O
les	O
barrières	O
.	O

Ils	O
ont	O
pu	O
,	O
en	O
quelques	O
circonstances	O
,	O
y	O
parvenir	O
.	O

Une	O
manoeuvre	O
plus	O
dangereuse	O
fut	O
celle	O
adoptée	O
par	O
eux	O
vers	O
la	O
quatrième	O
heure	O
du	O
jour	O
:	O
proﬁtant	O
de	O
leur	O
vélocité	O
,	O
des	O
groupes	O
de	O
Xipéhuz	B-PER
,	O
serrés	O
les	O
uns	O
contre	O
les	O
autres	O
,	O
arrivaient	O
sur	O
les	O
barrières	O
,	O
réussissaient	O
à	O
les	O
renverser	O
.	O

Il	O
périt	O
,	O
de	O
cette	O
façon	O
,	O
un	O
très	O
grand	O
nombre	O
d	O
'	O
hommes	O
,	O
si	O
bien	O
que	O
l	O
'	O
ennemi	O
reprenant	O
l	O
'	O
avantage	O
,	O
une	O
partie	O
de	O
notre	O
armée	O
se	O
désespéra	O
.	O

Vers	O
la	O
cinquième	O
heure	O
,	O
les	B-MISC
tribus	I-MISC
Zahelales	I-MISC
de	I-MISC
Khemar	B-LOC
,	O
de	O
Djoh	B-LOC
et	O
une	O
partie	O
des	B-MISC
Xisoastres	I-MISC
et	O
des	B-MISC
Sahrs	I-MISC
commencèrent	O
la	O
déroute	O
.	O

Voulant	O
éviter	O
une	O
catastrophe	O
,	O
je	O
dépêchai	O
des	O
courriers	O
protégés	O
par	O
de	O
fortes	O
barrières	O
pour	O
annoncer	O
du	O
renfort	O
.	O

En	O
même	O
temps	O
,	O
je	O
disposai	O
la	O
seconde	O
armée	O
pour	O
l	O
'	O
attaque	O
;	O
mais	O
,	O
auparavant	O
,	O
je	O
donnai	O
des	O
instructions	O
nouvelles	O
:	O
c	O
'	O
est	O
que	O
les	O
barrières	O
devaient	O
se	O
maintenir	O
par	O
groupes	O
aussi	O
denses	O
que	O
le	O
permettait	O
la	O
circulation	O
en	O
forêt	O
,	O
et	O
se	O
disposer	O
en	O
carrés	O
compacts	O
dès	O
qu	O
'	O
approchait	O
une	O
troupe	O
un	O
peu	O
imposante	O
de	O
Xipéhuz	B-LOC
,	O
sans	O
pour	O
cela	O
abandonnez	O
:	O
l	O
'	O
offensive	O
.	O
Cela	O
dit	O
,	O
je	O
donnai	O
le	O
signal	O
;	O
en	O
peu	O
de	O
temps	O
,	O
j	O
'	O
eus	O
le	O
bonheur	O
de	O
voir	O
que	O
la	O
victoire	O
revenait	O
aux	O
peuples	O
coalisés	O
.	O

Enﬁn	O
,	O
vers	O
le	O
milieu	O
du	O
jour	O
,	O
un	O
dénombrement	O
approximatif	O
,	O
portant	O
le	O
nombre	O
des	O
pertes	O
de	O
notre	O
armée	O
à	O
deux	O
mille	O
hommes	O
et	O
celles	O
des	B-PER
Xipéhuz	I-PER
à	O
trois	O
cents	O
,	O
ﬁt	O
voir	O
d	O
'	O
une	O
façon	O
décisive	O
les	O
progrès	O
accomplis	O
,	O
et	O
remplit	O
toutes	O
les	O
âmes	O
de	O
conﬁance	O
.	O

Toutefois	O
,	O
la	O
proportion	O
varia	O
légèrement	O
à	O
notre	O
désavantage	O
vers	O
la	O
quatorzième	O
heure	O
,	O
les	B-MISC
Peuples	I-MISC
perdant	O
alors	O
quatre	O
mille	O
individus	O
et	O
les	B-MISC
Xipéhuz	I-MISC
cinq	O
cents	O
.	O

C	O
'	O
est	O
alors	O
que	O
je	O
lançai	O
le	O
troisième	O
corps	O
:	O
la	O
bataille	O
atteignit	O
sa	O
plus	O
grande	O
intensité	O
,	O
l	O
'	O
enthousiasme	O
des	O
guerriers	O
grandissant	O
de	O
minute	O
en	O
minute	O
,	O
jusqu	O
'	O
à	O
l	O
'	O
heure	O
où	O
le	O
soleil	O
fut	O
prêt	O
à	O
tomber	O
dans	O
l	B-LOC
'	I-LOC
Occident	I-LOC
.	O

Vers	O
ce	O
moment	O
,	O
les	B-PER
Xipéhuz	I-PER
reprirent	O
l	O
'	O
offensive	O
au	O
nord	O
de	O
Kzour	B-LOC
;	O
un	O
recul	O
des	B-MISC
Dzoums	I-MISC
et	O
des	B-MISC
Pjarvanns	I-MISC
me	O
ﬁt	O
concevoir	O
de	O
l	O
'	O
inquiétude	O
.	O

Jugeant	O
,	O
en	O
outre	O
,	O
que	O
la	O
nuit	O
serait	O
plus	O
favorable	O
à	O
l	O
'	O
ennemi	O
qu	O
'	O
aux	O
nôtres	O
,	O
je	O
ﬁs	O
sonner	O
la	O
ﬁn	O
de	O
la	O
bataille	O
.	O

Le	O
retour	O
des	O
troupes	O
se	O
ﬁt	O
avec	O
calme	O
,	O
victorieusement	O
;	O
une	O
grande	O
partie	O
de	O
la	O
nuit	O
se	O
passa	O
à	O
célébrer	O
nos	O
succès	O
.	O

Ils	O
étaient	O
considérables	O
:	O
huit	O
cents	O
Xipéhuz	B-PER
avaient	O
succombé	O
,	O
leur	O
sphère	O
d	O
'	O
action	O
était	O
réduite	O
aux	O
deux	O
tiers	O
de	O
Kzour	B-PER
.	O

Il	O
est	O
vrai	O
que	O
nous	O
avions	O
laissé	O
sept	O
mille	O
des	O
nôtres	O
dans	O
la	O
forêt	O
;	O
mais	O
ces	O
pertes	O
étaient	O
bien	O
inférieures	O
,	O
proportionnellement	O
au	O
résultat	O
,	O
à	O
celles	O
de	O
la	O
première	O
bataille	O
.	O

Aussi	O
,	O
rempli	O
d	O
'	O
espoir	O
,	O
osai	O
-	O
je	O
alors	O
concevoir	O
le	O
plan	O
d	O
'	O
une	O
attaque	O
plus	O
décisive	O
contre	O
les	O
deux	O
mille	O
six	O
cents	O
Xipéhuz	B-PER
encore	O
existants	O
.	O

=6	O
.	O

L	B-PER
?	I-PER

extermination	O

L	O
'	O
an	O
du	O
monde	O
22	O
649	O
,	O
le	O
quinzième	O
jour	O
de	O
la	O
huitième	O
lune	O
.	O

Quand	O
l	O
'	O
astre	O
rouge	O
s	O
'	O
est	O
posé	O
sur	O
les	O
collines	O
orientales	O
,	O
les	O
peuples	O
étaient	O
rangés	O
en	O
bataille	O
devant	O
Kzour	B-PER
.	O

L	O
'	O
âme	O
grandie	O
d	O
'	O
espérance	O
,	O
j	O
'	O
ai	O
ﬁni	O
de	O
parler	O
aux	O
chefs	O
,	O
des	O
cors	O
ont	O
sonné	O
,	O
les	O
lourds	O
marteaux	O
ont	O
retenti	O
sur	O
l	O
'	O
airain	O
,	O
et	O
la	O
première	O
armée	O
a	O
marché	O
contre	O
la	O
forêt	O
.	O

Or	O
,	O
les	O
barrières	O
étaient	O
plus	O
fortes	O
,	O
un	O
peu	O
plus	O
grandes	O
,	O
et	O
renfermaient	O
douze	O
hommes	O
au	O
lieu	O
de	O
six	O
,	O
sauf	O
un	O
tiers	O
environ	O
qui	O
étaient	O
construites	O
d	O
'	O
après	O
l	O
'	O
idée	O
ancienne	O
.	O

Ainsi	O
,	O
elles	O
devenaient	O
plus	O
difﬁciles	O
à	O
brûler	O
comme	O
à	O
renverser	O
.	O

Les	O
premiers	O
moments	O
du	O
combat	O
ont	O
été	O
heureux	O
;	O
après	O
la	O
troisième	O
heure	O
,	O
quatre	O
cents	O
Xipéhuz	B-PER
étaient	O
exterminés	O
,	O
et	O
deux	O
mille	O
des	O
nôtres	O
seulement	O
.	O

Encouragé	O
par	O
ces	O
bonnes	O
nouvelles	O
,	O
je	O
lançai	O
le	O
deuxième	O
corps	O
.	O

L	O
'	O
acharnement	O
de	O
part	O
et	O
d	O
'	O
autre	O
devint	O
alors	O
épouvantable	O
,	O
nos	O
combattants	O
s	O
'	O
accoutumant	O
au	O
triomphe	O
,	O
les	O
antagonistes	O
déployant	O
l	O
'	O
opiniâtreté	O
d	O
'	O
un	O
noble	O
Règne	O
.	O

De	O
la	O
quatrième	O
à	O
la	O
huitième	O
heure	O
,	O
nous	O
ne	O
sacriﬁâmes	O
pas	O
moins	O
de	O
dix	O
mille	O
vies	O
;	O
mais	O
les	B-PER
Xipéhuz	I-PER
les	O
payèrent	O
de	O
mille	O
des	O
leurs	O
,	O
si	O
bien	O
que	O
mille	O
seulement	O
restaient	O
dans	O
les	O
profondeurs	B-LOC
de	I-LOC
Kzour	I-LOC
.	O

De	O
ce	O
moment	O
,	O
je	O
compris	O
que	O
l	B-PER
'	I-PER
Homme	I-PER
aurait	O
la	O
possession	O
du	O
monde	O
;	O
mes	O
dernières	O
inquiétudes	O
s	O
'	O
apaisèrent	O
.	O

Pourtant	O
,	O
à	O
la	O
neuvième	O
heure	O
,	O
il	O
y	O
eut	O
une	O
grande	O
ombre	O
sur	O
notre	O
victoire	O
.	O

À	O
ce	O
moment	O
,	O
les	B-PER
Xipéhuz	I-PER
ne	O
se	O
montraient	O
plus	O
que	O
par	O
masses	O
énormes	O
dans	O
les	O
clairières	O
,	O
dérobant	O
leurs	O
étoiles	O
,	O
et	O
il	O
devenait	O
presque	O
impossible	O
de	O
les	O
renverser	O
.	O

Animés	O
par	O
la	O
bataille	O
,	O
beaucoup	O
des	O
nôtres	O
se	O
ruaient	O
sur	O
ces	O
masses	O
.	O

Alors	O
,	O
d	O
'	O
une	O
évolution	O
rapide	O
,	O
un	O
gros	O
de	O
Xipéhuz	B-LOC
se	O
détachait	O
,	O
renversant	O
et	O
massacrant	O
les	O
téméraires	O
.	O

Un	O
millier	O
périt	O
ainsi	O
,	O
sans	O
perte	O
sensible	O
pour	O
l	O
'	O
ennemi	O
;	O
ce	O
que	O
voyant	O
,	O
des	B-PER
Pjarvanns	I-PER
crièrent	O
que	O
tout	O
était	O
ﬁni	O
;	O
une	O
panique	O
prévalut	O
qui	O
mit	O
plus	O
de	O
dix	O
mille	O
hommes	O
en	O
fuite	O
,	O
un	O
grand	O
nombre	O
ayant	O
même	O
l	O
'	O
imprudence	O
d	O
'	O
abandonner	O
les	O
barrières	O
pour	O
aller	O
plus	O
rapidement	O
.	O

Il	O
leur	O
en	O
coûta	O
.	O

Une	O
centaine	O
de	B-PER
Xipéhuz	B-PER
,	O
mis	O
à	O
leur	O
poursuite	O
,	O
abattit	O
plus	O
de	O
deux	O
mille	O
Pjarvanns	B-PER
et	O
Zahelals	B-PER
:	O
l	O
'	O
épouvante	O
commença	O
de	O
se	O
répandre	O
sur	O
toutes	O
nos	O
lignes	O
.	O

Quand	O
les	O
coureurs	O
m	O
'	O
apportèrent	O
cette	O
funeste	O
nouvelle	O
,	O
je	O
compris	O
que	O
la	O
journée	O
serait	O
perdue	O
si	O
je	O
ne	O
réussissais	O
,	O
par	O
quelque	O
rapide	O
manoeuvre	O
,	O
à	O
reprendre	O
les	O
positions	O
perdues	O
.	O

Immédiatement	O
,	O
je	O
ﬁs	O
donner	O
aux	O
chefs	O
de	O
la	O
troisième	O
armée	O
l	O
'	O
ordre	O
de	O
l	O
'	O
attaque	O
,	O
et	O
j	O
'	O
annonçais	O
que	O
j	O
'	O
en	O
prendrais	O
le	O
commandement	O
.	O

Puis	O
,	O
je	O
portai	O
rapidement	O
ces	O
réserves	O
dans	O
la	O
direction	O
d	O
'	O
où	O
venaient	O
les	O
fuyards	O
.	O

Nous	O
nous	O
trouvâmes	O
bientôt	O
face	O
à	O
face	O
avec	O
les	B-PER
Xipéhuz	I-PER
poursuivants	O
.	O

Entraînés	O
par	O
l	O
'	O
ardeur	O
de	O
leur	O
tuerie	O
,	O
ceux	O
-	O
ci	O
ne	O
se	O
reformèrent	O
pas	O
assez	O
vite	O
,	O
et	O
,	O
en	O
peu	O
d	O
'	O
instants	O
,	O
je	O
les	O
eus	O
fait	O
envelopper	O
:	O
très	O
peu	O
échappèrent	O
;	O
l	O
'	O
acclamation	O
immense	O
de	O
notre	O
victoire	O
alla	O
rendre	O
courage	O
aux	O
nôtres	O
.	O

Dès	O
lors	O
,	O
je	O
n	O
'	O
eus	O
pas	O
de	O
peine	O
à	O
reformer	O
l	O
'	O
attaque	O
;	O
notre	O
manoeuvre	O
se	O
borna	O
constamment	O
à	O
détacher	O
des	O
segments	O
des	O
groupes	O
ennemis	O
,	O
puis	O
à	O
envelopper	O
ces	O
segments	O
et	O
à	O
les	O
anéantir	O
.	O

Bientôt	O
,	O
concevant	O
combien	O
cette	O
tactique	O
leur	O
était	O
défavorable	O
,	O
les	B-PER
Xipéhuz	I-PER
recommencèrent	O
contre	O
nous	O
la	O
lutte	O
en	O
petits	O
corps	O
,	O
et	O
le	O
massacre	O
des	B-PER
deux	I-PER
Règnes	I-PER
,	O
dont	O
l	O
'	O
un	O
ne	O
pouvait	O
exister	O
que	O
par	O
l	O
'	O
anéantissement	O
de	O
l	O
'	O
autre	O
,	O
redoubla	O
effroyablement	O
.	O

Mais	O
tout	O
doute	O
sur	O
l	O
'	O
issue	O
ﬁnale	O
disparaissait	O
des	O
âmes	O
les	O
plus	O
pusillanimes	O
.	O

Vers	O
la	O
quatorzième	O
heure	O
,	O
c	O
'	O
est	O
à	O
peine	O
s	O
'	O
il	O
restait	O
cinq	O
cents	O
Xipé	B-PER
-	O
huz	O
contre	O
plus	O
de	O
cent	O
mille	O
hommes	O
,	O
et	O
ce	O
petit	O
nombre	O
d	O
'	O
antagonistes	O
était	O
de	O
plus	O
en	O
forêt	O
enfermé	O
dans	O
des	O
frontières	O
étroites	O
,	O
un	O
sixième	O
environ	O
de	O
la	B-LOC
forêt	I-LOC
de	I-LOC
Kzour	I-LOC
,	O
ce	O
qui	O
facilitait	O
extrêmement	O
nos	O
manoeuvres	O
.	O

Cependant	O
,	O
le	O
crépuscule	O
ruisselait	O
en	O
rouge	O
lumière	O
à	O
travers	O
les	O
arbres	O
,	O
et	O
craignant	O
les	O
embûches	O
de	O
l	O
'	O
ombre	O
,	O
je	O
ﬁs	O
interrompre	O
le	O
combat	O
.	O

L	O
'	O
immensité	O
de	O
la	O
victoire	O
dilatait	O
toutes	O
les	O
âmes	O
;	O
les	O
chefs	O
parlèrent	O
de	O
m	O
'	O
offrir	O
la	O
souveraineté	O
des	O
peuples	O
.	O

Je	O
leur	O
conseillai	O
de	O
ne	O
jamais	O
conﬁer	O
les	O
destinées	O
de	O
tant	O
d	O
'	O
hommes	O
à	O
une	O
pauvre	O
créature	O
faillible	O
,	O
mais	O
d	O
'	O
adorer	O
l	B-PER
'	I-PER
Unique	I-PER
,	O
et	O
de	O
prendre	O
pour	O
chef	O
terrestre	O
la	B-PER
Sagesse	I-PER
.	O

VIII	O
.	O

Dernière	O
période	O
du	O
livre	O
de	O
Bakhoûn	B-PER

La	B-LOC
Terre	I-LOC
appartient	O
aux	O
Hommes	B-MISC
.	O

Deux	O
jours	O
de	O
combat	O
ont	O
anéanti	O
les	B-PER
Xipé	I-PER
-	I-PER
huz	I-PER
;	O
tout	O
le	O
domaine	O
occupé	O
par	O
les	O
deux	O
cents	O
derniers	O
a	O
été	O
rasé	O
,	O
chaque	O
arbre	O
,	O
chaque	O
plante	O
,	O
chaque	O
brin	O
d	O
'	O
herbe	O
a	O
été	O
abattu	O
.	O

Et	O
j	O
'	O
ai	O
achevé	O
,	O
pour	O
la	O
connaissance	O
des	O
peuples	O
futurs	O
,	O
aidé	O
par	O
Loûm	B-PER
,	O
Azah	B-PER
et	O
Simhô	B-PER
,	O
mes	O
ﬁls	O
,	O
d	O
'	O
inscrire	O
leur	O
histoire	O
sur	O
des	O
tables	O
de	O
granit	O
.	O

Et	O
me	O
voici	O
seul	O
,	O
au	O
bord	O
de	O
Kzour	B-LOC
,	O
dans	O
la	O
nuit	O
pâle	O
.	O

Une	O
demi	O
-	O
lune	O
de	O
cuivre	O
se	O
tient	O
sur	O
le	B-LOC
Couchant	I-LOC
.	O

Les	O
lions	O
rugissent	O
aux	O
étoiles	O
.	O

Le	O
ﬂeuve	O
erre	O
lentement	O
parmi	O
les	O
saules	O
;	O
sa	O
voix	O
éternelle	O
raconte	O
le	O
temps	O
qui	O
passe	O
,	O
la	O
mélancolie	O
des	O
choses	O
périssables	O
.	O

Et	O
j	O
'	O
ai	O
enterré	O
mon	O
front	O
dans	O
mes	O
mains	O
,	O
et	O
une	O
plainte	O
est	O
montée	O
de	O
mon	O
coeur	O
.	O

Car	O
,	O
maintenant	O
que	O
les	B-LOC
Xipéhuz	I-LOC
ont	O
succombé	O
,	O
mon	O
âme	O
les	O
regrette	O
,	O
et	O
je	O
demande	O
à	O
l	O
'	O
Unique	O
quelle	O
Fatalité	O
a	O
voulu	O
que	O
la	O
splendeur	O
de	O
la	O
Vie	O
soit	O
souillée	O
par	O
les	O
Ténèbres	O
du	O
Meurtre	O
!	O
